槽序号,原始列标签,自然区间,是否首槽,是否末槽,审计项,结果,判定,方案,价格整体平移槽数,重放费用_元,相对原映射_元
1.0,00:10:00,0:00-0:10,True,False,,,,,,,
2.0,00:20:00,0:10-0:20,False,False,,,,,,,
3.0,00:30:00,0:20-0:30,False,False,,,,,,,
4.0,00:40:00,0:30-0:40,False,False,,,,,,,
5.0,00:50:00,0:40-0:50,False,False,,,,,,,
6.0,01:00:00,0:50-1:00,False,False,,,,,,,
7.0,01:10:00,1:00-1:10,False,False,,,,,,,
8.0,01:20:00,1:10-1:20,False,False,,,,,,,
9.0,01:30:00,1:20-1:30,False,False,,,,,,,
10.0,01:40:00,1:30-1:40,False,False,,,,,,,
11.0,01:50:00,1:40-1:50,False,False,,,,,,,
12.0,02:00:00,1:50-2:00,False,False,,,,,,,
13.0,02:10:00,2:00-2:10,False,False,,,,,,,
14.0,02:20:00,2:10-2:20,False,False,,,,,,,
15.0,02:30:00,2:20-2:30,False,False,,,,,,,
16.0,02:40:00,2:30-2:40,False,False,,,,,,,
17.0,02:50:00,2:40-2:50,False,False,,,,,,,
18.0,03:00:00,2:50-3:00,False,False,,,,,,,
19.0,03:10:00,3:00-3:10,False,False,,,,,,,
20.0,03:20:00,3:10-3:20,False,False,,,,,,,
21.0,03:30:00,3:20-3:30,False,False,,,,,,,
22.0,03:40:00,3:30-3:40,False,False,,,,,,,
23.0,03:50:00,3:40-3:50,False,False,,,,,,,
24.0,04:00:00,3:50-4:00,False,False,,,,,,,
25.0,04:10:00,4:00-4:10,False,False,,,,,,,
26.0,04:20:00,4:10-4:20,False,False,,,,,,,
27.0,04:30:00,4:20-4:30,False,False,,,,,,,
28.0,04:40:00,4:30-4:40,False,False,,,,,,,
29.0,04:50:00,4:40-4:50,False,False,,,,,,,
30.0,05:00:00,4:50-5:00,False,False,,,,,,,
31.0,05:10:00,5:00-5:10,False,False,,,,,,,
32.0,05:20:00,5:10-5:20,False,False,,,,,,,
33.0,05:30:00,5:20-5:30,False,False,,,,,,,
34.0,05:40:00,5:30-5:40,False,False,,,,,,,
35.0,05:50:00,5:40-5:50,False,False,,,,,,,
36.0,06:00:00,5:50-6:00,False,False,,,,,,,
37.0,06:10:00,6:00-6:10,False,False,,,,,,,
38.0,06:20:00,6:10-6:20,False,False,,,,,,,
39.0,06:30:00,6:20-6:30,False,False,,,,,,,
40.0,06:40:00,6:30-6:40,False,False,,,,,,,
41.0,06:50:00,6:40-6:50,False,False,,,,,,,
42.0,07:00:00,6:50-7:00,False,False,,,,,,,
43.0,07:10:00,7:00-7:10,False,False,,,,,,,
44.0,07:20:00,7:10-7:20,False,False,,,,,,,
45.0,07:30:00,7:20-7:30,False,False,,,,,,,
46.0,07:40:00,7:30-7:40,False,False,,,,,,,
47.0,07:50:00,7:40-7:50,False,False,,,,,,,
48.0,08:00:00,7:50-8:00,False,False,,,,,,,
49.0,08:10:00,8:00-8:10,False,False,,,,,,,
50.0,08:20:00,8:10-8:20,False,False,,,,,,,
51.0,08:30:00,8:20-8:30,False,False,,,,,,,
52.0,08:40:00,8:30-8:40,False,False,,,,,,,
53.0,08:50:00,8:40-8:50,False,False,,,,,,,
54.0,09:00:00,8:50-9:00,False,False,,,,,,,
55.0,09:10:00,9:00-9:10,False,False,,,,,,,
56.0,09:20:00,9:10-9:20,False,False,,,,,,,
57.0,09:30:00,9:20-9:30,False,False,,,,,,,
58.0,09:40:00,9:30-9:40,False,False,,,,,,,
59.0,09:50:00,9:40-9:50,False,False,,,,,,,
60.0,10:00:00,9:50-10:00,False,False,,,,,,,
61.0,10:10:00,10:00-10:10,False,False,,,,,,,
62.0,10:20:00,10:10-10:20,False,False,,,,,,,
63.0,10:30:00,10:20-10:30,False,False,,,,,,,
64.0,10:40:00,10:30-10:40,False,False,,,,,,,
65.0,10:50:00,10:40-10:50,False,False,,,,,,,
66.0,11:00:00,10:50-11:00,False,False,,,,,,,
67.0,11:10:00,11:00-11:10,False,False,,,,,,,
68.0,11:20:00,11:10-11:20,False,False,,,,,,,
69.0,11:30:00,11:20-11:30,False,False,,,,,,,
70.0,11:40:00,11:30-11:40,False,False,,,,,,,
71.0,11:50:00,11:40-11:50,False,False,,,,,,,
72.0,12:00:00,11:50-12:00,False,False,,,,,,,
73.0,12:10:00,12:00-12:10,False,False,,,,,,,
74.0,12:20:00,12:10-12:20,False,False,,,,,,,
75.0,12:30:00,12:20-12:30,False,False,,,,,,,
76.0,12:40:00,12:30-12:40,False,False,,,,,,,
77.0,12:50:00,12:40-12:50,False,False,,,,,,,
78.0,13:00:00,12:50-13:00,False,False,,,,,,,
79.0,13:10:00,13:00-13:10,False,False,,,,,,,
80.0,13:20:00,13:10-13:20,False,False,,,,,,,
81.0,13:30:00,13:20-13:30,False,False,,,,,,,
82.0,13:40:00,13:30-13:40,False,False,,,,,,,
83.0,13:50:00,13:40-13:50,False,False,,,,,,,
84.0,14:00:00,13:50-14:00,False,False,,,,,,,
85.0,14:10:00,14:00-14:10,False,False,,,,,,,
86.0,14:20:00,14:10-14:20,False,False,,,,,,,
87.0,14:30:00,14:20-14:30,False,False,,,,,,,
88.0,14:40:00,14:30-14:40,False,False,,,,,,,
89.0,14:50:00,14:40-14:50,False,False,,,,,,,
90.0,15:00:00,14:50-15:00,False,False,,,,,,,
91.0,15:10:00,15:00-15:10,False,False,,,,,,,
92.0,15:20:00,15:10-15:20,False,False,,,,,,,
93.0,15:30:00,15:20-15:30,False,False,,,,,,,
94.0,15:40:00,15:30-15:40,False,False,,,,,,,
95.0,15:50:00,15:40-15:50,False,False,,,,,,,
96.0,16:00:00,15:50-16:00,False,False,,,,,,,
97.0,16:10:00,16:00-16:10,False,False,,,,,,,
98.0,16:20:00,16:10-16:20,False,False,,,,,,,
99.0,16:30:00,16:20-16:30,False,False,,,,,,,
100.0,16:40:00,16:30-16:40,False,False,,,,,,,
101.0,16:50:00,16:40-16:50,False,False,,,,,,,
102.0,17:00:00,16:50-17:00,False,False,,,,,,,
103.0,17:10:00,17:00-17:10,False,False,,,,,,,
104.0,17:20:00,17:10-17:20,False,False,,,,,,,
105.0,17:30:00,17:20-17:30,False,False,,,,,,,
106.0,17:40:00,17:30-17:40,False,False,,,,,,,
107.0,17:50:00,17:40-17:50,False,False,,,,,,,
108.0,18:00:00,17:50-18:00,False,False,,,,,,,
109.0,18:10:00,18:00-18:10,False,False,,,,,,,
110.0,18:20:00,18:10-18:20,False,False,,,,,,,
111.0,18:30:00,18:20-18:30,False,False,,,,,,,
112.0,18:40:00,18:30-18:40,False,False,,,,,,,
113.0,18:50:00,18:40-18:50,False,False,,,,,,,
114.0,19:00:00,18:50-19:00,False,False,,,,,,,
115.0,19:10:00,19:00-19:10,False,False,,,,,,,
116.0,19:20:00,19:10-19:20,False,False,,,,,,,
117.0,19:30:00,19:20-19:30,False,False,,,,,,,
118.0,19:40:00,19:30-19:40,False,False,,,,,,,
119.0,19:50:00,19:40-19:50,False,False,,,,,,,
120.0,20:00:00,19:50-20:00,False,False,,,,,,,
121.0,20:10:00,20:00-20:10,False,False,,,,,,,
122.0,20:20:00,20:10-20:20,False,False,,,,,,,
123.0,20:30:00,20:20-20:30,False,False,,,,,,,
124.0,20:40:00,20:30-20:40,False,False,,,,,,,
125.0,20:50:00,20:40-20:50,False,False,,,,,,,
126.0,21:00:00,20:50-21:00,False,False,,,,,,,
127.0,21:10:00,21:00-21:10,False,False,,,,,,,
128.0,21:20:00,21:10-21:20,False,False,,,,,,,
129.0,21:30:00,21:20-21:30,False,False,,,,,,,
130.0,21:40:00,21:30-21:40,False,False,,,,,,,
131.0,21:50:00,21:40-21:50,False,False,,,,,,,
132.0,22:00:00,21:50-22:00,False,False,,,,,,,
133.0,22:10:00,22:00-22:10,False,False,,,,,,,
134.0,22:20:00,22:10-22:20,False,False,,,,,,,
135.0,22:30:00,22:20-22:30,False,False,,,,,,,
136.0,22:40:00,22:30-22:40,False,False,,,,,,,
137.0,22:50:00,22:40-22:50,False,False,,,,,,,
138.0,23:00:00,22:50-23:00,False,False,,,,,,,
139.0,23:10:00,23:00-23:10,False,False,,,,,,,
140.0,23:20:00,23:10-23:20,False,False,,,,,,,
141.0,23:30:00,23:20-23:30,False,False,,,,,,,
142.0,23:40:00,23:30-23:40,False,False,,,,,,,
143.0,23:50:00,23:40-23:50,False,False,,,,,,,
144.0,0:00+1,23:50-0:00+1,False,True,,,,,,,
,,,,,附件2首列,00:10:00,第1槽按0:00-0:10解释,,,,
,,,,,附件2末列,0:00+1,第144槽按23:50-24:00解释,,,,
,,,,,官方发布槽,"0,36,72,108",对应0/6/12/18时刻,,,,
,,,,,重点槽,"60,72,84,96,108,120",对应10:00至20:00起始槽,,,,
,,,,,跨午夜应急合并,不跨午夜,连续区间按自然日截断,,,,
,,,,,,,,Q2,-1.0,14885170.683578065,99069.33012057468
,,,,,,,,Q2,0.0,14786101.35345749,0.0
,,,,,,,,Q2,1.0,15046409.21440152,260307.8609440308
,,,,,,,,Q3,-1.0,14745749.767634919,81404.36817884259
,,,,,,,,Q3,0.0,14664345.399456076,0.0
,,,,,,,,Q3,1.0,14920001.798362412,255656.39890633523
