cash_total,contract_kwh,charge_kwh,discharge_kwh,unused_contract_kwh,emergency_kwh,emergency_slots,S_min,S_max,S_end,方案,预测器,W,alpha,H
14786101.353457492,22382650.65499936,7112133.945271054,5760889.777650556,1596110.9422015036,245483.2930631757,6822,1200.0,10800.0,10731.908909999998,主配置 F1-W35-a0.805-H49,F1,35,0.805,49
14820043.33927402,22121216.774936065,7088489.44539288,5741740.415968733,1434789.5076591452,289390.7044968469,7785,1200.0,10800.0,10728.927555,分位 a=0.800,F1,35,0.8,49
14786818.423652137,22383624.75088721,7112089.799606251,5760854.019662064,1596986.7045799564,245477.8510631757,6822,1200.0,10800.0,10731.908909999998,分位 a=0.810,F1,35,0.81,49
14786354.187144034,22382650.65499936,7112195.777930138,5760939.862104412,1596137.6759884085,245523.9187057472,6822,1200.0,10800.0,10731.908909999998,时域 H=48,F1,35,0.805,48
14786319.496594366,22382650.65499936,7112080.202499186,5760846.246005341,1596156.8434127471,245518.4343100805,6823,1200.0,10800.0,10731.908909999998,时域 H=50,F1,35,0.805,50
14837364.771025296,22441307.328662235,7111503.436319321,5760379.0653996505,1644393.8029153957,247334.5879051605,6838,1200.0,10800.0,10731.908909999998,窗口 W=30,F1,30,0.805,49
14815783.487220263,22310747.498392105,7103022.545977281,5753511.0286420975,1552826.5227550208,260994.56115604297,7005,1200.0,10800.0,10730.259555,窗口 W=45,F1,45,0.805,49
14788842.577110931,22352957.23741948,7116835.669079091,5764671.769474064,1585596.4948896668,249032.37704290616,7417,1200.0,10800.0,10761.247199999998,预测器 F2,F2,35,0.805,49
17345539.62800729,24791627.84610632,6728408.914162049,5450098.866662502,3664839.288334678,403927.40889200487,8801,1200.0,10800.0,10702.615343063908,预测器 F0,F0,35,0.805,49
