日期,月份,现金费_元,计划购电量_kWh,最终合同量_kWh,调整量_kWh,应急购电量_kWh,充电量_kWh,放电量_kWh,弃购量_kWh,日末储电量_kWh
2025-02-01,2025-02,22688.745283289307,52213.64771031196,50239.7333961817,-1973.9143141302643,0.0,19003.61783267858,15392.930444469652,8563.820919351592,10800.0
2025-02-02,2025-02,69116.10609411857,98584.34499763633,96830.57138794135,-1753.7736096949711,2.9069367521366303,23918.694228544413,19374.14232512098,11648.864400686112,10800.0
2025-02-03,2025-02,70583.9168169034,100491.81839910398,96340.56181664857,-4151.256582455419,8.087363703703772,24001.452133413128,19441.176228064636,9548.800449902114,10800.0
2025-02-04,2025-02,74275.33877156337,103410.06964457425,100089.47866693707,-3320.5909776371805,0.0,24026.107304673067,19487.473520821655,12046.782385015664,10770.748217737255
2025-02-05,2025-02,70503.99508768282,95689.64200412476,96588.71669647201,899.0746923472414,14.54219317421592,23236.922938000218,18795.580975743705,9717.36663222897,10800.0
2025-02-06,2025-02,70187.8786147108,100820.94688328131,94921.07185270236,-5899.875030578962,14.005870944095022,23905.37298613123,19363.3521187663,8287.389121677805,10800.0
2025-02-07,2025-02,20511.07396783155,48875.97773162395,46042.345325797396,-2833.632405826549,57.642660156048805,20295.79598883353,16439.594750955162,5710.008257231304,10800.0
2025-02-08,2025-02,18151.965425011367,39911.64971932965,40747.08068213005,835.4309628004039,164.12565573995732,20175.806327723032,16347.9284254234,3456.6024994489944,10793.860777813614
2025-02-09,2025-02,64794.46671987066,91069.71935537175,90674.71320015508,-395.0061552166625,81.46015191957324,23134.466791492057,18733.392801140817,5603.444018011739,10800.0
2025-02-10,2025-02,59669.67844235124,87682.86062835081,84656.02487258743,-3026.8357557633713,104.43077878604768,22429.541531153674,18202.845735027782,5069.632093357264,10761.203228007444
2025-02-11,2025-02,60772.6815347522,87587.50995316051,83613.67266986027,-3973.837283300226,405.89327433299616,22255.827108951395,17992.302863457335,3980.6146527692613,10800.0
2025-02-12,2025-02,60305.13421239638,87915.39179257455,83890.42444483169,-4024.9673477428605,279.6523232441119,21981.16629947772,17804.744702576958,4184.843581766674,10800.0
2025-02-13,2025-02,56888.03090128519,83032.93450718415,81499.9940825478,-1532.940424636353,190.53918335685486,21890.77923712689,17731.531182072784,5272.719750658646,10800.0
2025-02-14,2025-02,18421.65642338539,39493.55531757399,40327.44990725695,833.8945896829584,300.7557268959097,19433.903544247187,15741.461870840218,3581.609750222882,10800.0
2025-02-15,2025-02,19514.924750697195,40025.994719531416,40572.752246175936,546.7575266445208,305.60905106793643,19026.741040963367,15439.540339080324,2856.544233896373,10769.022115666667
2025-02-16,2025-02,61194.103450476476,88500.84269540236,83012.83624175555,-5488.006453646831,500.4552880832605,21773.288156743973,17608.48331106262,3432.3627584958135,10800.0
2025-02-17,2025-02,58497.28523213727,88322.89136760836,80526.76314343454,-7796.128224173831,309.33379652198494,21687.47936272451,17566.858283806854,4048.435410780635,10800.0
2025-02-18,2025-02,57818.38242828173,79185.75439817164,82063.45436386445,2877.6999656928083,189.0850116594046,19478.653243314777,15777.70912708497,4632.093535031269,10800.0
2025-02-19,2025-02,57210.01993997593,79424.1937565615,81267.07769415596,1842.8839375944722,311.7602018278765,21043.19451378344,17068.50332502389,4196.492522348994,10773.871367934114
2025-02-20,2025-02,56318.195453327986,82416.42921629037,80516.77696490096,-1899.6522513894158,301.34257880014945,21074.743444649423,17049.523906764567,4702.421674302917,10797.225016157965
2025-02-21,2025-02,16827.207202869824,38382.851121928135,38552.830583137125,169.9794612089886,100.2763924775968,20067.74110727232,16252.372811432748,3035.70176034983,10800.0
2025-02-22,2025-02,17652.11579622587,38802.812308305496,38652.01858576389,-150.79372254160208,200.8623857936644,20165.230147094353,16333.836419146428,3396.468840702629,10800.0
2025-02-23,2025-02,57088.146966985114,82069.88417439145,80738.5685138602,-1331.3156605312593,418.6252471708133,22369.291444604176,18119.126070129387,4252.405684055974,10800.0
2025-02-24,2025-02,55842.28939239242,78361.1662369034,79709.00564736227,1347.8394104588665,260.62045199555996,20327.88802032307,16465.589296461687,5928.041395659355,10800.0
2025-02-25,2025-02,52321.616099214996,81263.3929392659,76159.1225762656,-5104.270363000307,251.96234746755854,20898.288754714024,16927.613891318364,5100.159238041519,10800.0
2025-02-26,2025-02,55337.77800961178,74701.60502822262,78695.84689606115,3994.241867838523,182.81514865944615,18946.158613209547,15346.388476699734,5377.074686880513,10800.0
2025-02-27,2025-02,52733.19311672969,75272.18174216866,76935.9570511108,1663.775308942164,344.0962833596339,20777.382857903223,16829.680114901617,5418.670254918515,10800.0
2025-02-28,2025-02,15883.938219547239,37416.75568751272,37387.90866889981,-28.84701861291282,164.64667911719994,20694.981730083164,16762.93520136737,3226.840319487049,10800.0
2025-03-01,2025-03,17180.543861792714,40602.055624839275,40561.54408606655,-40.51153877272634,79.32991005886709,17824.352906400727,14437.725854184586,4377.146316282178,10800.0
2025-03-02,2025-03,60209.77101875354,84280.096840669,86409.44191596252,2129.345075293518,117.7724869905706,21794.93413887517,17653.89665248889,8209.732783418665,10800.0
2025-03-03,2025-03,57621.88081227485,86244.44828810242,83793.00265051141,-2451.44563759102,33.74643423786989,22756.116776658102,18432.454589093068,6045.235556228636,10800.0
2025-03-04,2025-03,56596.37464112917,77410.24478986446,80916.55757560936,3506.3127857449085,199.1682662965268,19613.94815237969,15890.904039826768,6368.736305435341,10795.993292889762
2025-03-05,2025-03,52057.98810139831,81332.58193167063,78436.74883918156,-2895.8330924890774,161.4159452445727,22380.753646434387,18124.80441721264,5831.2930391892605,10800.0
2025-03-06,2025-03,52032.05539135676,76239.30791799356,78196.89357935762,1957.5856613640672,69.05317271972689,21272.206706173733,17230.487432000722,6019.310442796464,10800.0
2025-03-07,2025-03,15694.095493420205,37963.616883127055,38049.46948278658,85.85259965952866,11.429108346499842,19130.52937821847,15519.233832696798,3917.1382386942687,10773.88329295574
2025-03-08,2025-03,16362.018970505529,35185.514848633626,36317.356194685475,1131.8413460518525,33.74367314176021,19070.8181971912,15423.857703385036,3179.501575307654,10800.0
2025-03-09,2025-03,47934.00957162385,77868.62732782541,73579.25289313801,-4289.374434687397,49.18836350652215,22191.561842315798,17975.165092275798,4543.482997088311,10800.0
2025-03-10,2025-03,53549.451991589034,74925.77149759192,77857.55516185403,2931.7836642621123,170.7266256103141,20184.165380540064,16349.173958237454,5139.415058070215,10800.0
2025-03-11,2025-03,52247.290613894744,66351.55838578545,73208.39524370458,6856.836857919132,138.45321316842058,14758.387412565855,11954.293804178344,5452.019353755344,10800.0
2025-03-12,2025-03,47326.12234158673,76201.31022844565,72407.75856215623,-3793.551666289436,119.46075777615863,21449.643340397844,17377.99334117226,4448.596881563291,10795.797516166667
2025-03-13,2025-03,52720.531194973155,75956.98805234957,77820.76260290082,1863.7745505512623,259.3149133020852,20546.033000142037,16638.504494665052,5881.734612292863,10800.0
2025-03-14,2025-03,15213.525146029093,34327.044176502415,35244.44823921917,917.4040627167567,92.94067049885483,19619.47328500358,15891.773360852902,3377.1015694392463,10800.0
2025-03-15,2025-03,15162.7550212668,34594.4278066236,35087.257454205435,492.82964758183476,70.3092538713907,20025.84420324801,16220.93380463089,2743.326445051567,10800.0
2025-03-16,2025-03,49448.318463580996,73143.76732779486,74347.67502242149,1203.907694626636,73.80653314401195,19436.652215382404,15743.688294459753,5779.53495591852,10800.0
2025-03-17,2025-03,45076.54788815172,69238.15672130807,67600.08710355332,-1638.0696177547495,126.92391241372115,19422.586922087998,15732.29540689128,5107.983505587937,10800.0
2025-03-18,2025-03,47220.65879473371,77294.67320910134,72082.12433074278,-5212.548878358537,113.56218718763562,22090.563447325625,17910.52436339092,5102.267014070747,10780.924476603157
2025-03-19,2025-03,47834.833723899384,64155.622947691416,69774.25595237184,5618.633004680435,40.611023698060556,16281.650998365361,13170.96933761878,5741.241671771131,10800.0
2025-03-20,2025-03,47480.44544574521,73197.8746203659,70851.6077525985,-2346.266867767398,385.39836619401063,21076.384105083445,17071.871125117592,4461.99730592726,10800.0
2025-03-21,2025-03,13315.693002279608,33469.67180769934,33300.93143443602,-168.74037326332336,72.247571514648,20161.79913004265,16338.011399020486,2427.9767922294,10792.273218126731
2025-03-22,2025-03,15444.472589745214,35178.64364933026,35764.776215125195,586.1325657949335,0.0,19106.136773090562,15469.016682517416,3984.771767211836,10800.0
2025-03-23,2025-03,45092.640220847905,74339.08801468826,71063.9801206939,-3275.1078939943536,114.63388178769117,21628.53454156578,17519.11297866828,5582.055107026927,10800.0
2025-03-24,2025-03,44279.34972119013,69732.58716652384,68936.19857508747,-796.3885914363768,33.53933009719188,20949.730375780928,17007.09419452388,5155.294175345008,10757.986010954077
2025-03-25,2025-03,45924.20423229463,76733.08955843332,69454.95829433005,-7278.131264103283,182.85914698192667,21249.41170092184,17180.897340617837,3590.305753257395,10792.570607763919
2025-03-26,2025-03,41563.05698868887,66028.10923898811,65752.34092919093,-275.7683097971799,37.82759733466787,20677.101871697552,16752.73950518975,4217.6522554754765,10787.80728652533
2025-03-27,2025-03,43287.645161517146,70345.74245432443,67660.85618304019,-2684.8862712842392,220.91893119380615,20896.865612435904,16915.487703945888,4219.5184618909925,10800.0
2025-03-28,2025-03,13713.203543753716,34204.98712101874,34218.04847076706,13.06134974832014,34.37478977951503,19347.39543586033,15671.390303046863,3394.441412637856,10800.0
2025-03-29,2025-03,13357.933933797405,32642.509019795,33199.003737920415,556.4947181254076,22.74650715968687,19849.83707442051,16078.368030280619,2392.534495153147,10800.0
2025-03-30,2025-03,41716.21828072547,69182.14127685083,63802.172681041135,-5379.968595809699,419.96295730518045,20697.1497634603,16764.691308402842,3738.5328543786177,10800.0
2025-03-31,2025-03,45229.120660111104,60006.57155135027,65508.333041588245,5501.761490237965,173.85754905601883,15053.401494092745,12195.52928821497,4142.074195338703,10797.47324666684
2025-04-01,2025-04,45617.91651337126,73764.98071272782,71230.84225506682,-2534.1384576609858,78.37697012094878,20377.64315577974,16503.616878181743,4475.510574996431,10800.0
2025-04-02,2025-04,45289.41326193342,69603.94311305377,70960.10963263895,1356.1665195851915,93.90519224456702,19453.74255473642,15767.071241511436,4757.801875356267,10789.400253138961
2025-04-03,2025-04,42881.92073093934,71050.04592267709,67243.22203591454,-3806.8238867625446,76.50297702213435,21483.93466607351,17413.800056721975,4755.5807048596835,10776.274722914037
2025-04-04,2025-04,12895.61606031608,32030.573245564105,32152.57406800425,122.00082244014541,131.44292471737745,20108.33197346254,16266.39614912729,2826.997236610766,10800.0
2025-04-05,2025-04,14464.256768645679,31780.22661692443,32791.730423193214,1011.503806268787,69.77997358655105,19557.755507318318,15844.271192866174,2516.680773184466,10797.234186735184
2025-04-06,2025-04,42020.61675515766,67484.06189141131,66093.77490580134,-1390.2869856099705,58.42795313951365,20645.22151723708,16720.1401970237,4869.324893026409,10800.0
2025-04-07,2025-04,40482.727961973134,58905.54464248204,62354.79690115496,3449.2522586729156,107.54725004003562,17184.6561283192,13919.571463938551,3876.9680865333053,10800.0
2025-04-08,2025-04,41608.47654144284,68575.57905139425,65504.63989407782,-3070.939157316425,223.9875662317246,20877.784206055858,16911.005206905247,4807.512324245695,10800.0
2025-04-09,2025-04,44763.6263650717,67099.61234940795,69719.215837862,2619.6034884540504,54.08196770658924,18161.468711678615,14731.182670203249,4918.047609820775,10777.341095840478
2025-04-10,2025-04,43357.46742865574,65100.24822190269,65230.77992805537,130.531706152683,230.8468018911725,17557.01524447378,14200.789334280194,5061.277544599134,10800.0
2025-04-11,2025-04,13070.499412808183,30555.392066440043,30746.594205529975,191.2021390899324,297.7955501992925,20363.76804302785,16501.446114545477,2301.2989326521183,10792.451111452312
2025-04-12,2025-04,12976.174777740083,32392.617411421183,31854.91564566089,-537.7017657602889,43.09373423228561,19822.274288484554,16049.248173979573,3113.9820890617525,10800.0
2025-04-13,2025-04,40035.3864679902,61762.00383731765,63595.80366760319,1833.7998302855385,75.15363379195573,19376.388765111682,15694.874899740464,4119.636460743242,10800.0
2025-04-14,2025-04,39168.44411113843,65007.42946948096,60402.81737720451,-4604.612092276449,291.40065502633826,20264.442521569392,16414.19844247121,2786.152580611887,10800.0
2025-04-15,2025-04,39270.313231214226,57055.88507948842,61084.23432468898,4028.349245200558,73.80148979665202,17103.267176779696,13853.646413191556,4256.639761743128,10800.0
2025-04-16,2025-04,41678.4990164677,63666.00440788957,65343.56129468155,1677.5568867919746,154.28161206504734,18591.903056178606,15062.166329900969,4599.932135955883,10796.972384004112
2025-04-17,2025-04,42745.29849883565,57523.03282400318,63266.65657472929,5743.623750726106,109.65225062623801,15209.268676886903,12319.98897484386,4675.426479857432,10796.437554486927
2025-04-18,2025-04,13208.428049298242,31140.144882702538,31575.16779427391,435.0229115713686,185.49580714569933,19850.060360103045,16075.342690721705,3347.4639608860725,10800.0
2025-04-19,2025-04,12809.721253873653,30299.285936361848,31096.90844752064,797.6225111587912,172.53995455784667,20011.542501399854,16216.435183422847,3213.9458871653596,10792.126936345594
2025-04-20,2025-04,40230.302563568395,58714.36080763931,61955.19669547955,3240.8358878402464,260.2507417072415,18142.040573774597,14695.0402946523,4829.49012104256,10792.14090312906
2025-04-21,2025-04,37874.1029818666,63145.50782974059,57840.04597909005,-5305.461850650545,483.65674900577517,18858.30198842185,15297.201301116973,3552.7376974777126,10767.722358134308
2025-04-22,2025-04,41210.73153214569,56538.06259453226,61416.92179617273,4878.859201640472,245.68928956666554,15337.479242281992,12408.728955687646,3955.9412994440345,10783.977058757384
2025-04-23,2025-04,42142.26658488344,55206.73358600655,61374.978456050754,6168.244870044196,242.5998547656169,15403.932059363651,12462.764320966207,4571.79745418048,10800.0
2025-04-24,2025-04,39489.10552715009,56034.797469960984,59023.00563692431,2988.2081669633267,181.34838991666186,17596.60946579369,14253.253667292887,4565.008820011546,10800.0
2025-04-25,2025-04,11192.642838530446,30066.023481570315,29522.304499512433,-543.7189820578799,73.6056841804393,20151.631145208434,16337.084460338112,2429.209808958955,10784.151963645245
2025-04-26,2025-04,12791.129745268008,30070.481925747383,30311.967237064044,241.48531131666448,161.23431236994145,20175.29467729538,16330.144789013615,2659.6505893222043,10797.311852084851
2025-04-27,2025-04,39846.69121406494,55285.9729523055,59920.70866124789,4634.735708942386,226.05119588260692,17539.622281027212,14204.674714508412,3626.8187313528906,10800.0
2025-04-28,2025-04,43913.429788628426,67916.80689199264,68713.94618008309,797.1392880904496,144.96746573377797,18822.77601631923,15246.448573218575,6640.608696234429,10800.0
2025-04-29,2025-04,36446.90484717615,57351.58547617138,58958.14184480328,1606.5563686318997,67.03956153206896,19013.118538250113,15400.62601598259,4334.451288762361,10800.0
2025-04-30,2025-04,35522.72589330832,54814.1649949336,57059.66626118025,2245.501266246657,99.68162007517583,18524.496453526684,15004.842127356618,3723.253825614157,10800.0
2025-05-01,2025-05,45604.43515454072,56986.84479087016,59453.037509240035,2466.1927183698813,1077.9184972381397,20264.627487183294,16640.551169565624,2610.4750513956487,10548.6634389476
2025-05-02,2025-05,17325.17083796564,32123.456710818526,31916.34006958254,-207.11664123598678,823.0225467858976,20404.603009859336,16399.41502388549,1442.265502899354,10691.233899059356
2025-05-03,2025-05,17508.723166166666,31162.747009719675,31199.880093058564,37.13308333888776,1006.841238285804,20334.600766945317,16373.137130379127,1425.519070844981,10800.0
2025-05-04,2025-05,43471.887734058124,61824.18327932025,56989.7656711331,-4834.4176081871465,1329.8242652292183,19025.380890173627,15534.655278621536,1653.6702246212776,10662.114713799003
2025-05-05,2025-05,44392.956516684484,63862.57776132076,63514.534753177184,-348.0430081435816,910.8944796868118,21076.246897733756,16988.108007415816,2981.3722707115007,10755.061357964025
2025-05-06,2025-05,46802.64593855955,55331.08465737838,60469.90971598271,5138.825058604333,1072.2665182200676,18486.677770324844,15112.44755435502,2392.52727349086,10601.462957528584
2025-05-07,2025-05,46776.4277959247,59383.57990150676,63572.698950841266,4189.119049334503,775.5673380932035,17535.176331223916,14108.981729157093,2835.5035294318864,10706.475289900003
2025-05-08,2025-05,45405.18248878362,69177.6597629724,67985.86237381509,-1191.7973891573042,234.7257096379331,19611.509541145962,15801.150489238233,5986.921647615475,10800.0
2025-05-09,2025-05,14998.891470805012,33943.825575174764,34388.443938715296,444.6183635405346,38.629702412993765,19909.532647945998,16126.721444836256,4062.731722020936,10800.0
2025-05-10,2025-05,15820.526622032123,33858.89958446615,34518.91422222574,660.0146377595959,62.21025278558786,19378.481187484886,15696.569761862756,4282.002496612198,10800.0
2025-05-11,2025-05,43155.29016647948,67367.93577206484,66534.93474908634,-833.0010229784953,183.693247407407,20167.89207684601,16335.992582245266,5416.457897378748,10800.0
2025-05-12,2025-05,44284.11947992747,59301.13130585045,64835.04536884741,5533.914062996947,35.27467499999994,14418.18459755926,11678.729524023,5993.139967475976,10800.0
2025-05-13,2025-05,43677.39444868412,69796.36629626181,65810.55976248137,-3985.806533780455,60.802708336113426,18993.18962146801,15384.483593389088,6983.702116344199,10800.0
2025-05-14,2025-05,42987.189427701924,67511.29062071638,66021.70487080028,-1489.5857499160752,12.358281909257055,17501.337834030466,14176.083645564679,6633.523342987552,10800.0
2025-05-15,2025-05,44623.6209502417,65337.563318254506,65147.843858136795,-189.71946011770842,152.29612752190678,16763.754275312596,13578.640963003207,6368.362957203028,10800.0
2025-05-16,2025-05,14468.556699184068,33276.72780574908,32606.24671995663,-670.4810857924517,65.70959416448702,20151.968396273336,16383.793175227871,4401.957206498584,10732.556917503924
2025-05-17,2025-05,15176.911584275678,33766.13331102066,33688.48227392728,-77.65103709337365,75.72569905469973,20579.15755909173,16608.41884861784,3768.616949544285,10800.0
2025-05-18,2025-05,42629.35037396521,70700.81581455356,67695.73775305491,-3005.078061498635,45.34623537037032,20046.256513653305,16237.467776059182,6839.221505899204,10800.0
2025-05-19,2025-05,39569.77797866255,63364.42931426371,61525.58136173593,-1838.8479525277726,138.03698916666667,19354.989514314635,15677.541506594858,5948.575107852308,10800.0
2025-05-20,2025-05,42947.49207423742,62850.19971700964,66064.34844330129,3214.1487262916667,177.42969126666623,17769.49269270118,14410.027889092473,5765.244583911805,10781.401324439426
2025-05-21,2025-05,44165.28906573633,59152.1428691949,64583.30111439858,5431.158245203687,82.49842500000041,16494.200761130134,13344.602060312882,6177.932211786736,10798.84638688668
2025-05-22,2025-05,40479.10232346692,61409.34426208576,62402.91494180311,993.5706797173447,128.869271481481,18730.076312042802,15170.32356095268,5253.65222024964,10800.0
2025-05-23,2025-05,14887.171026345231,32839.08566769704,34060.56967220994,1221.484004512893,17.702258229861457,20146.440155872453,16318.61652625669,4547.014545836043,10800.0
2025-05-24,2025-05,14490.437593805153,33631.555920133585,33190.32587036671,-441.23004976687895,9.570946944444529,20235.571407975367,16390.812840460043,4880.8594265189295,10800.0
2025-05-25,2025-05,39591.57077504752,63924.82712227565,61670.00867337556,-2254.8184489000946,68.03250458397952,18633.57350914575,15093.194542408055,5556.6568100547065,10800.0
2025-05-26,2025-05,46119.78084339202,61006.23263964028,67010.36715203224,6004.134512391962,102.14509297939236,14751.305480637247,11971.374583932073,6504.593729828998,10774.647617093444
2025-05-27,2025-05,41862.57609306788,58482.36851899844,62521.01472596127,4038.646206962832,102.51092899656123,16085.102183289306,13020.034445685655,5876.75817128571,10784.534642403094
2025-05-28,2025-05,41556.98140075442,66356.59877736475,66218.99271498881,-137.60606237595346,24.445249999999987,20655.647133478687,16717.15535628052,5959.557446702663,10800.0
2025-05-29,2025-05,43008.18416744302,64921.466271408164,66265.07913175118,1343.6128603430022,141.94634541887237,18704.846573615647,15150.925724628674,5330.273373121117,10800.0
2025-05-30,2025-05,15080.035569947293,33301.14489757988,33700.4895878271,399.3446902472211,35.96341968536241,19994.12894125759,16195.244442418649,4182.463310848127,10800.0
2025-05-31,2025-05,14683.603985115531,35297.34340527622,33941.59184189692,-1355.7515633792905,43.02072967868588,19716.111066840927,16028.48606414116,4262.982209712766,10735.071
2025-06-01,2025-06,69340.99815993353,80591.57398554237,76344.83052060619,-4246.743464936187,3092.263910817789,22232.71762913356,18488.968837647182,2439.615323533584,10201.21815772334
2025-06-02,2025-06,64957.223789729316,81986.7469995415,72836.24997933126,-9150.497020210234,2629.597356605527,22998.286749945823,18585.403455776075,1252.614619559338,10249.22794847895
2025-06-03,2025-06,63035.257639262374,76422.05384851154,76411.18227421679,-10.871574294765537,2353.766368625419,22850.71608032658,18292.340588974384,3119.177981260753,10490.049544134665
2025-06-04,2025-06,63727.35924485827,86804.93398181841,76085.79521448049,-10719.1387673379,1742.6451055454263,23361.867264978813,19004.217096346736,1723.162221087871,10399.933308897003
2025-06-05,2025-06,61496.02548713829,76439.80677840955,77887.73192805923,1447.925149649695,1461.6857050455908,21820.357483693668,17837.95468579579,2160.1254886453303,10218.305393337083
2025-06-06,2025-06,29155.097766225397,38024.67464987133,39716.53026248832,1691.8556126169976,1689.5098624737177,19125.059736497613,15237.85742754392,777.2470222974185,10499.90645891392
2025-06-07,2025-06,26450.990994873006,42300.96565820099,42830.77500280217,529.8093446011828,1223.3234456579785,14932.220944652558,12112.196333695443,1860.2562000357987,10480.90938277295
2025-06-08,2025-06,58387.04324912316,83186.70201454544,82122.62808516235,-1064.0739293831066,13.297935705229065,21451.63161201847,17088.64005023062,9600.438389095598,10800.0
2025-06-09,2025-06,62560.35618254414,92024.14202421851,87293.41656636503,-4730.725457853471,43.41378333333353,24299.89870133577,19682.917948081973,9022.237231554771,10800.0
2025-06-10,2025-06,63050.67591725404,85769.86323147612,88166.10687829452,2396.2436468184055,0.0,22816.4852469506,18481.35305002999,10022.998356714339,10800.0
2025-06-11,2025-06,67749.4268391954,91721.95136671192,93884.57631034475,2162.6249436328385,23.69948416666682,24391.987962359897,19757.510249511513,10846.914989409674,10800.0
2025-06-12,2025-06,63419.71297874632,89767.45933024352,89940.29635674167,172.8370264981536,125.49716138888868,24296.523174369555,19680.18377123934,10628.683857532003,10800.0
2025-06-13,2025-06,24382.731534543775,44660.89646002367,45506.570247361415,845.6737873377422,10.404983370484427,19124.570599781782,15490.90218582324,7000.151551135396,10800.0
2025-06-14,2025-06,24126.301272532255,45534.34525239854,44861.27967052651,-673.0655818720363,6.741868700509713,18419.307091176233,14919.63874385275,6269.736760173358,10800.0
2025-06-15,2025-06,63529.57061223198,83734.20272351513,88245.8337677205,4511.631044205349,0.0,21891.27908591088,17731.93605958781,11366.326771579708,10800.0
2025-06-16,2025-06,64443.10181631673,87299.79703386902,89320.37050766067,2020.5734737916648,89.4636085078887,23480.689582492574,19019.35856181899,9998.137996897203,10800.0
2025-06-17,2025-06,65756.6691134586,88228.75394182089,90677.26859193224,2448.5146501113554,137.45877391988927,23440.70999144033,18986.975093066667,9581.984163441493,10800.0
2025-06-18,2025-06,64879.72489852548,89851.70891725806,90224.59305156463,372.88413430658375,20.903681851851616,23527.001204223532,19056.870975421065,10962.54023985208,10800.0
2025-06-19,2025-06,61677.72836159929,85048.25047762116,84919.84331537176,-128.40716224939615,22.021429814814923,22160.139695372232,17950.13873906011,10474.593306278774,10799.527126879333
2025-06-20,2025-06,22327.975375911683,43196.14461016272,42621.349634051614,-574.7949761111115,0.0,19332.3763103619,15658.799225584542,7172.30273407991,10800.0
2025-06-21,2025-06,22475.32679178034,43405.42062329587,43690.94150185605,285.520878560184,0.0,19171.388638672724,15528.82479732491,7866.346252980442,10800.0
2025-06-22,2025-06,59585.414985720825,82021.12396410917,83063.02274011652,1041.8987760073423,109.31453020448566,21890.346019666486,17731.18027592985,9562.471479689902,10800.0
2025-06-23,2025-06,59250.58508210815,83530.73238487862,84812.43867655173,1281.7062916731086,65.6993951673943,22446.92107493941,18182.049440036513,10370.04441055266,10799.951811849345
2025-06-24,2025-06,67513.8174078685,94662.259405324,93282.07382417558,-1380.1855811484152,7.561497777777845,24960.415246814704,20217.892980584325,10275.104734973502,10800.0
2025-06-25,2025-06,63265.03778002744,85128.15096618,88396.2597564601,3268.1087902801087,155.93652944444455,22164.95751617291,17953.615588100067,11667.350176227932,10800.0
2025-06-26,2025-06,60571.18907395951,81944.78377879069,85477.14797164896,3532.36419285827,0.0,19806.541704156363,16043.298780366655,12022.446026069487,10800.0
2025-06-27,2025-06,21332.954376141075,43854.587595931625,42203.87501806884,-1650.7125778627956,4.8104614387982565,19082.185116635486,15456.569944474744,6409.429515650472,10800.0
2025-06-28,2025-06,21395.006788576524,42434.34031350371,42381.06296091851,-53.27735258518766,8.022003134777037,20090.20228035529,16273.063847087791,6968.301592146493,10800.0
2025-06-29,2025-06,62287.83758319996,79890.29764926677,85028.93869851809,5138.64104925134,166.50138669565584,20875.017701757664,16908.76433842371,9995.067707867089,10800.0
2025-06-30,2025-06,60891.433056810885,86257.44047755247,87066.6396838869,809.1992063344206,169.66005588522364,23164.929417531155,18805.400702769148,10267.766600086547,10753.546806034545
2025-07-01,2025-07,77471.97105765363,77422.74545522245,81889.59277542701,4466.84732020456,2668.05393876162,19105.81297328544,15663.501243427687,873.4124764941529,10544.888211516234
2025-07-02,2025-07,69140.0575303249,73509.10706875155,75239.66598269308,1730.5589139415451,2302.6327734622537,18386.539840178015,14918.798211058505,497.8122872494608,10516.331610944775
2025-07-03,2025-07,78760.338091966,83443.79130637465,84498.96985304219,1055.1785466675437,2767.2913156019968,21700.251410751847,17467.994340044843,1489.8511752434915,10637.67528057161
2025-07-04,2025-07,33427.642226584685,40983.804333394975,41569.57233929861,585.7680059036371,2275.596435664599,21116.228944779,17188.799586873625,340.2985410164122,10543.615123235348
2025-07-05,2025-07,33127.32928515519,42647.41057418096,43519.98146267453,872.5708884935657,1944.351188593791,20983.874615188288,16886.724727568,765.917225933705,10666.074801829256
2025-07-06,2025-07,76822.97659159705,79836.76994017232,86618.7499179648,6781.979977792473,1186.2199558558034,18366.721350796983,15055.512499742399,2930.8214355826067,10467.776795610542
2025-07-07,2025-07,67965.00678971682,80909.60218869866,78853.11829001919,-2056.483898679457,1811.4585206738286,20294.362136685195,16259.35824500674,2250.3466923489877,10666.749113064174
2025-07-08,2025-07,76019.14259069858,101095.95614133144,97746.54349807891,-3349.4126432525186,0.0,24500.611757623046,19725.56972543243,13365.712172147922,10800.0
2025-07-09,2025-07,74395.75896595407,100908.41843671103,97017.54871827201,-3890.869718439013,0.0,24079.458933816735,19504.361736391555,13761.026780126098,10800.0
2025-07-10,2025-07,72307.54811070111,94199.43032811073,94229.67975283462,30.249424723899267,0.0,23993.796627714662,19434.975268448878,12306.36369982182,10800.0
2025-07-11,2025-07,33424.28425498142,56382.1861683085,55017.901436602944,-1364.284731705555,0.0,19094.76148351191,15466.756801644642,9639.016476360883,10800.0
2025-07-12,2025-07,34853.99900745239,54018.928263187496,56106.40095803219,2087.472694844687,0.0,19050.812300773767,15431.157963626749,10228.557085094762,10800.0
2025-07-13,2025-07,70665.38601027572,99636.43879271272,91686.78073714464,-7949.658055568076,0.0,23201.396749375424,18793.131366994094,12895.139054809631,10800.0
2025-07-14,2025-07,71130.76140295605,95593.37604304314,93213.78378056752,-2379.5922624756204,0.0,22342.020131185523,18097.03630626027,13177.668120195587,10800.0
2025-07-15,2025-07,71531.59017889718,98621.22864292242,93285.42481985636,-5335.803823066059,5.046196815920894,22904.590380134054,18552.718207908583,12489.197501373248,10800.0
2025-07-16,2025-07,72171.60111308793,94631.70281312763,93302.0239272525,-1329.6788858751236,0.0,22971.32009778599,18606.769279206652,12273.504995174637,10800.0
2025-07-17,2025-07,72390.38867788273,92561.23832534201,93995.00842600525,1433.770100663253,0.0,22083.865528035953,17887.931077709123,13772.285337302652,10800.0
2025-07-18,2025-07,32625.546111693104,57201.49451266763,54153.357871756125,-3048.1366409115126,56.02449284207546,18991.760801722423,15383.326249395162,9790.91372961871,10800.0
2025-07-19,2025-07,32997.397679773676,56334.25477252323,55641.715573272115,-692.5391992511101,0.0,19568.609846976473,15850.573976050939,9906.648802721627,10800.0
2025-07-20,2025-07,72123.46933037465,97931.57207232277,95734.56226541489,-2197.0098069078686,0.0,24657.100365604056,19972.251296139286,13964.98265501762,10800.0
2025-07-21,2025-07,75300.52518484602,99462.6025519234,98544.91040984489,-917.6921420785072,0.0,24458.769043595064,19811.602925312,15066.446327572525,10800.0
2025-07-22,2025-07,76061.00830187908,93954.30541585287,96876.18086702077,2921.8754511678953,37.80134963182752,21186.324700950558,17160.92300776995,14524.947313000119,10800.0
2025-07-23,2025-07,74775.5212190687,104979.84088447731,95049.61706257646,-9930.223821900838,22.191193442005556,23321.72649354207,18890.598459769077,13344.186917108967,10800.0
2025-07-24,2025-07,75119.52025353911,103386.53954166504,96342.00034993219,-7044.539191732862,0.0,23972.521221949864,19417.742189779397,13981.793134613861,10800.0
2025-07-25,2025-07,30878.715538057302,52829.04597457605,52517.446411242716,-311.59956333333434,0.0,19865.059993060102,16090.69859437869,9453.847996468667,10800.0
2025-07-26,2025-07,31974.285857870884,53573.06233672906,53906.22293237721,333.1605956481497,0.0,19672.823246371823,15934.98682956118,10271.734084751726,10800.0
2025-07-27,2025-07,74145.68334402138,94707.14966907352,95468.45295060913,761.303281535621,31.477903843352124,23025.293596495103,18650.48781316104,13972.833817402228,10800.0
2025-07-28,2025-07,75553.87260555234,97560.19588164758,98971.74812992165,1411.5522482740585,0.0,24220.76914649419,19618.823008660296,13407.772959089158,10800.0
2025-07-29,2025-07,79008.42166522863,95305.02320173252,100949.66869621258,5644.645494480061,0.0,20755.665277885826,16812.08887508752,17419.93903233237,10800.0
2025-07-30,2025-07,80103.50181837699,88063.55728269301,97381.12669611388,9317.56941342086,0.0,18235.172106199236,14770.489406021381,15995.097873203264,10800.0
2025-07-31,2025-07,74805.62297264181,92632.38404912602,97099.3035289387,4466.919479812684,19.287217350356975,23059.233331193864,18677.978998267026,14803.019834309396,10800.0
2025-08-01,2025-08,30022.593175873466,51889.54606093196,50926.74351384646,-962.8025470855036,0.0,19754.503159836153,16001.147559467285,8281.915714817756,10800.0
2025-08-02,2025-08,29917.602306630703,52481.72145762708,51344.06073930899,-1137.6607183180915,0.0,19291.046730111437,15625.747851390266,8935.872346961642,10800.0
2025-08-03,2025-08,58547.55312205341,77539.56109889578,78208.7144409983,669.1533421025348,26.678990616086594,19471.17323190265,15771.650317841146,8361.237713781244,10800.0
2025-08-04,2025-08,63106.25950597049,81479.29250536324,80971.44027474466,-507.85223061856686,84.14783670591771,17855.0352666588,14462.57856599363,8128.478690943415,10800.0
2025-08-05,2025-08,62301.213296114496,78525.08335673145,81148.70892093242,2623.62556420095,50.83485432719243,18659.285505908985,15114.021259786283,8422.467271918213,10800.0
2025-08-06,2025-08,63999.44693311135,84858.35706664088,83901.40056345602,-956.9565031848559,56.44069699552904,22588.94337371808,18297.044132711642,7622.677408431553,10800.0
2025-08-07,2025-08,60441.221046980485,84702.08512895578,76723.13314681857,-7978.951982137214,172.580000640342,20976.159019864983,17010.85002402807,6370.821572736798,10777.598646736187
2025-08-08,2025-08,26151.89510864395,46512.162394742176,46555.00112857648,42.838733834297784,14.405036648038944,20351.345246567103,16464.428431781926,6373.691386150245,10800.0
2025-08-09,2025-08,27901.4460482347,45608.59903909116,46427.67984792213,819.0808088309705,128.39901442241788,19711.80165657787,15971.208566273594,5500.997059343903,10794.834195060532
2025-08-10,2025-08,59198.71950841299,78967.8146124515,78033.15023548526,-934.6643769662467,39.176185468007134,21136.72366683735,17123.77798719142,6143.628538693822,10791.465509445905
2025-08-11,2025-08,60538.11978047958,77652.67928821228,80744.8300189176,3092.1507307053066,153.5817339867871,21001.051670999426,17003.17081201085,7472.246280744137,10800.0
2025-08-12,2025-08,61556.03786389141,81922.27186233614,81013.76476584213,-908.507096493999,172.2880225300811,21153.466786939032,17134.30809742062,6478.33569049358,10800.0
2025-08-13,2025-08,60284.282250133,74778.93466962918,78613.45012687842,3834.515457249241,177.96502038381112,18044.82953679238,14616.31192480183,6666.269412511876,10800.0
2025-08-14,2025-08,62947.93125736506,76901.8204069421,80578.77852667123,3676.958119729129,127.14693897733366,17837.339035975518,14448.244619140172,6860.494737331653,10800.0
2025-08-15,2025-08,26182.023995351847,46235.08294523171,45226.203275830645,-1008.8796694010671,65.08679671218323,20927.868445535605,16951.57344088384,3836.9403117923034,10800.0
2025-08-16,2025-08,27351.150480483797,47639.15087304725,44978.30162546749,-2660.8492475797652,180.87500301528686,20972.241202058136,16987.51537366709,4783.886785547253,10800.0
2025-08-17,2025-08,58897.56306234241,79593.50560948582,77367.64154392038,-2225.8640655654376,179.5637066561055,21310.371904838263,17261.401242918997,6505.288019832434,10800.0
2025-08-18,2025-08,59056.67463854557,76639.77583799112,77515.45263987326,875.6768018821475,150.72501692620747,20278.37080146397,16425.48034918582,6019.021413743723,10800.0
2025-08-19,2025-08,61088.99067211969,76118.68349802961,77702.02060138204,1583.3371033524254,309.8684897034768,19824.65680111928,16057.972008906618,6184.3063626510975,10800.0
2025-08-20,2025-08,63600.155815436665,84991.46758598456,83603.54068364965,-1387.9269023348947,101.0463441676902,22728.816138194226,18410.341071937328,6219.172802565524,10800.0
2025-08-21,2025-08,60458.31059179674,80588.35671308437,78906.11957797369,-1682.2371351106851,231.6540021306943,21303.476667985226,17255.94905966528,6025.789123672268,10799.85226822528
2025-08-22,2025-08,27594.1978879486,45911.100195940344,46238.08529664048,326.98510070013396,218.42699856927845,20365.085232978774,16529.150454431892,4227.368611319963,10762.706250759637
2025-08-23,2025-08,26181.50161831506,45213.86369642355,46346.47434537075,1132.6106489471938,17.89635478011637,20208.003182977074,16334.9182038951,4198.1142022443855,10800.0
2025-08-24,2025-08,59806.58064843006,75855.84101523811,77018.9198935063,1163.078878268195,79.99121021586183,21793.251714402646,17681.892517132106,6188.121470403632,10767.379301704485
2025-08-25,2025-08,66746.77877726672,98225.6215384365,84165.7185087892,-14059.903029647303,118.01267921145494,23140.960706185517,18714.819543544305,6882.3911556256135,10800.0
2025-08-26,2025-08,60317.46810022448,76257.58008828497,78513.43250147183,2255.852413186868,0.0,18333.01458569653,14849.741814414185,6737.8067653783455,10800.0
2025-08-27,2025-08,65975.49954604599,77269.75805767388,83109.73875477177,5839.98069709788,65.52351878854131,16761.30363144241,13576.655941468352,7651.578785811266,10800.0
2025-08-28,2025-08,66293.60976012205,76350.36970442618,82626.3352073924,6275.96550296622,443.0120882864925,18595.548635696534,15094.098688768965,7504.964167096139,10764.773006828027
2025-08-29,2025-08,27978.041373842767,48708.17911592998,48024.57911257135,-683.6000033586319,92.56672359340087,20288.386468662724,16401.888745762033,5880.345526825722,10800.0
2025-08-30,2025-08,26915.86631833903,46995.28382814371,46577.22014946741,-418.06367867629774,50.915340039217746,20636.6920520162,16727.22815098312,4794.9740002798435,10787.213790166667
2025-08-31,2025-08,61464.10766144884,75466.55836024799,80001.44705016416,4534.888689916171,64.02017439811557,18289.674532680645,14814.94349277022,6334.510472536142,10786.872544278995
2025-09-01,2025-09,53575.93508836821,84910.78079684425,80302.39958090764,-4608.3812159366225,0.0,21439.437645852286,17354.12978299145,16820.687872752947,10800.0
2025-09-02,2025-09,54485.215682374466,75179.14894303872,78750.8989795562,3571.750036517477,28.829091460552032,17535.747977983036,14203.955862166258,16352.172934573357,10800.0
2025-09-03,2025-09,54028.68786002841,79319.13039748077,79064.10070447615,-255.0296930046145,9.322408461603544,20201.043470243785,16362.845210897469,15338.66673667753,10800.0
2025-09-04,2025-09,51732.03289575307,77892.52696924104,77367.7034636171,-524.8235056239353,3.1873519188751516,22268.11150253939,18037.170317056905,15107.49298619928,10800.0
2025-09-05,2025-09,22245.224734821713,45735.41045302541,44716.96840288429,-1018.4420501411241,0.0,17939.558250919123,14531.042183244492,12043.254557590844,10800.0
2025-09-06,2025-09,22692.794083706656,46314.26661020519,45821.78076126352,-492.4858489416667,14.654507754865648,17180.65829722865,13916.333220755208,12891.521719559747,10800.0
2025-09-07,2025-09,55349.867409924445,74000.10124566118,78302.22475434782,4302.123508686626,32.51599328146381,16706.62524429858,13532.36644788185,15992.68387404946,10800.0
2025-09-08,2025-09,48770.63319154836,70109.05285596914,71134.38178545341,1025.328929484278,131.66986752809765,20445.713276346967,16593.654099089177,5513.390375982317,10763.74850527985
2025-09-09,2025-09,45522.93296779716,61820.70465475535,64888.445139779906,3067.7404850245603,264.51267048338445,19691.185451038687,15927.16803240861,4244.335167030444,10788.962041871773
2025-09-10,2025-09,49467.75042248766,72148.9891729038,71891.96749286904,-257.0216800347648,117.12267262242491,21066.96887978391,17058.797052726542,5816.267840032611,10795.01508620336
2025-09-11,2025-09,45440.73616623068,71117.81492794672,63969.562669423794,-7148.252258522918,326.7789976224948,21653.607882807446,17551.763788867233,4658.795381785927,10781.302415322025
2025-09-12,2025-09,18089.887230638815,36756.69280561762,37035.2077080824,278.5149024647881,189.25486799865593,19391.697989197117,15690.447545039486,3828.1878291860257,10800.0
2025-09-13,2025-09,17447.57522499796,36880.68601763314,37032.3329244248,151.6469067916605,117.37323656513479,19767.449668367153,16011.634231377393,3668.1279988621836,10800.0
2025-09-14,2025-09,49410.1415479743,75228.47028634729,71812.46542705297,-3416.0048592943117,148.63860407763286,21090.286716244,17109.198973972932,4818.820179349332,10771.036962427454
2025-09-15,2025-09,44797.14264447246,63907.782644355364,65179.72640721565,1271.943762860284,196.3380918593777,20836.32904298941,16854.610260089525,4909.979654050652,10796.38836768512
2025-09-16,2025-09,48343.327294487215,75737.15080442732,70978.80006027294,-4758.3507441543825,104.02136365205459,21551.720018176984,17485.767375425712,4567.134422565248,10764.305966904725
2025-09-17,2025-09,47216.2900628176,71699.25302969843,70714.12338400655,-985.1296456918813,28.04016572685662,21239.006885385887,17216.233923436113,4949.623260541815,10750.263359934124
2025-09-18,2025-09,52376.19683284793,64254.04561855145,71496.27509309651,7242.229474545067,93.82794709724772,14113.362163220752,11387.060376149519,5286.197075219665,10800.0
2025-09-19,2025-09,17636.985713583304,37571.264743152926,37129.440323257935,-441.824419894986,99.03207182985282,20145.11099826688,16317.539908596174,3698.450673421802,10800.0
2025-09-20,2025-09,18018.44033734287,37457.16993230142,37049.35534818811,-407.81458411330885,176.16185030742227,19965.342870467513,16181.21490798961,3317.2007496439173,10789.680907876753
2025-09-21,2025-09,47820.81251421062,71742.40526086903,70876.35595929988,-866.049301569149,40.813266425609285,19247.98890295355,15581.583828481456,6181.3228217275955,10800.0
2025-09-22,2025-09,48798.31090860907,75281.55545095314,69629.76903199604,-5651.786418957105,216.72728657466777,21285.60778649008,17250.454229942978,3636.370827819806,10789.875641237772
2025-09-23,2025-09,48897.08713328148,74331.97776146355,72922.28275956363,-1409.6950018999219,101.80778751731879,21545.42513597314,17442.68243725224,5695.8227030281305,10800.0
2025-09-24,2025-09,51387.28008971638,64946.716581148576,69825.02254752307,4878.30596637449,154.7277253292799,16656.065712097254,13491.413226798777,4251.265085764512,10800.0
2025-09-25,2025-09,51347.45404296708,70620.31434725189,72914.77973273615,2294.465385484262,231.68059618328738,18347.986217754835,14901.678063039537,5347.107048447058,10755.767525935426
2025-09-26,2025-09,17386.68768108474,38460.60485331772,37353.56594059553,-1107.0389127221915,59.010243609198334,19594.07386508573,15838.386398105042,3717.248674592235,10792.22689550698
2025-09-27,2025-09,19581.27148466876,37317.776981791954,37926.445712099085,608.6687303071305,379.70488125576503,20255.939299274898,16450.333570444636,3365.664466451258,10744.423853249238
2025-09-28,2025-09,54352.7641490961,71044.44873337282,74814.98212531321,3770.533391940389,201.70460042164478,17155.991486769348,13872.913445322982,6453.9268538381875,10770.467918760563
2025-09-29,2025-09,52133.59423205057,75402.11137179272,71694.4280038439,-3707.683367948821,402.4018756034469,20351.46880256324,16497.58392974334,4982.900171979175,10756.141030241542
2025-09-30,2025-09,53101.002716151925,73998.0127814457,76098.366683464,2100.353902018311,149.16107949456577,20823.65222261878,16827.685227538605,5953.924849372542,10800.0
2025-10-01,2025-10,43026.54354806997,70224.93184758694,66792.66846523379,-3432.2633823531496,1.1631172718550005,20045.937248877686,16237.20917159093,8932.442305571925,10800.0
2025-10-02,2025-10,44964.5166715635,77119.88613098697,66946.66787850851,-10173.21825247847,13.460786132528924,19880.33007557676,16103.067361217178,8477.696039157707,10800.0
2025-10-03,2025-10,15775.193929274541,36031.43036933873,36610.18065634783,578.7502870091016,1.532552115531019,18822.138727237874,15245.932369062682,6042.362134884428,10800.0
2025-10-04,2025-10,18321.71495925427,39054.85647771761,39058.9568919021,4.1004141844886135,138.93378663197433,17771.07532549105,14394.57101364775,6804.348195320086,10800.0
2025-10-05,2025-10,46849.905925482235,75573.41328080266,68296.32752129,-7277.085759512644,86.77907305555603,19668.29217232432,15931.316659582702,7790.588269393745,10800.0
2025-10-06,2025-10,48586.8352502677,65686.59436314668,69484.4022594904,3797.8078963437247,114.07927154956285,16500.785800601763,13365.63649848743,7390.338602196408,10800.0
2025-10-07,2025-10,48368.4246727626,69563.52504741424,72419.5467584047,2856.0217109904697,76.68665105403028,19189.03762689728,15543.120477786795,8776.604429436278,10800.0
2025-10-08,2025-10,43334.94724211092,63985.71404373788,65536.13969239261,1550.4256486547258,210.13718088689225,19631.61795152584,15901.610540735937,4165.409998772758,10800.0
2025-10-09,2025-10,44213.14695573109,74332.65418915932,64714.40526033866,-9618.248928820656,213.36970584313758,21041.44987181072,17043.57439616669,4043.1312049112903,10800.0
2025-10-10,2025-10,15408.511070638695,35303.54606787603,34882.0755866769,-421.47048119912813,306.2516317981291,19456.83885712653,15774.183971965263,2702.83833307197,10784.283891452478
2025-10-11,2025-10,15303.022592665578,36193.98819308644,36283.18809085783,89.19989777138915,58.68643017528192,19777.736670748323,16005.822205613375,3513.0546263892916,10800.0
2025-10-12,2025-10,45073.81595499236,67641.38165756459,68121.36877422902,479.98711666443785,358.9447274627522,18875.051606705667,15288.791801431595,4617.68707925748,10800.0
2025-10-13,2025-10,44736.702015977164,69846.0426780669,66753.96185484617,-3092.0808232207223,216.89395352176552,20487.802358293324,16595.11991021759,4525.137103434645,10800.0
2025-10-14,2025-10,47064.57374147055,72240.15120347816,69761.1243940364,-2479.0268094417597,163.06266840524577,20233.610781129562,16407.65681312525,4403.284547441661,10779.519910655223
2025-10-15,2025-10,46649.17570437633,75496.223088434,71797.42655238151,-3698.796536052486,73.27112079077996,21202.078040854773,17155.251132682068,4872.588809169729,10800.0
2025-10-16,2025-10,49025.33294171923,71356.75581228704,73293.87164633811,1937.1158340510935,110.38275364549189,20657.418329129065,16732.508846594545,4579.613527951115,10800.0
2025-10-17,2025-10,17665.832089648233,34944.2195881705,37125.46760011921,2181.2480119487127,76.27137461560666,19133.655686948932,15498.26110642864,3724.0734690658414,10800.0
2025-10-18,2025-10,16048.417693713405,36830.689472282946,36079.603650702884,-751.0858215800587,156.2806123660871,19535.85785137307,15824.044859612186,3514.666955731008,10800.0
2025-10-19,2025-10,48864.653541800944,73651.5947395007,73394.10636344168,-257.4883760590156,242.47295151913713,21912.623965145493,17749.225411767853,4649.179578065583,10800.0
2025-10-20,2025-10,49957.85890582079,77684.70939016077,75640.24506528016,-2044.4643248806262,112.0038543514454,21815.13342293895,17670.258072580553,5759.4163712517175,10800.0
2025-10-21,2025-10,51553.25322165164,76704.05895731921,77777.38575973178,1073.3268024125869,130.98234616996126,22194.982249139575,17977.93562180306,5931.262242269964,10800.0
2025-10-22,2025-10,52173.96409557549,73085.59169669407,75649.24844716709,2563.6567504730183,96.5873000968561,19663.60047487423,15927.51638464813,5265.22796649154,10800.0
2025-10-23,2025-10,52779.287519949125,84288.14930093754,73542.03201154603,-10746.117289391514,298.52362039929693,22323.995101021937,18126.808676927776,5182.294192034501,10750.697060999999
2025-10-24,2025-10,17117.486155629973,36683.40977297744,37654.670231477445,971.2604585000012,146.99216596263574,19429.896321227967,15693.843375094655,3309.2085023196096,10800.0
2025-10-25,2025-10,17290.094447503245,36557.23046523638,37722.27791116571,1165.0474459293291,172.63614982017054,19209.107597832026,15559.377154243943,3389.292099660078,10800.0
2025-10-26,2025-10,52175.20576011676,78045.8546834646,74716.4619176218,-3329.3927658427983,142.93059788438683,20925.929212758507,16950.00266233439,5478.412332396888,10800.0
2025-10-27,2025-10,54234.13508429745,71385.70245002449,75982.24586943627,4596.5434194117715,48.09650218371253,17603.614430249756,14258.927688502301,6887.707100351061,10800.0
2025-10-28,2025-10,53807.00613327939,70826.09502173343,76101.27407972241,5275.179057988962,14.810068057583553,17589.512334187493,14247.504990691876,5715.3297600251135,10800.0
2025-10-29,2025-10,55564.27300540563,79222.46777348299,81168.03434242468,1945.5665689416724,145.70195158505874,22321.705443231585,18080.581409017588,6720.135839204069,10800.0
2025-10-30,2025-10,52670.63378494702,69764.39027876011,74018.92636162383,4254.536082863717,105.19865963013638,18686.476985405927,15136.046358178804,4968.918729953792,10800.0
2025-10-31,2025-10,17070.355731492644,38739.45836390757,38238.8734394196,-500.5849244879732,129.16280565739848,19874.453313416754,16098.307183867573,3776.98244158518,10800.0
2025-11-01,2025-11,17277.031505751664,37731.07546774244,38406.42057858041,675.3451108379608,149.34313948241578,19331.94258925127,15658.873497293533,3981.8865748419607,10800.0
2025-11-02,2025-11,56229.227053223956,76648.57414514803,79832.97095596335,3184.3968108153135,135.92842700772144,20742.868168260175,16801.723216290742,5777.979122071598,10800.0
2025-11-03,2025-11,54153.7649065325,81949.83469968758,80316.68782738989,-1633.1468722977006,144.1445906529391,22238.312708686553,18013.03329403611,5471.809446725716,10800.0
2025-11-04,2025-11,55577.00578367812,75949.2129470956,78896.06329715208,2946.850350056479,198.0493443170962,20685.263807983545,16755.06368446667,5827.43877906341,10800.0
2025-11-05,2025-11,56418.14868907053,84779.43302043126,80182.06271404724,-4597.370306384036,228.5673244444443,22446.754607676037,18181.871232217592,5195.402052221623,10800.0
2025-11-06,2025-11,57894.808269917274,78558.32869072085,81664.64138642086,3106.3126957000004,117.92343527777729,21274.85545066758,17232.63291504074,5723.234150069944,10800.0
2025-11-07,2025-11,16788.36969728533,37938.755710256395,38398.917618882784,460.16190862639314,113.25713656853661,20312.62072417696,16467.961319633345,3466.518063020199,10783.623852166667
2025-11-08,2025-11,18776.634124355263,38346.0619828221,39659.1214061471,1313.0594233249903,130.56383564814772,18604.552453312903,15054.948954133451,3831.360529334048,10800.0
2025-11-09,2025-11,56259.498803295384,81645.15205434294,82571.38895496761,926.2369006246762,36.98346997753231,22870.64388229693,18525.221544660508,5709.018600086515,10800.0
2025-11-10,2025-11,60821.12652318457,82316.94689608546,85274.20925158085,2957.2623554953716,59.959282962963485,21244.44318583105,17207.99898052315,6584.759413621085,10800.0
2025-11-11,2025-11,56526.325033125395,84269.91755089266,81818.98453401662,-2450.933016876038,76.57679442525819,22274.90774643411,18042.675274611633,5323.634859022961,10800.0
2025-11-12,2025-11,57816.15458477645,80992.02443149438,82852.48251565272,1860.4580841583352,82.53752212962914,22034.427772911517,17847.88649605833,6773.275524447685,10800.0
2025-11-13,2025-11,59020.61951454689,78796.72128875284,81930.02915476661,3133.307866013776,180.64119885246097,20453.23391269784,16567.11946928525,4841.716539879391,10800.0
2025-11-14,2025-11,20204.622354399726,38952.37142809556,41254.82484733178,2302.453419236218,50.69798129629615,17492.724006119584,14169.10644495687,3590.4365339656033,10800.0
2025-11-15,2025-11,18075.560047465973,41022.1613053567,40735.719614313086,-286.441691043611,94.42895462962987,18142.65291719593,14695.548862928707,3196.8104808803423,10800.0
2025-11-16,2025-11,60473.90937226948,81657.70578435181,84771.3490233444,3113.643238992594,129.9458776011677,21986.147797768626,17808.77971619259,5132.383734369543,10800.0
2025-11-17,2025-11,62904.58406599167,78681.5511834072,84519.67005795178,5838.118874544591,90.69047955322213,18391.0112311757,14899.716601704504,7543.089067901282,10796.669439497573
2025-11-18,2025-11,60097.05885890025,82265.77758122567,84183.04744893801,1917.2698677123428,83.05970333333312,20851.50427180354,16903.054200708684,5014.641889695019,10781.85195
2025-11-19,2025-11,64432.355118717605,81119.40261520112,86151.10821224088,5031.705597039768,181.10894965731262,20294.770252393686,16425.648596838888,6189.2212227323,10796.424514
2025-11-20,2025-11,60401.13911598023,81535.85723323174,84514.49206894822,2978.6348357164775,86.80119851851833,20790.802221510054,16855.252388817957,5499.048999228338,10780.08830356132
2025-11-21,2025-11,18548.33888303156,39188.28418259689,40558.89477258774,1370.6105899908462,93.2463954867124,18819.00821969226,15246.130657138634,3563.576392169335,10777.050526685878
2025-11-22,2025-11,18788.094480356165,43101.130103939395,41686.514961628185,-1414.615142311214,95.3089899160096,18270.03914368977,14780.353970833332,3343.9649347268487,10797.47023285853
2025-11-23,2025-11,61538.54653950653,82971.48916457093,85716.6976000733,2745.2084355023667,93.99187490592908,21363.843559899986,17302.436493091667,5157.06628233758,10800.0
2025-11-24,2025-11,58913.048899241956,80941.59694360034,82569.87354750151,1628.276603901184,250.17814443074906,21502.13374706665,17416.728335123986,3818.277085770327,10800.0
2025-11-25,2025-11,62841.661228433004,92759.8389460755,86762.68171938871,-5997.157226686795,145.14425870156708,22649.209582704698,18345.85976199081,5274.476683234885,10800.0
2025-11-26,2025-11,63486.079350634056,88024.77138019259,88229.87008811695,205.09870792436539,149.51697913420398,22099.20681306534,17900.357518582932,6352.406736946858,10800.0
2025-11-27,2025-11,62253.623707067556,85326.9124105337,86965.8309543524,1638.918543818703,54.12680490740743,21322.695560720163,17271.383404183332,5901.388182604495,10800.0
2025-11-28,2025-11,18482.128113081977,40321.65400326581,41115.37328728232,793.7192840165012,190.172127409211,19464.339000147364,15775.480643354465,3510.2748056954824,10789.593274183228
2025-11-29,2025-11,20604.397639646937,50239.89200220893,45072.092697183994,-5167.799305024935,61.59989134725336,18098.61033873462,14671.985168373194,4402.961554488186,10776.136836407506
2025-11-30,2025-11,65962.8869616223,87926.74195470684,89832.52122714247,1905.7792724356234,187.79491058492818,21767.92388397453,17610.54149878613,5189.2734283569425,10800.0
2025-12-01,2025-12,88856.45478217278,91562.69374892677,88517.7991677182,-3044.894581208575,4146.434072561423,22078.122247558385,17890.16047297793,2091.697034865836,10792.353941715963
2025-12-02,2025-12,87753.56255251096,94876.81591239298,91882.47623004272,-2994.3396823502553,3101.1656196882177,22535.661274312253,18247.004179737298,2046.1372034893436,10800.0
2025-12-03,2025-12,84567.02850243359,85458.3445291688,91494.5295124212,6036.184983252408,2155.0770959158617,18977.981844438247,15375.291806694988,2838.482395050202,10796.526097
2025-12-04,2025-12,85039.27629547687,93133.58089086373,90098.10973018609,-3035.4711606776486,3084.669782647811,22149.247675931565,17949.794426387365,2207.685180180261,10786.632976019117
2025-12-05,2025-12,27427.57794560829,46434.476530078544,46984.89852974552,550.421999666981,1400.4843487530811,18151.187194901395,14744.452820981845,3242.807519019643,10739.976094783882
2025-12-06,2025-12,28699.70759291215,49716.50095198992,49061.983729629064,-654.5172223608488,1374.194446477336,18950.183548823927,15295.627159852875,2787.552263778297,10800.0
2025-12-07,2025-12,82468.02501037357,97977.48865223401,93575.22511205461,-4402.263540179398,1758.2490545509631,21415.77610587466,17346.778645758477,3500.01192922901,10800.0
2025-12-08,2025-12,81109.93703318285,105410.65284872073,103976.81161064663,-1433.8412380740776,16.444000000000074,22301.80054448334,18064.45844103151,11090.438406656347,10800.0
2025-12-09,2025-12,78901.74530396258,104595.69162308541,101672.67922510944,-2923.012397975964,28.86714670109609,22607.832780688113,18312.344552357376,9248.514097569687,10800.0
2025-12-10,2025-12,80466.62405970655,99972.64116495095,101834.79080029795,1862.1496353470027,62.92651383668691,21358.420623180813,17300.320704776466,8889.173463190207,10800.0
2025-12-11,2025-12,77408.42338834816,104203.42938780818,101613.668168573,-2589.7612192351867,18.562887685880924,23086.084034981846,18699.728068335302,10259.82270756193,10800.0
2025-12-12,2025-12,29310.890917690947,56641.05824643949,58686.06084229135,2045.002595851865,0.4634365435089194,18363.7011238364,14874.597910307482,8463.786383815215,10800.0
2025-12-13,2025-12,28693.372086435447,58228.84065358523,57608.61380154258,-620.2268520426389,4.387222623382891,19360.940054000705,15682.361443740569,8240.443849030624,10800.0
2025-12-14,2025-12,82542.02692893951,99481.70076067185,103056.2307676413,3574.5300069694454,11.677446846386033,21430.115227109898,17358.393333959015,9914.491041007694,10800.0
2025-12-15,2025-12,82881.36790669306,98763.2491906166,103025.24124789622,4261.992057279631,0.0,20906.482661337446,16934.250955683332,9100.330487930067,10800.0
2025-12-16,2025-12,79429.35814213053,104121.16271308076,102896.06464461552,-1225.0980684652334,0.04711225893526816,22619.71376405401,18321.96814888375,8417.03653767758,10800.0
2025-12-17,2025-12,78337.34957845448,104473.1159603718,100950.63110629401,-3522.4848540777757,70.42707723154297,22511.529843386557,18234.339173143115,7879.955292321975,10800.0
2025-12-18,2025-12,77606.3289658167,99234.19955878137,100389.95497883415,1155.755420052778,104.49570767922545,21823.544850730486,17677.071329091697,8283.63282592849,10800.0
2025-12-19,2025-12,28095.25876207642,53939.589721006705,55577.234018456234,1637.6442974495185,1.1368683772161603e-13,17696.215659877667,14333.934684500915,6626.83947080442,10800.0
2025-12-20,2025-12,26427.443243716512,56883.740018541765,55611.777628949436,-1271.962389592323,9.526400859163573,19898.305175120342,16117.62719184748,6599.431575370584,10800.0
2025-12-21,2025-12,79967.0801393296,102570.51095051019,102628.93316931235,58.42221880216903,56.25280799731195,21981.773981265324,17805.236924824916,8687.104058588793,10800.0
2025-12-22,2025-12,79724.97108901478,100646.27094069193,102218.65565038915,1572.3847096972204,0.0,22732.260629606768,18413.13110998149,8098.752336710284,10800.0
2025-12-23,2025-12,77634.38887514,103432.2611053467,101267.3148807387,-2164.946224608006,1.1368683772161603e-13,23724.85820238346,19217.13514393061,8589.739716181595,10800.0
2025-12-24,2025-12,77630.76760066391,102141.58344130038,102315.04025761611,173.4568163157441,0.0,24143.99332838641,19556.634595992997,8376.473874411942,10800.0
2025-12-25,2025-12,78945.34807895795,98524.4874283901,101304.19139490185,2779.7039665117572,47.27354816486176,21835.030258155733,17686.374509106143,8691.162657376464,10800.0
2025-12-26,2025-12,27605.82779948244,54623.55025938139,55926.23368605965,1302.6834266782612,29.860899259259213,19041.13336929346,15423.318029127706,7088.382901813904,10800.0
2025-12-27,2025-12,26771.728922820745,56487.33316941353,57056.76989250274,569.4367230892166,14.123058148148175,20138.088129842108,16311.851385172109,7377.259475216239,10800.0
2025-12-28,2025-12,76570.99335821028,101650.43251853985,101363.11407024425,-287.31844829560976,10.775290555555785,23173.75449074074,18770.741137499997,8805.750955707208,10800.0
2025-12-29,2025-12,80008.49502028839,100883.58775693954,103492.636867328,2609.049110388448,0.0,22479.699810908918,18208.556846836225,10303.773897779269,10800.0
2025-12-30,2025-12,75223.28771308731,101429.06616312623,99852.80467813081,-1576.2614849954316,0.0,23285.45539502654,18861.218869971497,8165.454675677186,10800.0
2025-12-31,2025-12,78545.82118737836,103309.38351548652,102874.3653766602,-435.0181388263362,25.836497777778277,23467.925363047278,19009.019544068295,8899.254774903438,10800.0
