日期,月份,现金费_元,应急购电量_kWh,合同购电量_kWh,充电量_kWh,放电量_kWh,弃购量_kWh,弃光量_kWh,日末储电量_kWh
2025-02-01,2025-02,27874.612868312885,13.978928571428582,52283.25031894032,19215.711079757006,15564.725974603174,8781.280590623654,5486.78761840094,10800.0
2025-02-02,2025-02,63167.74834199602,17.018333333333317,98576.82724080981,24120.65351263962,19537.729345238098,12919.80534483686,2734.838111904765,10800.0
2025-02-03,2025-02,62055.33355383135,1.7093738095236404,97171.60928457818,24224.36139329806,19621.732728571427,9702.167860327747,2651.6056333333327,10800.0
2025-02-04,2025-02,62527.396872845275,1.1368683772161603e-13,97835.1543595047,23754.927078947676,19292.31171904762,10671.753830557023,1505.921219047622,10743.532460999999
2025-02-05,2025-02,60228.51119359154,4.921219047619212,94920.63888865078,24245.173740158727,19587.769944428568,8105.449505634922,1414.2798230000008,10800.0
2025-02-06,2025-02,60472.808026276354,35.0607,94784.5106579365,24023.932039486568,19459.384951984128,8062.757282338824,1921.20977142857,10800.0
2025-02-07,2025-02,24953.25064614224,68.47668809523776,47100.02119044679,19576.69550852439,15857.123361904763,6212.364339035859,5430.881726219871,10800.0
2025-02-08,2025-02,22758.580287746183,103.45803228571253,42726.339340329214,19343.69273941799,15679.839753428572,3503.7399216637236,4085.04174829512,10787.279295
2025-02-09,2025-02,58257.494905099986,577.5440171190454,88562.80821134626,23854.034101410933,19310.31898764286,4129.015840887712,912.205307142857,10800.0
2025-02-10,2025-02,56743.19495820428,46.44731428571417,89699.37019074074,24136.549812551435,19588.831016666667,7362.450323427396,3509.0108023809526,10757.527035
2025-02-11,2025-02,55650.77019302489,95.1848214285717,87911.19043618458,24251.601301499115,19605.571385714284,6055.143560875951,2084.6046476190477,10800.0
2025-02-12,2025-02,55262.08412298311,120.23477619047608,87344.64498215755,23984.64147810112,19440.458104761907,5700.097468342152,1953.862783333333,10785.668324999999
2025-02-13,2025-02,55189.17074676837,144.2790809523811,86861.7319313639,23952.664448001175,19388.759695380955,7259.931028743685,3852.6962142857155,10800.0
2025-02-14,2025-02,21775.602153858323,266.7781528571418,39196.58435714285,20245.230263962378,16398.636513809528,2195.750793738972,3619.216149441507,10800.0
2025-02-15,2025-02,21522.818449643568,297.42164047619013,38687.33398333333,20392.827472957084,16589.30973809524,2145.480171663723,3755.6666172839523,10720.97835
2025-02-16,2025-02,54601.469337798626,486.18769761904787,84231.8938563198,23163.63887998236,18698.452273785715,3867.13430728983,1008.3815404523818,10792.195259999999
2025-02-17,2025-02,52628.048540426425,147.98332619047676,83563.0605047619,22857.494625485007,18511.28910714286,5192.615857848326,2988.359288095239,10795.841414999999
2025-02-18,2025-02,52278.229183782496,145.07939047619044,83083.08522499999,22713.761149706057,18394.403804761907,4770.409169341565,2047.0103178571435,10800.0
2025-02-19,2025-02,53192.368251765256,482.5093234999998,82390.32585290476,22735.95721919459,18476.77790454762,4824.282071281597,910.0464071428571,10732.60827
2025-02-20,2025-02,51886.273977940305,197.89341904761835,82128.86187866665,22661.699044708992,18322.760623714286,5234.962938624338,1759.720204761903,10769.514495
2025-02-21,2025-02,20168.04634611399,74.52247619047617,38041.17122116666,20008.09781978248,16186.976755023808,2628.0927730158696,6106.217826249265,10791.272804999999
2025-02-22,2025-02,20412.3624147062,145.4494547619044,37878.7584802619,20174.527629688415,16358.60554354762,2261.2982208994736,4102.224744650204,10772.11929
2025-02-23,2025-02,51727.43052043894,369.9817923095229,81144.08677857142,22676.89363353909,18349.69609816667,4145.907568841856,1509.1097833333333,10792.77234
2025-02-24,2025-02,50262.95294681352,160.16544047619053,80252.22203290476,22693.30730861258,18375.23711947619,4997.465577101705,2893.818090476191,10799.818785
2025-02-25,2025-02,50145.48806624552,139.40491904761882,80203.90035452381,22780.132352322158,18462.066657380954,5999.996576249268,4203.919769047619,10788.530505
2025-02-26,2025-02,50894.80874421027,403.34998947618965,79742.34820305702,22625.472360141088,18316.31006621429,4305.881155749266,2715.8067095238102,10800.0
2025-02-27,2025-02,50226.22072422619,396.00222142857126,78536.23057733686,22848.87344797178,18507.587492857143,5890.485736507939,1743.8769071428574,10800.0
2025-02-28,2025-02,20314.926742803094,290.17187857142835,36694.332566666664,20425.69149323927,16549.83615952381,2286.8970369782464,7529.158524544387,10794.4155
2025-03-01,2025-03,20309.19310826714,272.8164785714285,36697.671807142855,19714.809960846553,15974.753764285713,3070.8194127865972,6500.846743033512,10788.01806
2025-03-02,2025-03,63837.542499670555,3086.530976071427,77849.80842689594,21110.737504085828,17099.509026309526,3745.1262490005884,821.6776095238088,10788.22734
2025-03-03,2025-03,57266.7325676159,1948.1783460476179,78120.71311695236,22320.62285152851,18082.782982238095,3481.985996090534,331.9189642857136,10784.806815
2025-03-04,2025-03,49846.55492902738,153.656547619047,79730.86957380951,22643.522372104642,18374.98370840476,4708.120308847737,1708.4092155476174,10747.328384999999
2025-03-05,2025-03,50303.46422939884,83.00898095238072,80733.24501835713,22909.801596061145,18524.318986309525,6929.0329777483785,3371.2663951428567,10783.57317
2025-03-06,2025-03,50157.544629727854,98.05964761904809,80302.01564285715,22554.67775279247,18285.896004761908,6313.575006731333,3877.0644023809523,10765.120919999998
2025-03-07,2025-03,19065.127624682944,61.74189285714342,36237.37161009524,19467.17426660788,15770.126708952379,3073.704195649616,8606.07621631393,10763.21475
2025-03-08,2025-03,18808.329453434402,192.2100404761906,34584.62857738095,20245.249959288652,16380.087334523807,2546.119616078776,9302.416860346857,10783.842675
2025-03-09,2025-03,48186.20280932717,119.26318571428588,77407.6558835338,22715.37885,18386.010909,6525.4830163433235,3338.54306190476,10798.78263
2025-03-10,2025-03,51649.64455251928,926.7590190476192,76252.58191804762,22058.341247707234,17881.14500814286,3221.4752847442633,1738.597962786592,10783.350855
2025-03-11,2025-03,47250.55511352036,224.85510238095236,75980.55980637859,22492.036010052907,18236.270132142854,4714.910695135214,3295.8195357142854,10763.660894999999
2025-03-12,2025-03,46695.48341547416,232.35531904761842,75112.9790339506,22189.03491046443,17964.20069047619,4871.028923486182,3813.936526190474,10773.569325
2025-03-13,2025-03,55753.56003978742,1991.948760285717,74165.28114071133,21351.348706378598,17280.077670666666,3293.186541475603,1247.154307142856,10789.69686
2025-03-14,2025-03,18524.151248515154,245.86033571428652,33507.1264307619,20485.05194897119,16595.279040666668,2385.3265285714288,11448.4613462669,10787.044679999999
2025-03-15,2025-03,18427.925836040078,157.86011666666724,33933.64940942857,20234.316642298643,16423.176566761904,1882.7148289829524,7473.529471575543,10749.955695
2025-03-16,2025-03,47009.40255313245,380.27761190476247,74674.23791828335,21702.359052645494,17533.870958142856,5137.458803733098,2397.5216986190485,10800.0
2025-03-17,2025-03,45941.35151802102,100.93616190476166,74829.59819365077,21553.46581507936,17458.379035714286,7744.416807142857,5232.899335714286,10799.920305
2025-03-18,2025-03,46813.403011358394,549.8014047619042,72857.12672304525,21589.648705055843,17549.30723809524,5680.398687037035,2560.2296071428555,10731.373875
2025-03-19,2025-03,45167.800022031646,167.17499761904747,73201.90022151674,21504.432716784242,17356.82698809524,6820.549335802469,2935.4497046443266,10800.0
2025-03-20,2025-03,45847.00562712189,367.3040333333333,72974.50370164608,21602.758112874777,17498.23407142857,4442.290967372134,2586.0309094944155,10800.0
2025-03-21,2025-03,17753.709184340718,232.23907619047625,32895.80064285714,20214.611441064077,16406.496154761902,2116.931572281014,15169.528343797765,10763.710125
2025-03-22,2025-03,17670.26716405905,59.90346904761896,33691.264442261905,20153.295975896526,16292.398502976186,2897.513471546149,11111.557233509702,10799.0115
2025-03-23,2025-03,43858.039523047904,243.50983571428674,70874.31052430923,21696.891497648438,17573.592463095236,4935.867075808346,3288.9341329952954,10800.0
2025-03-24,2025-03,42977.57291223589,187.0621404761909,70007.44644882422,21024.293702586707,17126.115756595234,4989.510748364787,3308.322811610821,10692.846824999999
2025-03-25,2025-03,45195.63244033561,710.2983201904785,69755.378987184,21333.807427013522,17236.79595838095,3119.1234268371527,2299.417695238095,10741.278
2025-03-26,2025-03,42632.77369773958,146.62571904761876,69770.87359085832,21558.04931416813,17448.368690476185,5885.937960405646,4329.325859141685,10756.446060000002
2025-03-27,2025-03,42636.68565987695,190.67083095238075,69509.94357980599,21078.47564761904,17065.19279057143,4929.774378395064,2040.5677753157001,10765.748819999999
2025-03-28,2025-03,17755.398124568706,284.65189761904776,32536.298647714288,20211.779673721343,16340.715473714283,2675.2195646384503,15452.786014021161,10800.0
2025-03-29,2025-03,16798.22387377214,101.48660952380959,32237.904721428567,20364.42702233979,16495.185888095235,1789.8336263668475,18973.107387007643,10800.0
2025-03-30,2025-03,42391.758436317396,341.8465309523815,67750.29283797766,20734.686890094054,16805.730789976187,5522.851258435922,3294.7123103762506,10788.18399
2025-03-31,2025-03,45324.56656159987,955.379298119045,66903.27329124045,20562.33797345679,16659.703949500003,3702.5341715755444,3302.0949104938277,10783.506
2025-04-01,2025-04,47984.56323857446,1285.6519394523812,67530.0921313639,19931.829866049382,16129.937591499998,2528.51491504997,2276.4853645502653,10800.0
2025-04-02,2025-04,48495.2151257939,1608.357938095239,66987.8851962375,20516.569567989416,16646.312228571427,3471.2689211052343,819.3814738095228,10769.010135
2025-04-03,2025-04,41813.860035269434,267.10428333333385,68270.84571725455,21113.3218026161,17106.88198261905,5439.813523447972,3228.1663904761904,10763.35311
2025-04-04,2025-04,16878.40137491362,202.22330714285704,31676.80045338095,20322.476516754847,16428.26967757143,2523.118273221634,19030.896398118755,10799.948999999999
2025-04-05,2025-04,16751.659600064522,122.96014047619062,31921.81831904762,20344.39475343915,16496.765764285712,1667.458988594947,14485.575498442093,10780.16454
2025-04-06,2025-04,41206.41054431678,159.76999761904733,68032.3362547913,21351.891736860667,17277.18039285714,5305.254713168725,4402.063928571433,10800.0
2025-04-07,2025-04,40209.2375897667,128.72872142857125,67072.67438468547,20978.446453468547,17022.726034309522,5209.824535155793,4793.138868465901,10766.46177
2025-04-08,2025-04,42469.53235469829,490.55419285714197,67555.76997563198,21200.485026278657,17143.511214285714,5959.457161258082,3676.69957857143,10798.5525
2025-04-09,2025-04,44638.649061956254,870.2946951428551,66847.69420899471,20328.125764697237,16513.968323904766,3137.7468773368605,1631.7735693415652,10745.011994999999
2025-04-10,2025-04,41623.9320032425,371.51960952380807,67034.34575943563,21221.218823162846,17143.251242261904,6192.706650558496,2674.5532375,10796.052
2025-04-11,2025-04,16590.164910423096,194.6691547619048,31100.675933333336,20274.37725291005,16455.04474285714,2315.3824198118773,19843.979991563785,10759.60848
2025-04-12,2025-04,16082.670382298234,35.85951190476122,31623.43389419047,19945.386748971196,16119.410898666669,2530.895174750144,16277.261831040563,10800.0
2025-04-13,2025-04,40128.519509437174,278.7916166666666,65213.12970928864,21036.03301916519,17040.23974552381,4706.822963932982,2512.946605047617,10798.83
2025-04-14,2025-04,39581.423277369584,256.8648571428573,64916.27740673132,21142.85333312757,17124.658199833335,5137.807911699002,3489.1074188809525,10800.0
2025-04-15,2025-04,39160.853795948526,62.31642354761823,65275.93346243386,20996.510541181655,17007.173538357143,6258.715537918866,4950.768511904763,10800.0
2025-04-16,2025-04,40367.594049608706,396.89678138095275,64621.46106269841,20176.332183480295,16355.582518619043,3336.2150173133487,2081.801211904761,10785.8295
2025-04-17,2025-04,38587.02165618338,88.09366057142783,64301.405930452675,20774.77856196355,16826.76784419048,4671.996256584359,2901.150266666665,10786.72149
2025-04-18,2025-04,15981.729125079555,168.14884778571326,30918.763935190473,20085.989467754254,16257.700809880953,2726.431669459141,18178.07527231041,10800.0
2025-04-19,2025-04,15677.141301508333,163.51614047619069,30315.20220238095,20217.967034450325,16399.155861904765,2576.006560552615,17299.22135975896,10774.88604
2025-04-20,2025-04,39169.05947272423,355.3700761904775,63686.41851866548,20303.13145255731,16459.062140071426,4671.261780393889,3568.712618642856,10759.857525
2025-04-21,2025-04,38372.807475592315,137.0374785714281,64064.72398348029,20664.487471869477,16757.811485714286,5787.858785420343,5990.316307142857,10738.10571
2025-04-22,2025-04,38441.4147313124,347.23162380952397,62466.481319988234,19773.67509406231,16001.819509190474,3755.884885116401,3133.043157142857,10754.61384
2025-04-23,2025-04,38059.720320693974,121.06176190476178,63539.583315990596,20110.45018965314,16248.617109619046,4348.507512051736,4050.3877691428556,10800.0
2025-04-24,2025-04,37379.0573914683,62.38352857142844,62460.26737404468,20187.57386243386,16355.758028571428,4998.661799706057,6602.066569047616,10795.752
2025-04-25,2025-04,14447.366741725717,14.373592857142807,29377.911573809524,20056.908663021746,16312.178328047616,2022.0350987413308,21625.162082951207,10722.327210000001
2025-04-26,2025-04,15859.261175483867,329.8353077380965,29505.825134809522,20149.669811405052,16275.638821738092,1579.6427969723725,24311.79302257496,10772.986905
2025-04-27,2025-04,38609.704806721464,792.4110591122881,59375.816854174016,19577.244649941204,15833.25638095238,4024.134701440331,3826.633759523811,10800.0
2025-04-28,2025-04,54151.31673287964,3192.6183362142838,60234.17139100528,16877.93319162257,13677.099635214287,2711.602785097002,892.3860690476174,10793.3625
2025-04-29,2025-04,38442.039136955376,486.7454785714287,61471.96912545561,19522.78790731922,15811.44507142857,4086.46661575544,6727.691435714284,10795.599315
2025-04-30,2025-04,37424.46369289844,238.12135652381141,61102.03225773074,18862.27646493239,15319.140591095234,4700.632861845974,4839.530445238094,10750.38081
2025-05-01,2025-05,44235.33767572454,1466.5117196428573,60227.79184121105,18867.92627454438,15634.613689880951,2824.204385714287,4625.407790476191,10359.721468333333
2025-05-02,2025-05,30712.835824133974,2846.8610924047616,29878.37525230952,18978.95619288653,15200.585286238093,653.8831690476192,14002.662185684894,10551.242834999997
2025-05-03,2025-05,21160.68536862047,1119.031109809526,30249.377208023812,20665.864261669598,16564.809996452375,1122.1014544973555,17278.080948118757,10745.176230000001
2025-05-04,2025-05,42393.11878862922,907.1061998095238,62842.98687219282,19711.04103647854,16117.873326380954,3033.044640476191,5389.213388095237,10576.365022407408
2025-05-05,2025-05,46532.22761810072,1775.7548011666645,63657.81734344502,19367.052152821863,15645.193546452383,4543.495378718402,2092.211359523809,10623.163575
2025-05-06,2025-05,43250.03326680156,1118.101369047619,63052.089261052315,19617.723577160486,15932.278025499998,3968.3664934156423,3646.2962183571403,10576.583655
2025-05-07,2025-05,44157.469344372235,1114.6103783333326,64396.6695819224,20490.136319664896,16471.38812642857,3130.421881305115,3294.2639357142866,10716.163980000001
2025-05-08,2025-05,44298.11492916858,494.0745928571428,67847.79812004702,20488.124669429744,16520.834495238094,5716.936286331571,2831.133852380952,10798.99341
2025-05-09,2025-05,18736.45218540122,101.97538333333335,33953.21951433334,19627.63380952381,15897.477454714284,4235.377885185186,17590.274807671954,10800.0
2025-05-10,2025-05,20065.284604503104,251.84322976190663,33888.58195714285,19235.7837962963,15583.883325,4021.4767777777724,14346.002654497353,10796.7795
2025-05-11,2025-05,42896.90534521209,195.1202714285717,68780.79115220459,20686.6947388595,16753.324288476193,5856.724594297473,3701.7372956190493,10800.0
2025-05-12,2025-05,42838.473524399335,167.0708809523814,69430.03903337184,20683.536547589647,16753.66460354762,6093.79403578219,7642.248701166664,10800.0
2025-05-13,2025-05,42377.17827676938,13.921726190476079,69427.21016143444,20599.21471193415,16685.363916666665,7973.000933421519,4425.067392269255,10800.0
2025-05-14,2025-05,42852.10512373733,79.75804047619057,69701.93770708406,20410.87868018812,16532.81173095238,7667.516872134037,5221.963142857145,10800.0
2025-05-15,2025-05,43305.45992183934,333.4133523809527,68689.41726510876,19748.139450323328,15995.992954761903,7915.670294297466,4589.955544297478,10800.0
2025-05-16,2025-05,17978.61233190952,21.700280952380957,32870.437290476184,19255.40380270429,15688.408376190477,3987.095440593769,22622.540170987646,10698.29856
2025-05-17,2025-05,20472.127343838212,485.20525490475956,33346.19651266666,19514.668094914752,15722.135163380954,3401.0857437683726,16188.98400893592,10792.460775
2025-05-18,2025-05,42867.47610474756,299.658792857143,67494.95488362727,18488.317201793063,14968.751630952378,6808.598534215166,3790.2814714285732,10800.0
2025-05-19,2025-05,41508.633189767774,88.60333333333335,67144.95260943563,19230.84734567901,15576.98635,9317.00262089947,6747.475776190478,10800.0
2025-05-20,2025-05,41585.05397150067,242.7261119047613,66330.01880373308,19249.900786654907,15607.996126190475,4989.280981363903,3414.164457142855,10782.692790000001
2025-05-21,2025-05,41620.20698185932,232.66152380952337,66848.6512946796,18739.00704685479,15185.50751895238,6473.031990505584,5692.166016747794,10775.012999999999
2025-05-22,2025-05,40505.85707861256,92.72839285714261,65709.85328571429,18717.4203234274,15138.622161976193,6309.18376228689,5097.9689381666685,10800.0
2025-05-23,2025-05,17956.173000106664,107.07995000000005,32603.180511904757,19876.46619517931,16099.937618095239,4165.510292110525,18347.272709376834,10800.0
2025-05-24,2025-05,18279.61780464881,34.32521904761904,33232.236530952374,19426.007954144618,15735.066442857142,4655.668140299817,21165.450715079372,10800.0
2025-05-25,2025-05,40582.3593934713,50.27473571428584,66290.62329538506,19004.345708406814,15393.520023809522,7658.998834597296,6526.0633285714275,10800.0
2025-05-26,2025-05,43603.224359529166,709.0098605714303,64907.4707696355,17755.434542886527,14415.92361323809,5492.0373148442095,2205.0994357142836,10762.198185000001
2025-05-27,2025-05,41100.36151420009,45.22736190476209,66879.14959911816,19052.056158348023,15404.121654761904,8482.048712198708,5404.0264452380925,10793.358
2025-05-28,2025-05,41287.72417903571,239.40878571428556,65913.80176904763,18485.00095825984,14966.872976190472,6140.968667930631,4220.289804761902,10800.0
2025-05-29,2025-05,41126.37791291442,307.0451285714284,65292.1142457084,19104.294173750728,15474.478280738096,5218.972791005292,2640.2471902619063,10800.0
2025-05-30,2025-05,18453.577406212622,212.78055238095254,32579.060250000002,19240.369698589056,15584.699455857137,3611.7933665490937,18928.143926433273,10800.0
2025-05-31,2025-05,18750.920630891484,214.06877623809675,32852.13361428572,19419.252868841853,15802.180273761902,4363.800673104055,16696.147572339803,10719.3495
2025-06-01,2025-06,82183.19896997427,8099.713749047618,67334.71731487359,16541.986383921216,13920.910560476186,698.0862452380962,890.4426952380938,10139.458845
2025-06-02,2025-06,72464.48384136152,6563.078545184891,69655.55118386242,19898.524095737805,16020.91760954762,2147.6856642857133,1552.5301285714268,10247.110965
2025-06-03,2025-06,56590.26140398911,2998.3585915952403,71999.95695241122,21721.36403900647,17381.89463309524,1538.6531833333324,927.8261214285709,10483.12234111111
2025-06-04,2025-06,58366.7386863091,3000.9417055238096,73982.09141942828,20973.297957642564,17041.688282690477,1353.8493451190443,2052.31328821429,10423.8813
2025-06-05,2025-06,56769.53245400297,2127.776929119047,76784.14560938094,22123.320883333334,17980.832466,1773.560023809524,1846.5560806904778,10356.167355000001
2025-06-06,2025-06,39685.41436315169,4096.58009564286,35683.420411452375,19084.91510958259,15222.113035761904,647.7310983245145,4414.4719349500365,10619.132024999999
2025-06-07,2025-06,30402.004874833954,1916.9725928571447,37073.350300190476,19424.118379365078,15809.94424028571,1642.7741182245725,2606.8614690770128,10534.233855
2025-06-08,2025-06,59817.94476698666,17.094178571428472,93752.94240714284,25124.62188950617,20111.754200000003,14915.478741446206,8656.766888095235,10800.0
2025-06-09,2025-06,59195.42220587289,143.9248238095243,92394.45954447384,24622.18891828336,19943.97302380952,11929.276895238096,4998.178845238095,10800.0
2025-06-10,2025-06,59146.10816028519,45.14106428571438,92624.34476475601,24616.442295708395,19939.318259523807,12159.069783333332,4214.847776190474,10800.0
2025-06-11,2025-06,62685.64203129486,676.8822904761902,93637.42784344502,24500.35590534979,19845.28828333333,12017.48529047619,1557.3109047619037,10800.0
2025-06-12,2025-06,60707.627540573565,19.977804761904267,94833.65634047618,24833.33333333333,20115.0,13723.704809523811,3959.2045690476148,10800.0
2025-06-13,2025-06,28639.293664925128,41.031426190476324,48130.052226114334,16193.427014667841,13116.675881880954,9143.296190593766,7605.722628924163,10800.0
2025-06-14,2025-06,28429.83832888665,0.0,48332.63156376396,16043.16458480305,12994.963313690474,8672.253598059964,10418.83394459142,10800.0
2025-06-15,2025-06,60247.31763612571,0.0,94145.33379047617,24819.277407407404,20103.6147,15149.024725925925,3653.672023809523,10800.0
2025-06-16,2025-06,61079.30359717142,66.81265952380937,94932.49869761904,24833.33333333333,20114.999999999996,14030.689576190478,3556.235630952378,10800.0
2025-06-17,2025-06,61299.68316555214,235.7709071428576,94450.42493095237,24833.33333333333,20114.999999999996,11161.894354761906,4168.956933333331,10800.0
2025-06-18,2025-06,61395.51127486857,0.0,95708.01699523808,24833.33333333333,20115.0,14341.23653333333,5720.056228571428,10800.0
2025-06-19,2025-06,61036.720099850514,88.45429285714233,94682.94221716636,25059.036769547318,20297.819783333332,15664.317573809523,6086.357749999998,10800.0
2025-06-20,2025-06,27611.829242147047,0.0,46897.064719523805,15352.268567901232,12435.33754,9161.567702292768,12417.985139329805,10800.0
2025-06-21,2025-06,27402.758216720278,0.0,46679.17249078042,16599.65856452087,13445.723437261906,10058.118312845385,14132.378650676073,10800.0
2025-06-22,2025-06,58882.92568948048,57.37773333333325,92138.47669523809,24833.33333333333,20115.0,14311.434247619047,5708.745747619047,10800.0
2025-06-23,2025-06,58754.26264067262,66.89166666666665,92045.87724047617,24806.60921810699,20093.353466666667,15260.44967236919,5077.777483333333,10800.0
2025-06-24,2025-06,63232.06802385817,1090.0545270714292,90962.82196099353,24005.548249941206,19444.49408245238,9929.783875338037,1293.246195238094,10800.0
2025-06-25,2025-06,59424.96273075813,306.5490073333333,91274.8818457378,24365.062104409164,19735.700304571426,13121.65150085244,3392.9961857142866,10800.0
2025-06-26,2025-06,58665.84452832856,12.617835714285775,91697.33470476189,24833.33333333333,20114.999999999996,14941.614535714285,4502.620838095236,10800.0
2025-06-27,2025-06,25759.712434475474,6.108192857142967,44293.002226190474,17010.961916519685,13778.87915238095,8416.929247766018,12878.452540476195,10800.0
2025-06-28,2025-06,25764.222540204573,60.36608333333372,44289.272330214284,17040.373466519693,13802.702507880953,8216.605391005289,11118.43594723692,10800.0
2025-06-29,2025-06,58012.180944063795,102.32630476190488,90816.89034047618,24774.952299147557,20067.71136230952,11438.845786566724,5505.361388499999,10800.0
2025-06-30,2025-06,59696.19601463952,347.72369523809533,91304.40357142856,24775.695,20094.6933,12165.009807142857,4928.431776190477,10770.6885
2025-07-01,2025-07,65488.747464367254,2131.285885714285,92216.45855085243,24310.53967942387,19831.188065833332,6293.173803928574,4708.674985714284,10615.520804999998
2025-07-02,2025-07,63613.42199694875,2228.883883333333,88849.82092378012,24017.29637139917,19534.86840533333,6629.775526190477,7061.734948190472,10525.6782
2025-07-03,2025-07,65135.689212643745,2768.855943761906,86865.24885784832,23378.004529276892,18819.178196714285,2656.2293904761914,2658.630145238095,10655.68428
2025-07-04,2025-07,32388.79688701559,2348.7058887380945,41330.06637657143,20959.402135302757,17048.137096595234,859.4128864491485,10027.226873486188,10576.771649999999
2025-07-05,2025-07,32921.04756636988,2094.61908452381,42290.94477928571,20902.595081746036,16860.238045714283,697.3528743974146,10855.773986713692,10655.509394999997
2025-07-06,2025-07,69244.33825177459,3788.1680436904758,83658.16904644328,21637.9381797766,17731.857930119044,2268.3262904761905,1477.9489999999987,10427.58939
2025-07-07,2025-07,57199.51069804137,1541.445664285713,82938.59036233422,22514.332100881835,18008.822543214286,2881.888311904763,3683.155390380951,10680.685455
2025-07-08,2025-07,61863.03401982135,134.7256261904759,96153.19791954733,22912.67205764256,18451.881276190477,12557.811157142856,3697.934590476192,10800.0
2025-07-09,2025-07,61098.6857523623,66.81169523809533,95267.80343635156,22772.437609494413,18445.674463690477,12556.787128571428,4392.33984054762,10800.0
2025-07-10,2025-07,61572.384158754474,10.686073809523805,95963.4614738154,23116.653370958255,18724.489230476192,13843.857567142859,4884.50245666667,10800.0
2025-07-11,2025-07,32634.404558200476,62.41296428571462,53348.53372857143,19092.29840975896,15464.76171190476,8858.246446678426,8406.386398324516,10800.0
2025-07-12,2025-07,32477.052974519287,45.69166190476233,53348.23307857143,18853.436898883007,15271.283888095237,8695.177123574369,10032.351272780717,10800.0
2025-07-13,2025-07,61467.74924811224,0.0,96004.70803048206,22596.887942386824,18303.479233333335,15711.982511904764,6731.59640952381,10800.0
2025-07-14,2025-07,60279.343507100275,4.819047619047581,94700.3572530238,22374.967459523807,18123.72364221428,13875.245366666666,4771.0079,10800.0
2025-07-15,2025-07,61502.50910232692,239.7895012142832,94342.97236945239,21787.697076190474,17648.034631714283,12648.93850278572,5045.110340071426,10800.0
2025-07-16,2025-07,60360.569152186814,201.36952619047617,93644.03064987242,22324.575826396238,18082.90641938095,11982.284773809522,5486.882611904763,10800.0
2025-07-17,2025-07,60655.31951294209,254.29119285714273,93243.39007548735,22064.92364291593,17872.588150761905,13298.597557142855,3286.3321523809527,10800.0
2025-07-18,2025-07,31868.319257339048,30.14744761904751,52731.5851952381,18552.336916519685,15027.39290238095,9150.367840858316,8812.172687860088,10800.0
2025-07-19,2025-07,31844.668803180233,0.0,52810.81596428572,18810.533518518518,15236.53215,8609.07049338624,13444.925052380951,10800.0
2025-07-20,2025-07,59561.26570683838,120.59056904761917,92596.55469405644,22122.960242151672,17919.597796142854,12600.95719761905,3822.8474028095247,10800.0
2025-07-21,2025-07,60778.594867660686,90.88898809523812,94416.91614335684,22381.51144811875,18129.024272976185,12402.186673809523,3863.381932499997,10800.0
2025-07-22,2025-07,60960.66400498096,306.5290976190478,93660.64146442857,22403.495057142856,18146.830996285713,12978.465159523807,2936.8967249999987,10800.0
2025-07-23,2025-07,61009.6887196318,172.09082380952407,94606.13120088095,22412.50434047619,18154.128515785713,12603.57948571429,3699.719597619048,10800.0
2025-07-24,2025-07,61924.58207793581,397.12944602381026,94329.1649262619,22411.832247619048,18153.58412057143,12580.722097619046,4270.852147619046,10800.0
2025-07-25,2025-07,31467.133132480234,17.911183333333042,52179.410252380956,18929.890191064074,15333.211054761903,9648.327039829514,12446.99569291593,10800.0
2025-07-26,2025-07,32096.208887360714,14.291128571428644,52907.37610714285,18830.67827160494,15252.8494,9851.748900382132,11022.997897060546,10800.0
2025-07-27,2025-07,62174.93152069955,606.7913357142854,93125.92984695325,22451.22651278659,18185.49347535714,13429.884297619048,2351.914047619048,10800.0
2025-07-28,2025-07,62002.19275424309,550.510995238096,93290.73490833334,21994.708004761902,17815.713483857144,10336.455068380954,1370.9190809523811,10800.0
2025-07-29,2025-07,62127.318617134515,304.77600404761995,95216.91297886537,22179.875047912992,17965.69878880952,12928.664511904766,2309.6022619047603,10800.0
2025-07-30,2025-07,61482.33216438747,69.26709523809598,95747.74797780716,22373.25838018812,18122.33928795238,13117.060073666667,4345.781857142854,10800.0
2025-07-31,2025-07,61366.81642604106,146.27067857142868,95289.63156743092,22461.853224573777,18194.101111904765,13483.73152142857,2989.422345238099,10800.0
2025-08-01,2025-08,30934.657907015,0.0,51517.82270952381,19282.885020576134,15619.136866666664,9094.570469606115,17508.144419341563,10800.0
2025-08-02,2025-08,30814.448819137855,0.0,51112.49488095238,18938.13017048795,15339.885438095238,9278.876678865374,17308.348536360958,10800.0
2025-08-03,2025-08,57683.30842758181,13.940659523809416,90875.45196411904,22491.018445238093,18217.724940642856,13964.963297619046,9811.655838095236,10800.0
2025-08-04,2025-08,55492.73502912641,65.42515476190516,87650.76537147854,21783.706629335684,17647.538819761903,11167.972354761903,6996.395278571427,10796.959499999999
2025-08-05,2025-08,53742.99431108047,98.05060476190488,84816.74501116459,22137.507477307467,17928.644606619055,9527.774278571425,6025.848733333332,10800.0
2025-08-06,2025-08,55523.22832690425,896.2757813809528,82375.22400144502,21302.6145648736,17299.76698204762,6811.097776190478,4343.155157142855,10750.389795000001
2025-08-07,2025-08,51574.95128085199,270.4737547619048,80328.96367507348,20923.41801793062,16947.61340952381,7556.375799999999,5679.271771428569,10750.784445000001
2025-08-08,2025-08,26942.9242793968,130.77617380952518,45096.625425690465,19578.627989417982,15816.53847192857,4449.985608142267,21240.155223868318,10797.618
2025-08-09,2025-08,26950.67670200677,315.9337797619037,44061.84637857142,19643.45681884186,15928.100929761908,3330.565833156963,18409.92943609641,10778.839215
2025-08-10,2025-08,51980.231363567094,376.6803313571458,78786.14743171663,20584.39197695473,16671.73049483333,5839.968504761904,4105.578726190473,10780.647
2025-08-11,2025-08,51265.848365890444,323.8388523809528,79265.51553959436,20873.221708641973,16894.717674999996,6439.655847619051,4609.941177380951,10794.638009999999
2025-08-12,2025-08,55695.571547915315,1327.2386871190456,77515.06505358612,19873.98157739565,16093.099286690478,4383.6467375367465,2917.2310624632564,10800.0
2025-08-13,2025-08,51792.831418522874,439.746323738099,78615.66636472663,20440.440829012336,16556.757071499997,6031.319471428571,3019.4300095238077,10800.0
2025-08-14,2025-08,52675.74772724716,637.3979547619035,78731.81432580834,21187.10147580834,17167.48111190476,5725.9498604938235,3697.351072839509,10793.412315
2025-08-15,2025-08,26611.480512917507,238.60303571428574,44019.234423642854,20392.47450517342,16565.297759690475,3544.901406966493,19726.03242357437,10740.75297
2025-08-16,2025-08,27062.982339960756,238.4636541666676,44225.65258414285,20416.594771457956,16486.63718788095,3516.2424383009993,20088.635849764847,10797.2025
2025-08-17,2025-08,50890.50727649236,309.47161190476186,78650.65461625514,20816.049985302758,16858.482738095234,6266.678115667248,5570.487248618461,10800.0
2025-08-18,2025-08,51433.79306282749,553.3189071428568,77941.83975664315,21067.800751881245,17064.918609023807,6669.718464697236,3428.442439564667,10800.0
2025-08-19,2025-08,51282.336632686245,443.5214980238095,78357.38258835979,21027.543700264545,17032.310397214285,5230.870769047621,5257.139964285712,10800.0
2025-08-20,2025-08,60148.829684638586,2084.605625285716,77902.0184355967,20223.946097501466,16429.88567947619,4574.463002380953,967.4095738095237,10746.122955
2025-08-21,2025-08,53208.60017979269,613.7914226666666,78880.82688762492,21341.84229673721,17252.59198685714,5412.488085714286,4148.461431363903,10784.23437
2025-08-22,2025-08,28757.098210320513,561.0027299047604,44640.048112238095,20155.06932836567,16369.10017247619,2871.7856380464464,17312.72664820693,10735.907685
2025-08-23,2025-08,26704.392818528257,102.60958571428573,44957.305785880955,20219.41699106408,16346.637222261905,3416.018788242801,15241.110664550259,10770.45273
2025-08-24,2025-08,51485.2224266727,191.86528095238145,79850.33502751323,21662.24408703704,17574.0519,7171.479992151678,5048.93864594356,10739.748075
2025-08-25,2025-08,56894.1698515531,1263.4671812619013,80453.68044697237,21584.840604115227,17429.494156833334,4372.83933095238,2415.8748333333347,10800.0
2025-08-26,2025-08,52593.35278648868,270.7187357142853,81389.50207674896,22021.672383891822,17839.620130952382,7737.073710376246,4212.27646581423,10797.705
2025-08-27,2025-08,52543.965430725126,194.56369761904784,81289.30078631951,22097.67711158142,17897.052960380952,6019.9753738095205,3349.1160922619074,10800.0
2025-08-28,2025-08,61436.21318999704,1828.504686333333,80530.3921048207,20480.495742915926,16634.988151761903,5501.009226190475,2244.58499047619,10749.126
2025-08-29,2025-08,28827.1664195119,285.6905642857144,46130.36159761904,19699.10550726044,15921.916327380952,4853.984624735449,15229.658007289821,10787.302815
2025-08-30,2025-08,27388.11625917936,68.49725714285744,45847.043366499995,19953.1532569077,16188.283571595237,3428.7386127278087,20209.21249226925,10758.159
2025-08-31,2025-08,52323.58931795955,73.34775897618819,81720.19583386244,22236.224536243386,17979.170024357143,6437.428935714284,4452.437061904762,10793.9055
2025-09-01,2025-09,51857.61668973979,0.0,81754.29526960611,21730.541612904166,17596.25365645238,16866.840694973544,7179.032084847447,10800.0
2025-09-02,2025-09,51374.110875866274,16.676214285714078,81014.08000784832,21977.39874779541,17801.692985714282,17713.753464814814,5083.541145238095,10800.0
2025-09-03,2025-09,51001.29661663911,0.0,80577.34088921221,21697.349514991172,17574.85310714286,14758.064167078192,6149.063064285715,10800.0
2025-09-04,2025-09,51681.83770707362,23.667321428571427,81230.956021164,21818.455831863612,17672.949223809526,15842.021426278658,7341.529758259849,10800.0
2025-09-05,2025-09,26460.823777205947,0.0,44798.902195238086,17886.542986096414,14488.099818738096,11809.838454834504,22766.3589063786,10800.0
2025-09-06,2025-09,27019.37215472026,23.50134047619045,45400.271691690476,17318.42359050558,14027.92310830952,12598.609181461197,21813.57966850941,10800.0
2025-09-07,2025-09,50811.44082749484,49.137321428571454,79356.68408835979,21635.91754556143,17525.09321190476,15631.860077013524,4702.153382451498,10800.0
2025-09-08,2025-09,46072.851205252795,1071.319977072311,67226.9502276896,20723.84126211052,16860.36771080952,2917.279065365665,2121.9480547619064,10717.715235
2025-09-09,2025-09,44181.93171370677,350.2439380952394,68740.44088342151,21252.806096913577,17174.8865,5739.934140564374,6169.996817372134,10762.0335
2025-09-10,2025-09,51702.257985852164,1615.5087029047645,68407.29476860669,20059.401804174013,16235.88041138095,4561.4983787184,321.7850500000004,10775.628
2025-09-11,2025-09,44416.518305001315,282.00330952380966,69393.61396778365,21188.092096913573,17199.286399999997,6362.090604732508,5828.635192328045,10734.592665
2025-09-12,2025-09,21310.756567206383,395.26380000000006,35606.46887054762,19799.771842445618,15989.171600880949,2897.5726274544404,17741.903601528513,10788.6411
2025-09-13,2025-09,20929.435383708813,229.07926904761948,36128.70616238094,19786.351104027035,16037.210644761906,3108.0131030276357,21493.530385802467,10777.234155
2025-09-14,2025-09,44237.724774615985,237.57010714285678,69289.73854579659,20913.489139065256,17023.906530142856,3449.1147140934786,2089.286579923574,10683.92268
2025-09-15,2025-09,44995.80919435524,215.28884047619,70894.63017210463,21685.86491437389,17487.411757142858,6568.275179159317,5276.160042857144,10770.743595
2025-09-16,2025-09,45527.02078562627,406.74153652381074,69854.01720587889,21177.460024750148,17186.806442047615,3259.224364550266,3519.110811816577,10734.006014999999
2025-09-17,2025-09,44680.75210661843,120.59112619047649,70981.58669538505,21265.86711572604,17262.050979738095,4902.318254635215,2235.9250309523813,10693.229775
2025-09-18,2025-09,45103.73449156971,215.09149383333127,70374.82796428571,21364.21074247501,17225.032651404763,5313.120990858322,2181.5692595238097,10782.094274999998
2025-09-19,2025-09,21080.840827576714,270.5598238095241,36536.37116678571,20076.3804478542,16251.756460261897,2892.403855383885,13988.550830952381,10793.3295
2025-09-20,2025-09,22251.775752329337,447.1244021904771,36294.54453571428,20063.702945002937,16279.083454952379,2933.0853624338656,14378.530352087006,10762.791645000001
2025-09-21,2025-09,46733.95729715521,202.68957857142857,73356.00942583772,21539.14361105232,17413.218805452387,5885.768664697236,5259.518050778658,10800.0
2025-09-22,2025-09,46577.94207362414,354.01843571428503,72328.12447157555,21158.931284597296,17152.95988452381,4044.4220099647277,4017.729613918282,10784.19384
2025-09-23,2025-09,48046.960137481976,386.8660375476174,74147.65164271576,21343.981889241615,17274.399786285714,5894.906058994711,2453.4139349794204,10800.0
2025-09-24,2025-09,46961.29568413192,213.82640238095226,73782.13599750146,21276.961062316284,17234.338460476196,5047.057045972957,3843.0576520693685,10800.0
2025-09-25,2025-09,47813.97204496337,391.9713642857138,73463.15215288065,21051.098244591412,17088.76509761905,5274.916009670785,4282.42546052322,10758.471645
2025-09-26,2025-09,21180.071410452314,113.82666428571409,37245.352043309525,20016.03408697824,16211.824261452379,3745.6272927689574,12115.098089300416,10759.764255
2025-09-27,2025-09,25848.143333739747,1020.668301452379,37223.680782404765,19673.739249118164,15986.072573285714,2605.7778842151724,14149.60227380952,10703.826720000001
2025-09-28,2025-09,47538.55744514834,156.1368738095237,74773.4236388301,21437.24853086419,17379.970117,5924.106819870666,1460.5461122380939,10686.27249
2025-09-29,2025-09,48789.97701246852,247.3749809523813,75903.88645676072,21741.803286713694,17575.440145238095,6416.790960523223,2808.2157357142833,10725.62862
2025-09-30,2025-09,49599.472567432356,370.5473380952395,76113.25671890064,21558.809244767774,17444.391898761904,5300.412307466197,1646.799636857143,10745.899274999998
2025-10-01,2025-10,48101.15933589506,36.2650000000001,76656.44550526161,20854.577310552613,16843.516969047618,14030.090821840093,8990.037808583187,10800.0
2025-10-02,2025-10,47289.58734896138,61.99418571428545,75050.48400029395,20764.0824691358,16818.9068,12319.560209553209,7116.959190652557,10800.0
2025-10-03,2025-10,20471.782841775475,54.69626666666653,36916.876359523805,18970.461743092295,15366.074011904762,6214.789679717811,19335.24151528513,10800.0
2025-10-04,2025-10,21614.88977470738,61.1465952380953,38278.96748571428,18845.9424191652,15265.213359523812,6602.209355496768,15061.193232480888,10800.0
2025-10-05,2025-10,45982.61869874361,82.44488333333322,72955.75732589653,20476.677339800117,16586.108645238095,9015.342485243973,5396.329962757202,10800.0
2025-10-06,2025-10,46071.623075771306,32.236399999999776,72840.23110399765,20496.114725396827,16601.85292757143,7695.046925279252,3550.049530893005,10800.0
2025-10-07,2025-10,45549.6628289956,22.98310000000015,72250.12238647854,20407.98940972957,16530.471421880953,7994.952701881248,2629.071796748677,10800.0
2025-10-08,2025-10,42580.041297477015,233.67976666666686,67898.7279270135,21138.49941396237,17122.184525309523,4265.380263697826,3372.216874662845,10800.0
2025-10-09,2025-10,42686.42255639905,140.93774285714244,68571.15384761905,21110.243342151676,17099.29710714286,4927.921521340388,4013.2421507936497,10800.0
2025-10-10,2025-10,18492.824647704285,177.71589047619045,34250.522423809525,20061.4812063786,16287.544116666664,2190.399143092299,19120.291164814815,10758.061844999998
2025-10-11,2025-10,18694.696318629918,32.26811904761911,35424.796022833325,20134.64942386831,16274.293043833333,2746.4726231040595,14743.921555408579,10796.6985
2025-10-12,2025-10,44227.59826914231,270.4412583809489,69340.1164181658,20741.39320908289,16816.483136857147,4802.677110346856,2368.0145106408027,10778.971125
2025-10-13,2025-10,43515.849350346034,73.39065238095259,70166.13517089946,20953.86655129335,16953.70591904762,6218.790600911229,2993.1792901234558,10800.0
2025-10-14,2025-10,44134.950766595175,303.6684597380946,69463.17518683127,20787.606703997644,16881.930430738095,3795.979373956496,1291.3587160199913,10751.145555
2025-10-15,2025-10,47091.701786008045,782.5518912142824,69719.14248430335,20348.929655790715,16438.664020690478,3587.761380276307,1083.6437101410934,10800.0
2025-10-16,2025-10,49966.04667101313,1369.3924313809525,70686.66635270428,20716.558685537908,16780.412535285715,3617.0917116696096,1536.3479721634353,10800.0
2025-10-17,2025-10,18946.73709283976,23.360592857142777,35748.02700238096,20149.0735377425,16332.34252857143,2921.25352698413,13029.203742416224,10787.11893
2025-10-18,2025-10,19468.69051599167,187.1333880952379,35653.763808238094,19713.459823633155,15957.515044142858,2786.884765461496,13221.474384714871,10798.6605
2025-10-19,2025-10,47600.227114036505,553.8886779523827,73334.18195452675,21796.976884950025,17654.34572680952,4392.989607054678,1466.7273339506178,10800.0
2025-10-20,2025-10,48176.46235913213,472.8473452380963,74130.60000858318,21933.96680925925,17775.4258155,4848.127549323926,1155.9964440714275,10790.097
2025-10-21,2025-10,48213.58016961788,317.146788452381,75572.32663156965,22086.7030568783,17895.922021071427,4340.5289580246945,895.5820761904743,10783.77195
2025-10-22,2025-10,50927.77545505852,847.3010785714285,75874.23252554378,22760.988717195763,18421.795615928568,4391.268370252795,2436.175432595235,10800.0
2025-10-23,2025-10,48047.8510926002,78.53640476190492,76813.3993648736,22910.485287007643,18636.68929347619,6002.964598941799,3235.6781438289245,10712.00421
2025-10-24,2025-10,20246.82157614128,255.10266666666695,36116.890213380946,20247.54787257495,16340.552514285715,2402.7647346625513,11642.18207042916,10778.627835
2025-10-25,2025-10,20141.861458208296,252.54575952380932,36366.33923897619,20340.689657289822,16471.615847904763,2632.9875544294578,10718.390901352142,10783.45314
2025-10-26,2025-10,48813.07629735097,96.93293095238103,77847.32938597618,23086.22007322163,18684.946085309522,5687.994251822458,3310.6820605273333,10800.0
2025-10-27,2025-10,49225.69834173458,205.29595433333395,77773.45529319046,23043.859262316288,18665.526002476192,6211.754655437977,3836.08166557907,10800.0
2025-10-28,2025-10,48545.39011869274,136.12611216666699,77317.76146604761,23082.763657113457,18700.957612261904,4601.765446031748,2497.89438733098,10795.645499999999
2025-10-29,2025-10,52520.10530589734,868.5661482380966,77167.99214659023,22414.39694603174,18158.399461285713,3842.78961484421,625.5143952380952,10792.60335
2025-10-30,2025-10,49189.72398981675,238.8054142857144,77443.69349449206,23028.772380070543,18655.86906185714,4921.757090564377,3600.020850000001,10789.755089999999
2025-10-31,2025-10,20280.838031298143,121.18043095238083,37133.405085666665,20268.905112169312,16412.552892857144,2353.9643542439735,7139.9768763962375,10795.59981
2025-11-01,2025-11,20316.42183890523,220.92533571428595,37122.63171385714,19888.865041152254,16106.020512333329,2909.5248468841914,8107.149240534982,10800.0
2025-11-02,2025-11,50639.97430176029,249.96057857142952,79315.50071882892,23220.556938065838,18808.651119833332,4650.649485501178,1706.5220603333328,10800.0
2025-11-03,2025-11,50663.41752819875,112.350312880952,80319.02248316784,22656.450307730745,18389.405125761903,4069.043733127571,2590.353597619047,10758.132915
2025-11-04,2025-11,51027.01791182028,126.51670476190498,80968.38266345677,23460.124365902404,18968.217362380954,5705.512578982952,3317.407752380951,10796.447775
2025-11-05,2025-11,51507.57630720708,138.0757833333334,81396.41595765726,22780.1780462669,18460.102915476193,4738.437581628455,2797.9589619047597,10787.382555
2025-11-06,2025-11,53983.10765566978,723.4266785714285,80649.41302562432,22695.564872663133,18375.77366135714,4639.03359929453,1044.4303435952386,10795.86465
2025-11-07,2025-11,21661.100002519684,306.7176571428563,37693.65604357143,20081.070375191055,16308.84699690476,2933.185728248092,7976.502810846565,10747.88688
2025-11-08,2025-11,20449.3853986114,99.27763809523836,37827.54509028571,20432.820953674312,16503.68316447619,3030.302210905351,7176.17562827748,10800.0
2025-11-09,2025-11,52955.342579501885,197.48430161904753,82542.26649404762,22494.531453821277,18237.45045909524,4728.564269988245,2407.288347619047,10781.244465
2025-11-10,2025-11,53669.776301101694,333.5657136666669,82920.77253414901,22925.896697060547,18553.77701311905,3379.5590210170476,1644.2164428571416,10799.243699999999
2025-11-11,2025-11,52944.71702420528,141.85917619047626,83102.13381858464,22840.496428894767,18512.12546190476,5200.298791475601,2156.3035696428565,10786.662195
2025-11-12,2025-11,53338.835497752574,85.52793095238086,83925.86565382127,23481.15039767783,19020.676997619048,6371.180427572018,2223.752007142855,10785.612
2025-11-13,2025-11,54236.898307201554,244.40162245238037,84133.28738398,23646.939040476183,19141.071422785713,4544.066636360961,2931.8834357142837,10800.0
2025-11-14,2025-11,21126.626942351424,62.48583333333346,38987.21212619047,20192.636347883592,16357.600564285713,2953.705971105235,4662.500904820694,10798.260975
2025-11-15,2025-11,21272.85002790711,187.41518571428588,38613.38984392857,20419.746098383293,16542.638503690472,2809.7967365961244,3902.0137816872457,10795.323015
2025-11-16,2025-11,55270.67738000134,322.58963333333264,85403.42555802468,23718.80742219282,19228.17038397619,5034.1686048794845,1766.665164928574,10777.615935000002
2025-11-17,2025-11,55141.12579593682,137.73300714285725,86375.88915537919,24018.973574015276,19441.17788095238,6828.864919459145,2411.2072166666667,10793.383395
2025-11-18,2025-11,55252.40405545546,234.20029580952186,85780.88903594944,23808.095680864193,19312.146560499998,4596.315039966199,2032.2733380952368,10762.728885
2025-11-19,2025-11,55351.69933362891,301.90433809523813,85677.27278550851,24026.6775616402,19437.301521428566,4730.394195296885,1291.0952880952368,10789.737
2025-11-20,2025-11,55632.63877625325,216.43641904761844,86450.51050220458,23763.084368988828,19307.94385238095,5449.634304644325,1969.0960666666665,10723.241984999999
2025-11-21,2025-11,21817.456985484692,168.50277380952338,39961.99672316666,19086.57741263962,15450.740438738096,3016.106701557904,4614.171754850092,10733.672279999999
2025-11-22,2025-11,22101.95459588255,114.04310476190446,40656.152476809526,19238.701804526747,15530.981313666663,2929.024317225163,3913.621290152848,10791.858
2025-11-23,2025-11,56874.94163962196,313.1590238095247,87635.05351114049,24152.005061728392,19555.796299999998,6143.449394650206,1976.4580952380943,10800.0
2025-11-24,2025-11,55960.9803426686,256.2445238095238,86734.92302342739,24106.095557466186,19588.789419047615,5463.259849294536,2848.657859523808,10730.164424999999
2025-11-25,2025-11,55826.8657934581,149.69073333333387,87526.41019523809,24486.304070664308,19806.850245238093,4925.163972192834,1902.8226642857153,10760.226705
2025-11-26,2025-11,56235.10190238598,120.39039285714276,88059.50683268665,24203.920609229863,19574.20429047619,5400.463137742507,1392.050885714284,10794.639375
2025-11-27,2025-11,56267.37801829793,99.49122380952353,87908.50091472662,24367.8140760729,19733.104839119052,5242.76954443945,2349.6206238095224,10800.0
2025-11-28,2025-11,22881.274616604853,185.67125238095235,41320.104866690475,19084.84463547913,15486.212854738093,3308.4299594062322,3677.47582892416,10769.457
2025-11-29,2025-11,25631.9334514804,598.697247166666,41987.244748765435,18244.10802639624,14814.374371880953,2823.062198148147,1403.6960432686703,10728.738255
2025-11-30,2025-11,57779.51731213201,312.63078214285605,89114.43522857141,24620.243153762487,19879.24423804762,3770.7834890946515,670.4554892380971,10798.907940000001
2025-12-01,2025-12,70612.57532430519,3593.3973071666655,89834.70836666666,24229.174278483246,19649.101779571436,2512.4878392072346,36.61760238095235,10772.82948
2025-12-02,2025-12,74669.73821665511,4036.961164523809,90753.95078333333,24039.169007818928,19447.273428333334,1487.8920136096447,73.31440476190505,10800.0
2025-12-03,2025-12,67032.56652244071,2306.885881071426,92249.8344834509,24186.927111669604,19628.71239195238,2166.287820995593,669.4692571428573,10758.553965000001
2025-12-04,2025-12,67627.61600295131,2255.8163465714283,92680.24587880657,24829.12599976484,20119.959778309523,3054.1842861845944,401.5029677380969,10749.2565
2025-12-05,2025-12,28293.494663200523,844.1604166666666,48056.613473368605,20137.208685655492,16380.364902380948,2862.0225507054674,970.2798727219299,10672.33887
2025-12-06,2025-12,31275.027093064145,1384.411209642858,49105.684404262196,20548.558307495587,16546.218576071427,1614.7038071428576,1208.4212586713682,10781.35404
2025-12-07,2025-12,64322.99526554261,689.4031007619042,96284.37997716048,25061.716987595526,20291.24444745238,3325.7450062316275,1224.8842815476196,10791.072165
2025-12-08,2025-12,67519.47562872524,57.09204999999986,103834.09586190476,25193.96577198706,20403.166373809523,9289.77317563198,1963.4042214285714,10795.4565
2025-12-09,2025-12,68148.872204585,98.01957857142818,104293.27895476189,25252.896796002344,20450.757254761906,10705.130015902412,1495.574709523809,10800.0
2025-12-10,2025-12,67016.7129025465,61.16149349999925,103363.75034047617,25186.638979218107,20402.778673166667,8329.040361258081,1924.3926999999994,10798.221000000001
2025-12-11,2025-12,67866.62734806785,45.646516666666685,104208.73142380951,25003.001129747197,20278.007988095236,11493.276260728984,2074.8538380952386,10769.802029999999
2025-12-12,2025-12,31033.783549051004,58.09874761904803,57150.86647742504,20168.670381481483,16356.421650000002,6363.379591534391,3318.9234186948843,10747.80354
2025-12-13,2025-12,31548.097125703593,56.77431190476193,58172.003471252196,20264.28143997648,16367.091152380952,8119.222925426215,2413.8311868018845,10800.0
2025-12-14,2025-12,67853.41785061499,30.28536190476187,104476.62951666665,25198.47389035861,20410.763851190477,9579.37627273663,1361.1067666666656,10800.0
2025-12-15,2025-12,67449.56834111857,39.0191261904763,104061.25598571426,25165.487300088178,20391.49182607143,8498.31058074515,1358.41109047619,10791.72543
2025-12-16,2025-12,67924.54789353308,3.245450000000119,104626.08806666665,25115.15973065843,20348.318783333336,9061.283690770135,1383.117545238097,10786.126095000001
2025-12-17,2025-12,67995.3942460907,93.75971428571381,104490.1579690476,25172.175019135797,20382.161600000003,9815.501649911814,1786.55554761905,10794.23739
2025-12-18,2025-12,67362.43746101514,47.85310476190465,103853.88143718401,25158.489059435622,20375.645007142855,10399.681025367434,1352.9424976190476,10797.271980000001
2025-12-19,2025-12,31361.745244346457,17.605290476190476,58058.74335537919,20376.458140711344,16535.48104047619,7099.241676190481,4227.738569429749,10763.327595
2025-12-20,2025-12,31442.57749299039,20.605428571428376,58162.11537354496,20208.648220664312,16359.155445238099,7738.315606554966,3738.5601701352143,10774.27161
2025-12-21,2025-12,68014.62697098838,74.57599176190428,104443.1533857143,25111.199147207517,20316.915758238094,8920.85396469724,1764.8101571428574,10800.0
2025-12-22,2025-12,67636.44112846024,45.11518333333356,104303.71341428571,25377.576316872422,20555.836816666666,9113.548561699,1476.113452380953,10800.0
2025-12-23,2025-12,67698.42844441927,0.0,104514.03459047618,25236.92327160493,20446.5451,10780.728645061732,1684.8352404761904,10794.8475
2025-12-24,2025-12,67584.22121701643,44.163816666666776,104115.40431666665,25426.406419753082,20597.308899999996,9950.970715961203,1524.9405809523814,10792.7145
2025-12-25,2025-12,67699.55885096405,94.41196428571465,103979.17647857142,25343.678167078186,20543.104683333335,9458.585316255145,2001.9811095238097,10776.352980000001
2025-12-26,2025-12,31388.61201684407,46.600288095238156,57668.40009591416,19962.852094532624,16148.627878571428,7723.44785614345,3169.7058785714316,10800.0
2025-12-27,2025-12,31150.276045210492,28.551752380952337,57787.83216813639,20281.597158495,16434.483302380948,7500.2592903292225,3130.2017074074092,10792.900440000001
2025-12-28,2025-12,68144.10616502786,106.33535476190468,104309.99147619047,25001.256790329215,20245.493516666666,10610.058297766016,2241.2505095238103,10799.038755
2025-12-29,2025-12,67873.78069514809,54.41296428571418,104422.20023571426,25168.21755802469,20396.01845,10008.287880070544,2172.359945238096,10788.191835
2025-12-30,2025-12,66903.73977480762,10.585459523809519,103383.59226666666,25166.86749588477,20377.553666666667,10432.347356496175,1948.1139404761916,10796.646284999999
2025-12-31,2025-12,66940.19275962934,72.88577857142872,103099.46732663138,24993.738803468546,20299.07987380952,8664.89242792475,1166.378814285713,10736.478014999999
