date,plan_kwh,final_contract_kwh,cash_cost_yuan,alternative_cash_cost_yuan,emergency_kwh,unused_contract_kwh,pv_curtailed_kwh,charge_kwh,discharge_kwh,soc_start_kwh,soc_end_kwh,soc_min_kwh,soc_max_kwh,max_balance_residual_kwh,emergency_slots,settlement_yuan,emergency_yuan,soc_bound_slots
2025-01-01,64816.03163252717,64816.03163252717,216443.17218575475,216443.17218575475,34593.63373713949,21.217300000000023,0.0,17346.217299999997,9992.939246999993,6000.0,10508.32974,1200.0,10508.32974,1.1368683772161603e-13,84,37403.14888484667,179040.02330090804,78
2025-01-02,98840.63128618873,98840.63128618873,65189.231802796974,65189.231802796974,409.3935574206333,1296.1742247501454,0.0,26142.27808146459,21073.666729272038,10508.32974,10621.194758571428,1200.0,10800.0,2.2737367544323206e-13,5,63220.599851257306,1968.6319515396751,18
2025-01-03,102155.61804271326,102155.61804271326,65771.10126520373,65771.10126520373,0.0,49862.90344989218,4865.570838944812,9269.882473283542,7347.680086073953,10621.194758571428,10800.0,5053.219349169527,10800.0,2.2737367544323206e-13,0,65771.10126520373,0.0,100
2025-01-04,101323.27344495042,101323.27344495042,65120.07328239388,65120.07328239388,0.0,49127.4707108616,5713.482816666667,9035.35553029209,7318.637979536592,10800.0,10800.0,4839.531226219685,10800.0,3.410605131648481e-13,0,65120.07328239388,0.0,103
2025-01-05,100645.56618386108,100645.56618386108,66757.739225908,66757.739225908,330.14052456470046,5228.934744792816,0.0,24891.150308770608,20180.088645137625,10800.0,10779.714561073964,1200.0,10800.0,2.2737367544323206e-13,3,64527.20275372299,2230.5364721850033,24
2025-01-06,103185.05662356404,103185.05662356404,66559.50869638697,66559.50869638697,0.0,7999.04081997753,0.0,23869.883202910933,19316.348499324424,10779.714561073964,10800.0,1225.8218269580527,10800.0,2.2737367544323206e-13,0,66559.50869638697,0.0,55
2025-01-07,105013.24994387128,105013.24994387128,68068.73080296279,68068.73080296279,0.0,8062.744156174201,0.0,23071.604408932068,18687.999571234977,10800.0,10800.0,1476.198173747507,10800.0,2.2737367544323206e-13,0,68068.73080296279,0.0,59
2025-01-08,107337.81717378869,107337.81717378869,69922.85297769567,69922.85297769567,0.0,13628.979721065167,0.0,22014.9270318782,17832.09089582134,10800.0,10800.0,1631.7292491401738,10800.0,2.2737367544323206e-13,0,69922.85297769567,0.0,57
2025-01-09,108915.89743843951,108915.89743843951,71165.4595072685,71165.4595072685,0.0,13683.368655931044,0.0,21794.592978114808,17653.620312273004,10800.0,10800.0,1645.5066718010157,10800.0,2.2737367544323206e-13,0,71165.4595072685,0.0,69
2025-01-10,108642.175520481,108642.175520481,70856.53831817949,70856.53831817949,0.0,56944.778922556856,4619.2245,8355.291480302527,6767.786099045041,10800.0,10800.0,4986.692923031074,10800.0,3.410605131648481e-13,0,70856.53831817949,0.0,105
2025-01-11,108016.39536816167,108016.39536816167,70296.36449819413,70296.36449819413,0.0,55967.7692290845,5610.417316666668,8275.380030230779,6703.057824486932,10800.0,10800.0,4803.017414292152,10800.0,3.410605131648481e-13,0,70296.36449819413,0.0,107
2025-01-12,109319.65202708765,109319.65202708765,71308.9952800804,71308.9952800804,0.0,14330.012395148538,0.0,21703.953852311213,17580.202620372092,10800.0,10800.0,1344.2581668460282,10800.0,3.126388037344441e-13,0,71308.9952800804,0.0,63
2025-01-13,110980.52440466336,110980.52440466336,72605.96613158331,72605.96613158331,0.0,18754.97727569401,0.0,20797.842959487898,16846.2527971852,10800.0,10800.0,1331.1493169984144,10800.0,2.8421709430404007e-13,0,72605.96613158331,0.0,70
2025-01-14,112636.73564109184,112636.73564109184,73882.43145232742,73882.43145232742,0.0,19353.843012199235,0.0,21066.208923996295,17063.629228437,10800.0,10800.0,1270.6996625949675,10800.0,2.2737367544323206e-13,0,73882.43145232742,0.0,70
2025-01-15,114673.89353827333,114673.89353827333,75499.71174548661,75499.71174548661,0.0,20625.590347212317,0.0,20936.63293540888,16958.6726776812,10800.0,10800.0,1295.7566724506974,10800.0,2.2737367544323206e-13,0,75499.71174548661,0.0,73
2025-01-16,116306.27861657648,116306.27861657648,76829.50117373871,76829.50117373871,0.0,23432.153405742414,0.0,19999.861899126743,16199.888138292657,10800.0,10800.0,1569.7615692342833,10800.0,3.410605131648481e-13,0,76829.50117373871,0.0,74
2025-01-17,113974.71068464132,113974.71068464132,74888.23291522528,74888.23291522528,0.0,63629.23715988124,6278.319716666667,7252.843902246014,5874.803560819269,10800.0,10800.0,4851.427912102018,10800.0,1.1368683772161603e-13,0,74888.23291522528,0.0,115
2025-01-18,113069.86837629149,113069.86837629149,74086.81564292281,74086.81564292281,0.0,62469.272808392474,5987.215499999999,7215.110795959774,5844.239744727416,10800.0,10800.0,4863.283718425059,10800.0,3.410605131648481e-13,0,74086.81564292281,0.0,116
2025-01-19,116065.1759392336,116065.1759392336,76467.11925172308,76467.11925172308,0.0,23621.991980926105,0.0,19789.707850741146,16029.663359100325,10800.0,10800.0,1302.2363445141755,10800.0,2.8421709430404007e-13,0,76467.11925172308,0.0,71
2025-01-20,117684.30320457912,117684.30320457912,77812.5153649665,77812.5153649665,0.0,25924.828022097554,0.0,19433.67701306085,15741.27838057929,10800.0,10800.0,1425.6868304844813,10800.0,2.2737367544323206e-13,0,77812.5153649665,0.0,74
2025-01-21,116420.62039397092,116420.62039397092,76950.93887560329,76950.93887560329,0.0,28809.54772937254,744.9434500000002,17843.287006658167,14453.062475393122,10800.0,10800.0,1564.5260058879458,10800.0,2.2737367544323206e-13,0,76950.93887560329,0.0,77
2025-01-22,118022.1840060236,118022.1840060236,78266.33070259566,78266.33070259566,0.0,25489.947565608767,0.0,19234.675091489145,15601.203017740963,10800.0,10776.537562628051,1204.9070275865997,10800.0,2.7711166694643907e-13,0,78266.33070259566,0.0,77
2025-01-23,118730.13518817448,118730.13518817448,78858.25048742916,78858.25048742916,0.0,25584.874023849767,0.0,18727.470372052434,15148.13480772772,10776.537562628051,10800.0,1546.1055106449019,10800.0,2.8421709430404007e-13,0,78858.25048742916,0.0,77
2025-01-24,114104.4456865575,114104.4456865575,75059.81396106949,75059.81396106949,0.0,64386.36737757929,8562.285383333334,6980.9461876046125,5654.566411959736,10800.0,10800.0,4888.090014501715,10800.0,3.410605131648481e-13,0,75059.81396106949,0.0,116
2025-01-25,112507.187225511,112507.187225511,73756.82992053527,73756.82992053527,0.0,62840.93806808403,9857.2905,7207.279951370031,5837.896760609727,10800.0,10800.0,4584.233358759015,10800.0,3.410605131648481e-13,0,73756.82992053527,0.0,118
2025-01-26,115751.96613240088,115751.96613240088,76436.64502736094,76436.64502736094,0.0,24491.254507255748,0.0,18745.903114798984,15184.181522987175,10800.0,10800.0,1334.6577800796538,10800.0,2.2737367544323206e-13,0,76436.64502736094,0.0,70
2025-01-27,116357.88809604669,116357.88809604669,76940.90000531601,76940.90000531601,0.0,28626.76308916815,198.49428333333321,17566.91547479936,14229.201534587482,10800.0,10800.0,1473.6289054805452,10800.0,2.2737367544323206e-13,0,76940.90000531601,0.0,79
2025-01-28,116714.49094622338,116714.49094622338,77223.48222589723,77223.48222589723,0.0,26206.56591455861,0.0,18565.924552621647,15038.398887623533,10800.0,10800.0,1414.1183462551867,10800.0,2.2737367544323206e-13,0,77223.48222589723,0.0,74
2025-01-29,117518.94792889422,117518.94792889422,77897.10116948308,77897.10116948308,0.0,32886.1749957336,130.00300000000038,16408.257279792844,13290.688396632204,10800.0,10800.0,1796.5922133494373,10800.0,2.2737367544323206e-13,0,77897.10116948308,0.0,83
2025-01-30,117719.57973020544,117719.57973020544,78064.71142831343,78064.71142831343,0.0,30380.162799547634,227.56126666666648,17733.01516135693,14363.742280699114,10800.0,10800.0,1497.7877455250248,10800.0,2.2737367544323206e-13,0,78064.71142831343,0.0,79
2025-01-31,112703.27769918137,112703.27769918137,73983.41734324937,73983.41734324937,0.0,64275.48542898048,8315.396966666665,7095.117123864408,5747.044870330174,10800.0,10800.0,4838.895078954577,10800.0,3.410605131648481e-13,0,73983.41734324937,0.0,116
2025-02-01,111424.7810689538,111424.7810689538,72933.88481663434,72933.88481663434,0.0,65298.9194758088,10450.236262693812,6828.681037462463,5531.231640344597,10800.0,10800.0,4935.604972796096,10800.0,3.410605131648481e-13,0,72933.88481663434,0.0,117
2025-02-02,115052.61317086846,115052.61317086846,75936.3744383594,75936.3744383594,0.0,33105.9831154359,437.1925500000009,16595.5766075398,13442.417052107236,10800.0,10800.0,1608.6856339137357,10800.0,3.410605131648481e-13,0,75936.3744383594,0.0,82
2025-02-03,115184.61238016206,115184.61238016206,76071.70147382584,76071.70147382584,0.0,31806.82663937489,80.66648333333296,16211.593460283386,13131.390702829547,10800.0,10800.0,1626.4585206301465,10800.0,2.2737367544323206e-13,0,76071.70147382584,0.0,81
2025-02-04,115405.1952851082,115405.1952851082,76255.73214557665,76255.73214557665,0.0,30626.037387885925,319.0483499999998,17185.503143275157,13920.257546052875,10800.0,10800.0,1786.4741684200649,10800.0,2.2737367544323206e-13,0,76255.73214557665,0.0,82
2025-02-05,115890.07877043891,115890.07877043891,76678.7922202931,76678.7922202931,0.0,31884.968215593235,41.18235000000038,16923.690639538654,13708.18941802631,10800.0,10800.0,1751.2512459916043,10800.0,3.410605131648481e-13,0,76678.7922202931,0.0,82
2025-02-06,116108.51764369437,116108.51764369437,76869.8295894101,76869.8295894101,0.0,32675.050694569167,1.400816666666742,16636.88903048358,13475.880114691703,10800.0,10800.0,1789.948871207652,10800.0,3.410605131648481e-13,0,76869.8295894101,0.0,83
2025-02-07,110925.84900695497,110925.84900695497,72632.27415699934,72632.27415699934,0.0,65372.27398748104,12399.403233333334,7097.326944599616,5748.834825125689,10800.0,10800.0,4806.448698531109,10800.0,2.2737367544323206e-13,0,72632.27415699934,0.0,116
2025-02-08,109547.84648932345,109547.84648932345,71544.01633583012,71544.01633583012,0.0,64984.80385406239,11655.549033333333,7001.741501374131,5671.410616113047,10800.0,10800.0,4704.724019281908,10800.0,2.2737367544323206e-13,0,71544.01633583012,0.0,119
2025-02-09,113447.5610290321,113447.5610290321,74766.89771029828,74766.89771029828,0.0,30622.475408965824,52.429416666666384,16932.843351226133,13715.603114493173,10800.0,10800.0,1625.5698364795444,10800.0,3.410605131648481e-13,0,74766.89771029828,0.0,81
2025-02-10,111636.44725690772,111636.44725690772,73386.9940033442,73386.9940033442,0.0,32817.30981693767,1451.727766666666,16004.063631421322,12963.291541451268,10800.0,10800.0,1513.927017068177,10800.0,2.2737367544323206e-13,0,73386.9940033442,0.0,85
2025-02-11,111677.35150571441,111677.35150571441,73438.43950034854,73438.43950034854,0.0,32366.392913723175,931.5219333333335,16625.471185918766,13466.631660594197,10800.0,10800.0,1441.0914243418133,10800.0,2.2737367544323206e-13,0,73438.43950034854,0.0,82
2025-02-12,111955.65232973258,111955.65232973258,73693.83449048092,73693.83449048092,0.0,32226.468697875316,1364.8385000000005,16303.20525538915,13205.596256865214,10800.0,10800.0,1590.8390885462552,10800.0,3.410605131648481e-13,0,73693.83449048092,0.0,82
2025-02-13,112048.77086418627,112048.77086418627,73796.38666293696,73796.38666293696,0.0,35723.21217500649,2150.1911833333347,14978.360469367282,12132.4719801875,10800.0,10800.0,1530.4064855224012,10800.0,2.2737367544323206e-13,0,73796.38666293696,0.0,86
2025-02-14,106600.91713054344,106600.91713054344,69359.70283647392,69359.70283647392,0.0,62659.19178850538,12807.300316666666,7013.806361603812,5681.183152899089,10800.0,10800.0,4783.8755925925925,10800.0,3.410605131648481e-13,0,69359.70283647392,0.0,119
2025-02-15,105402.55406443114,105402.55406443114,68380.03920446875,68380.03920446875,0.0,61410.67845719521,13355.802533333333,7136.747231066338,5780.765257163734,10800.0,10800.0,4690.990388888889,10800.0,3.410605131648481e-13,0,68380.03920446875,0.0,118
2025-02-16,109485.89841548672,109485.89841548672,71748.25792297567,71748.25792297567,0.0,30440.030689664098,571.0480333333325,16302.318907838384,13204.878315349095,10800.0,10800.0,1385.2330631893751,10800.0,2.5579538487363607e-13,0,71748.25792297567,0.0,80
2025-02-17,109643.97797945472,109643.97797945472,71890.21112861956,71890.21112861956,0.0,33727.87129034101,1898.901383333332,14912.327047966917,12078.9849088532,10800.0,10800.0,1373.4879054658522,10800.0,2.2737367544323206e-13,0,71890.21112861956,0.0,87
2025-02-18,109662.00990645817,109662.00990645817,71920.29405916126,71920.29405916126,0.0,33469.2260118767,1147.2394499999996,15548.192953937554,12594.036292689421,10800.0,10800.0,1498.8454365720877,10800.0,3.410605131648481e-13,0,71920.29405916126,0.0,85
2025-02-19,109880.84183100967,109880.84183100967,72114.788356982,72114.788356982,0.0,31731.388619929603,2188.3794999999996,16219.717514456552,13137.971186709805,10800.0,10800.0,1476.5140233878615,10800.0,2.2737367544323206e-13,0,72114.788356982,0.0,83
2025-02-20,109979.7190283373,109979.7190283373,72220.49459728436,72220.49459728436,0.0,34354.84270335968,1799.7883499999996,14905.022324443686,12073.06808279939,10800.0,10800.0,1698.973580657896,10800.0,2.2737367544323206e-13,0,72220.49459728436,0.0,86
2025-02-21,104635.74921151182,104635.74921151182,67840.92302155204,67840.92302155204,0.0,61867.84944661342,15911.988999999998,6819.203850342477,5523.555118777404,10800.0,10800.0,4922.563654691466,10800.0,2.2737367544323206e-13,0,67840.92302155204,0.0,119
2025-02-22,103499.46987363163,103499.46987363163,66914.99424818554,66914.99424818554,0.0,60520.97334501811,13789.871816666668,7072.956992702839,5729.095164089298,10800.0,10800.0,4721.059407407408,10800.0,3.410605131648481e-13,0,66914.99424818554,0.0,119
2025-02-23,107727.13978005052,107727.13978005052,70420.30477669455,70420.30477669455,0.0,32023.820368513796,1186.5517166666673,15710.073744930185,12725.159733393455,10800.0,10800.0,1407.6645393441618,10800.0,3.055333763768431e-13,0,70420.30477669455,0.0,82
2025-02-24,107823.179701987,107823.179701987,70499.7478001782,70499.7478001782,0.0,33785.69925670994,3025.254949999999,14785.220413738882,11976.028535128493,10800.0,10800.0,1526.784860037288,10800.0,2.2737367544323206e-13,0,70499.7478001782,0.0,87
2025-02-25,107834.51812189206,107834.51812189206,70533.34778458039,70533.34778458039,0.0,34829.50039618895,4521.366883333332,14012.250573876076,11349.922964839629,10800.0,10800.0,1540.938403143659,10800.0,3.410605131648481e-13,0,70533.34778458039,0.0,90
2025-02-26,107932.405873522,107932.405873522,70632.6539834192,70632.6539834192,0.0,33815.80370597895,2542.4630666666653,14522.584566016125,11763.29349847306,10800.0,10800.0,1625.9129162565846,10800.0,2.2737367544323206e-13,0,70632.6539834192,0.0,86
2025-02-27,107948.78659624147,107948.78659624147,70654.77825599392,70654.77825599392,0.0,33947.80812942901,4100.133883333332,15496.107281469078,12551.846897989959,10800.0,10800.0,1620.5356410791776,10800.0,2.2737367544323206e-13,0,70654.77825599392,0.0,82
2025-02-28,102562.73956028532,102562.73956028532,66246.66828061827,66246.66828061827,0.0,60765.2830276554,17169.85701666667,7026.3471892803045,5691.3412233170475,10800.0,10800.0,4760.9838173021835,10800.0,3.410605131648481e-13,0,66246.66828061827,0.0,119
2025-03-01,101515.90926877466,101515.90926877466,65388.96584096261,65388.96584096261,0.0,60879.392451990934,15634.3189218107,7070.694534945747,5727.262573306055,10800.0,10800.0,4708.726500000001,10800.0,3.410605131648481e-13,0,65388.96584096261,0.0,118
2025-03-02,103482.40852389406,103482.40852389406,67272.41846452489,67272.41846452489,0.0,27713.926422461267,209.47268333333318,16845.801849646316,13645.099498213516,10800.0,10800.0,1430.7279235344286,10800.0,3.410605131648481e-13,0,67272.41846452489,0.0,76
2025-03-03,101854.76274970185,101854.76274970185,65960.23900778916,65960.23900778916,0.0,25387.523917940227,1098.2015666666666,17641.529640850717,14289.639009089082,10800.0,10800.0,1376.5236723388512,10800.0,3.410605131648481e-13,0,65960.23900778916,0.0,81
2025-03-04,100049.62513719802,100049.62513719802,64667.808744966635,64667.808744966635,0.0,26217.116444796957,1462.6062333333339,16686.550135444188,13516.105609709784,10800.0,10800.0,1500.6654644784132,10800.0,3.410605131648481e-13,0,64667.808744966635,0.0,81
2025-03-05,100260.01028625619,100260.01028625619,64843.06215753354,64843.06215753354,0.0,29043.29616892124,2117.0156751962872,15627.507502484228,12658.281077012223,10800.0,10800.0,1457.8104024740658,10800.0,2.2737367544323206e-13,0,64843.06215753354,0.0,83
2025-03-06,100241.04251610712,100241.04251610712,64851.9120020892,64851.9120020892,0.0,29019.399240960684,2396.8005,15179.940220068955,12295.751578255855,10800.0,10800.0,1632.78504750336,10800.0,2.2737367544323206e-13,0,64851.9120020892,0.0,85
2025-03-07,93148.1608883498,93148.1608883498,59165.53082205446,59165.53082205446,0.0,53711.14857903493,17219.938466666666,6814.675312183528,5519.887002868662,10800.0,10800.0,4893.994666666669,10800.0,3.410605131648481e-13,0,59165.53082205446,0.0,119
2025-03-08,89867.77448160318,89867.77448160318,56695.64488688941,56695.64488688941,0.0,50072.836156008474,19412.774149999997,6942.235046989689,5623.210388061647,10800.0,10800.0,4824.661814814814,10800.0,2.2737367544323206e-13,0,56695.64488688941,0.0,119
2025-03-09,92070.73622546133,92070.73622546133,58526.75566120597,58526.75566120597,0.0,22180.19234090159,3488.356933333333,16150.852111717912,13082.190210491513,10800.0,10800.0,1411.679092440445,10800.0,2.2737367544323206e-13,0,58526.75566120597,0.0,80
2025-03-10,90699.04648157101,90699.04648157101,57534.35243897806,57534.35243897806,0.0,18865.08715746318,587.7175666666659,16864.05424969043,13659.883942249244,10800.0,10800.0,1409.5114005358635,10800.0,2.2737367544323206e-13,0,57534.35243897806,0.0,81
2025-03-11,89510.34348321959,89510.34348321959,56651.63000392889,56651.63000392889,0.0,20082.376272619673,2575.7178166666663,15333.318915438264,12419.988321504994,10800.0,10800.0,1605.2229498743927,10800.0,3.410605131648481e-13,0,56651.63000392889,0.0,83
2025-03-12,89619.2884118731,89619.2884118731,56752.18687949577,56752.18687949577,0.0,20836.27585012061,3485.5314500000013,15062.875939048201,12200.929510629041,10800.0,10800.0,1487.2404119738105,10800.0,2.2737367544323206e-13,0,56752.18687949577,0.0,84
2025-03-13,89558.5286510987,89558.5286510987,56720.37043725345,56720.37043725345,0.0,18207.568364477524,611.2494550389321,16811.014815345225,13616.922000429631,10800.0,10800.0,1352.099803753411,10800.0,2.2737367544323206e-13,0,56720.37043725345,0.0,78
2025-03-14,82906.33934688699,82906.33934688699,51532.5635623836,51532.5635623836,0.0,43993.90531893287,21395.21013333333,7830.515322565552,6342.717411278097,10800.0,10800.0,4775.532722222222,10800.0,3.410605131648481e-13,0,51532.5635623836,0.0,116
2025-03-15,79895.18428926534,79895.18428926534,49299.30511644119,49299.30511644119,0.0,40163.48769313194,17283.510316666667,8021.374365614409,6497.313236147673,10800.0,10800.0,4736.50687037037,10800.0,2.2737367544323206e-13,0,49299.30511644119,0.0,114
2025-03-16,82764.51583637096,82764.51583637096,51571.38507790251,51571.38507790251,0.0,14265.28230346232,2012.8615166666673,16501.71096267712,13366.385879768473,10800.0,10800.0,1693.6148393372555,10800.0,2.2737367544323206e-13,0,51571.38507790251,0.0,69
2025-03-17,81654.40433126634,81654.40433126634,50695.24049362215,50695.24049362215,0.0,15985.236319451888,4831.832199999999,15680.02304463749,12700.818666156376,10800.0,10800.0,1463.7803803051956,10800.0,2.7711166694643907e-13,0,50695.24049362215,0.0,80
2025-03-18,80781.22011113513,80781.22011113513,50056.58530663041,50056.58530663041,0.0,13081.428757018028,3110.107283333333,18230.135284826927,14766.409580709815,10800.0,10800.0,1643.0434372719888,10800.0,3.410605131648481e-13,0,50056.58530663041,0.0,73
2025-03-19,80859.18790873756,80859.18790873756,50130.12318127057,50130.12318127057,0.0,14098.98320010853,3878.610526568626,17979.598589791567,14563.47485773117,10800.0,10800.0,1672.9959164993106,10800.0,2.2737367544323206e-13,0,50130.12318127057,0.0,74
2025-03-20,80762.2960919714,80762.2960919714,50082.01189536633,50082.01189536633,0.0,12483.821517524038,2688.9126586455504,17792.632100711267,14412.032001576124,10800.0,10800.0,1434.259210515234,10800.0,3.410605131648481e-13,0,50082.01189536633,0.0,72
2025-03-21,74723.40685861636,74723.40685861636,45333.55843743692,45333.55843743692,0.0,35987.33517569456,24935.485433333335,9300.640699588475,7533.5189666666665,10800.0,10800.0,4566.5261851851865,10800.0,3.410605131648481e-13,0,45333.55843743692,0.0,109
2025-03-22,72982.08832968338,72982.08832968338,44110.99932593557,44110.99932593557,0.0,34542.8405689838,20863.931366666664,8916.403477366253,7222.286816666666,10800.0,10800.0,4844.1797962962955,10800.0,2.2737367544323206e-13,0,44110.99932593557,0.0,110
2025-03-23,77281.48003028911,77281.48003028911,47376.812133196516,47376.812133196516,0.0,11447.423889313872,3512.0721319283666,18696.125749369487,15143.861856989282,10800.0,10800.0,1377.9267706187986,10800.0,2.8421709430404007e-13,0,47376.812133196516,0.0,72
2025-03-24,76923.70961102526,76923.70961102526,47101.49768538838,47101.49768538838,0.0,11624.381624202526,3761.0008665528944,18630.684404928998,15090.854367992493,10800.0,10800.0,1687.8068441146772,10800.0,2.2737367544323206e-13,0,47101.49768538838,0.0,71
2025-03-25,76168.37416742681,76168.37416742681,46583.14967754487,46583.14967754487,0.0,8555.130073324834,2944.5765166666665,19571.27821457183,15852.735353803182,10800.0,10800.0,1409.942022812988,10800.0,2.2737367544323206e-13,0,46583.14967754487,0.0,71
2025-03-26,76303.12254449454,76303.12254449454,46696.559363394445,46696.559363394445,0.0,12981.738747453923,4254.8711258707635,18283.988444753737,14810.030640250528,10800.0,10800.0,1492.6831703819953,10800.0,2.2737367544323206e-13,0,46696.559363394445,0.0,78
2025-03-27,76184.6338109918,76184.6338109918,46634.74111248105,46634.74111248105,0.0,10991.088910032588,2970.593866666666,18452.429654171312,14946.468019878774,10800.0,10800.0,1524.7324157019743,10800.0,2.2737367544323206e-13,0,46634.74111248105,0.0,69
2025-03-28,69869.59757206606,69869.59757206606,42017.09300723266,42017.09300723266,0.0,32537.01936194067,24811.14112577751,8945.033250953844,7245.4769332726155,10800.0,10800.0,4769.254055555555,10800.0,2.2737367544323206e-13,0,42017.09300723266,0.0,104
2025-03-29,68574.87959555401,68574.87959555401,41103.097082088214,41103.097082088214,0.0,31008.714435567075,28127.97603982232,9110.42072016461,7379.4407833333335,10800.0,10800.0,4725.892037037037,10800.0,3.410605131648481e-13,0,41103.097082088214,0.0,105
2025-03-30,72289.72415356306,72289.72415356306,43959.02847055868,43959.02847055868,0.0,9138.29611011313,4299.707950000001,18453.159965526014,14947.059572076074,10800.0,10800.0,1522.562854850839,10800.0,3.410605131648481e-13,0,43959.02847055868,0.0,55
2025-03-31,72074.0240749755,72074.0240749755,43814.61030193606,43814.61030193606,0.0,9082.285869985217,2742.5920893434395,17356.613854281703,14058.857221968185,10800.0,10800.0,1570.2150983301358,10800.0,2.2737367544323206e-13,0,43814.61030193606,0.0,68
2025-04-01,71820.5800995861,71820.5800995861,43626.734903905424,43626.734903905424,0.0,6387.368116773333,1825.0406166666667,17891.157102523415,14491.837253043965,10800.0,10800.0,1369.5002301512245,10800.0,1.1368683772161603e-13,0,43626.734903905424,0.0,58
2025-04-02,71869.13834748359,71869.13834748359,43624.322666461834,43624.322666461834,0.0,6041.861559550754,1521.6914204057357,20369.736671195256,16499.486703668153,10800.0,10800.0,1411.422952926621,10800.0,2.2737367544323206e-13,0,43624.322666461834,0.0,63
2025-04-03,71878.11172056112,71878.11172056112,43659.54134693321,43659.54134693321,0.0,8879.484448227166,3564.0361699950627,18795.05702985383,15223.996194181604,10800.0,10800.0,1464.0082988781105,10800.0,2.2737367544323206e-13,0,43659.54134693321,0.0,65
2025-04-04,66443.92953955138,66443.92953955138,39611.82214649017,39611.82214649017,0.0,30851.516128773997,27400.734110160098,9267.773950617284,7506.8969,10800.0,10800.0,4756.788500000001,10800.0,3.410605131648481e-13,0,39611.82214649017,0.0,103
2025-04-05,65325.674246968185,65325.674246968185,38823.35414129207,38823.35414129207,0.0,29326.92472193189,22190.570852751014,9284.545731326085,7520.482042374128,10800.0,10800.0,4733.481870370372,10800.0,2.2737367544323206e-13,0,38823.35414129207,0.0,102
2025-04-06,69351.19027858635,69351.19027858635,41807.408832841626,41807.408832841626,0.0,7417.874234125357,3967.6856166666657,18713.442953303507,15157.888792175843,10800.0,10800.0,1412.8551598784754,10800.0,2.2737367544323206e-13,0,41807.408832841626,0.0,68
2025-04-07,68908.05641248423,68908.05641248423,41495.45220749982,41495.45220749982,0.0,8973.949308434014,3292.4325381043427,17889.23832953971,14490.283046927165,10800.0,10800.0,1689.5247288652731,10800.0,2.2737367544323206e-13,0,41495.45220749982,0.0,67
2025-04-08,68564.06688713557,68564.06688713557,41246.40153370797,41246.40153370797,0.0,6809.796585743321,3716.2525249573264,19393.81136720139,15708.987207433127,10800.0,10800.0,1482.2860643784313,10800.0,2.2737367544323206e-13,0,41246.40153370797,0.0,71
2025-04-09,68394.99765650646,68394.99765650646,41152.468205813886,41152.468205813886,0.0,4234.072361998342,1319.5231333333334,19511.006023726943,15803.914879218824,10800.0,10800.0,1530.5513083461385,10800.0,1.1368683772161603e-13,0,41152.468205813886,0.0,51
2025-04-10,68449.97215412544,68449.97215412544,41178.76095009884,41178.76095009884,0.0,7211.644778409592,3112.9378703293078,19288.1663441397,15623.41473875316,10800.0,10800.0,1533.6885135703212,10800.0,2.2737367544323206e-13,0,41178.76095009884,0.0,54
2025-04-11,62850.0381070027,62850.0381070027,37207.31683510425,37207.31683510425,0.0,28441.459881633276,27316.99919059576,9341.730884773657,7566.8020166666665,10800.0,10800.0,4671.040777777779,10800.0,1.1368683772161603e-13,0,37207.31683510425,0.0,101
2025-04-12,61835.970981460334,61835.970981460334,36558.44074683129,36558.44074683129,0.0,27776.76026624441,23386.34690780852,8672.122407407402,7024.419150000001,10800.0,10800.0,4773.483092592594,10800.0,1.7053025658242404e-13,0,36558.44074683129,0.0,103
2025-04-13,66017.2714789719,66017.2714789719,39485.36820611602,39485.36820611602,0.0,5125.223718368172,2902.6633833333335,19542.241547037214,15829.21565310014,10800.0,10800.0,1522.9449601924764,10800.0,1.389999226830696e-13,0,39485.36820611602,0.0,68
2025-04-14,65768.73466610094,65768.73466610094,39321.480380578854,39321.480380578854,0.0,6019.766207650563,3555.12878178321,19293.725666669267,15627.917790002106,10800.0,10800.0,1450.3375644179746,10800.0,2.2737367544323206e-13,0,39321.480380578854,0.0,53
2025-04-15,65523.99668149186,65523.99668149186,39163.76960075357,39163.76960075357,0.0,7715.494658981779,4211.661999999999,18196.90099566712,14739.48980649037,10800.0,10800.0,1468.40911701089,10800.0,2.2737367544323206e-13,0,39163.76960075357,0.0,72
2025-04-16,65354.86654180357,65354.86654180357,39070.05322305673,39070.05322305673,0.0,3516.3614524465693,2399.9147746928493,19257.8861298114,15598.887765147234,10800.0,10800.0,1602.3005452704788,10800.0,2.2737367544323206e-13,0,39070.05322305673,0.0,54
2025-04-17,65334.89572182364,65334.89572182364,39057.06164392244,39057.06164392244,0.0,5970.300825177571,2860.2312999999995,19136.95392971616,15500.932683070088,10800.0,10800.0,1477.707931634521,10800.0,2.2737367544323206e-13,0,39057.06164392244,0.0,66
2025-04-18,59525.46837499062,59525.46837499062,35325.84993087637,35325.84993087637,0.0,26093.005580355497,25430.128307240873,8674.827916110082,7026.610612049169,10800.0,10800.0,4815.554171797221,10800.0,1.1368683772161603e-13,0,35325.84993087637,0.0,102
2025-04-19,58517.778142859155,58517.778142859155,34720.840126632924,34720.840126632924,0.0,25160.75875848825,24910.661915646626,8745.674835390946,7083.996616666666,10800.0,10800.0,4783.945259259261,10800.0,1.7053025658242404e-13,0,34720.840126632924,0.0,101
2025-04-20,62922.496911801856,62922.496911801856,37539.315020800845,37539.315020800845,0.0,4663.06805238115,2558.2309147608566,19702.384533297496,15958.931471970976,10800.0,10800.0,1717.3903184322317,10800.0,2.2737367544323206e-13,0,37539.315020800845,0.0,55
2025-04-21,62822.51035361754,62822.51035361754,37476.08039827712,37476.08039827712,0.0,5509.258451741993,5281.944887216073,18496.82437540083,14982.427744074676,10800.0,10800.0,1527.9468464526603,10800.0,2.2737367544323206e-13,0,37476.08039827712,0.0,49
2025-04-22,62556.06106797327,62556.06106797327,37343.755028575266,37343.755028575266,0.0,4304.242144269622,2528.3994331595404,18792.05354672346,15221.563372846005,10800.0,10800.0,1652.3149146084365,10800.0,2.2737367544323206e-13,0,37343.755028575266,0.0,50
2025-04-23,62562.073932607906,62562.073932607906,37355.52375250973,37355.52375250973,0.0,4974.343659612947,2695.090133333333,18382.754857868204,14890.031434873243,10800.0,10800.0,1696.9182350544354,10800.0,2.2737367544323206e-13,0,37355.52375250973,0.0,48
2025-04-24,62445.522360829025,62445.522360829025,37308.43498462676,37308.43498462676,0.0,6197.514114631297,5727.22485,18056.19313788284,14625.516441685106,10800.0,10800.0,1598.8474299106767,10800.0,2.2737367544323206e-13,0,37308.43498462676,0.0,67
2025-04-25,56829.92823009362,56829.92823009362,33708.312963122706,33708.312963122706,0.0,24190.531990808628,28947.57003227278,8902.46608953792,7210.997532525714,10800.0,10800.0,4625.3613703703695,10800.0,1.1368683772161603e-13,0,33708.312963122706,0.0,102
2025-04-26,55745.74991300046,55745.74991300046,33071.17486472213,33071.17486472213,0.0,22548.379481886106,31468.45034195899,8730.139241168581,7071.41278534655,10800.0,10800.0,4695.254685185186,10800.0,2.2737367544323206e-13,0,33071.17486472213,0.0,103
2025-04-27,59838.44437544351,59838.44437544351,35779.64600699583,35779.64600699583,0.0,3975.5910466313962,3651.9371,19144.447607783128,15507.002562304337,10800.0,10800.0,1501.7680167553997,10800.0,2.2737367544323206e-13,0,35779.64600699583,0.0,51
2025-04-28,59685.80477079568,59685.80477079568,43886.472543320066,43886.472543320066,1191.6790802410028,789.7108030855986,0.0,18241.08279623381,14775.277064949387,10800.0,10800.0,1200.0,10800.0,1.1368683772161603e-13,4,35716.72613163793,8169.746411682138,24
2025-04-29,60273.702307856554,60273.702307856554,36017.002056309175,36017.002056309175,0.0,4344.331829554407,5211.779083333334,17286.198306853403,14001.820628551262,10800.0,10800.0,1438.1271100103027,10800.0,1.1368683772161603e-13,0,36017.002056309175,0.0,57
2025-04-30,60164.77101169036,60164.77101169036,35996.38258852696,35996.38258852696,0.0,4814.858066232886,3792.2668999999996,17372.5874322324,14071.795820108247,10800.0,10800.0,1529.3724282006294,10800.0,2.2737367544323206e-13,0,35996.38258852696,0.0,62
2025-05-01,60067.37159059607,60067.37159059607,42688.678858685,42688.678858685,1052.790542849885,2703.573201147193,4206.448783333333,18962.3515002641,15763.590151298678,10800.0,10351.016182128054,1200.0,10800.0,2.2737367544323206e-13,8,35952.16828747792,6736.5105712070845,52
2025-05-02,55171.186683470616,55171.186683470616,32778.493849325365,32778.493849325365,0.0,18459.730692177283,20009.259499002634,10567.320909855875,8155.444500898508,10351.016182128054,10800.0,3999.785864899286,10800.0,1.1368683772161603e-13,0,32778.493849325365,0.0,93
2025-05-03,53768.550590225306,53768.550590225306,32083.74357908742,32083.74357908742,0.0,18052.857516154774,24948.441693426517,10000.41963496854,8100.339904324523,10800.0,10800.0,3724.5359444444457,10800.0,1.1368683772161603e-13,0,32083.74357908742,0.0,100
2025-05-04,58267.42644808886,58267.42644808886,40656.81538156135,40656.81538156135,932.1858517376028,1403.3432275009454,2931.1114157953057,17850.23906006757,14719.748736870693,10800.0,10509.938779760052,1200.0,10800.0,2.2737367544323206e-13,8,34891.11676678373,5765.698614777626,47
2025-05-05,58869.70896338847,58869.70896338847,42424.79462499007,42424.79462499007,1090.2614410914584,817.9257731876176,0.0,20969.782016187615,16903.7441848953,10509.938779760052,10600.80461111191,1200.0,10800.0,1.1368683772161603e-13,7,35247.10535914308,7177.689265846979,8
2025-05-06,59342.38204754549,59342.38204754549,38908.66865186008,38908.66865186008,535.9384923849705,1474.276838442282,1733.4023148075705,20702.995263422134,16902.43624340819,10600.80461111191,10453.015633293844,1200.0,10800.0,2.2737367544323206e-13,7,35608.67625245548,3299.9923994046108,28
2025-05-07,60079.74148328898,60079.74148328898,43795.782166409386,43795.782166409386,1144.9458825469242,1034.8698077819176,1090.5878515148984,20147.28801413258,16115.904257593484,10453.015633293844,10679.014559798181,1200.0,10800.0,1.1368683772161603e-13,6,36094.79281904985,7700.98934735954,14
2025-05-08,60428.2278729256,60428.2278729256,38403.303638389436,38403.303638389436,292.0348754681246,1031.3440500856059,63.31744024900776,19698.375888697024,15899.287030637915,10679.014559798181,10741.678381138929,1200.0,10800.0,1.2789769243681803e-13,4,36546.49668264876,1856.8069557406766,24
2025-05-09,55713.47255085363,55713.47255085363,33545.63974247176,33545.63974247176,0.0,20589.478631583417,24775.106055931108,9457.960822969126,7608.45880963003,10741.678381138929,10800.0,4394.616122850856,10800.0,1.7053025658242404e-13,0,33545.63974247176,0.0,98
2025-05-10,54862.25803617007,54862.25803617007,33103.69064506985,33103.69064506985,0.0,19519.119723742948,21493.309074279827,9098.862920073447,7370.078965259485,10800.0,10800.0,4430.154020082053,10800.0,1.1368683772161603e-13,0,33103.69064506985,0.0,98
2025-05-11,59552.571673638115,59552.571673638115,37832.65199795191,37832.65199795191,263.4812373115054,618.6668478910392,36.691415566266414,19458.00731465,15781.391750491011,10800.0,10777.326860417206,1200.0,10800.0,2.2737367544323206e-13,3,36004.52252647518,1828.1294714767284,16
2025-05-12,60306.286416436524,60306.286416436524,36515.50184164291,36515.50184164291,0.0,2543.5586129621,2578.64265,17013.074181666227,13760.18426152513,10777.326860417206,10800.0,1216.2685348116338,10800.0,1.1368683772161603e-13,0,36515.50184164291,0.0,39
2025-05-13,60470.16432173614,60470.16432173614,36697.95897966977,36697.95897966977,0.0,2647.209306139945,1116.4267209417142,18827.97646309375,15250.660935105945,10800.0,10800.0,1255.9732904942405,10800.0,1.1368683772161603e-13,0,36697.95897966977,0.0,61
2025-05-14,60744.697886363676,60744.697886363676,36886.93388076233,36886.93388076233,0.0,2538.965580463672,1722.2581681848474,18259.60712832539,14790.28177394357,10800.0,10800.0,1506.4605880806353,10800.0,2.2737367544323206e-13,0,36886.93388076233,0.0,55
2025-05-15,61024.81241842886,61024.81241842886,37111.8846144765,37111.8846144765,0.0,2727.9850423755715,1999.8798166666656,18588.890926596257,15057.001650542961,10800.0,10800.0,1711.6398832557738,10800.0,2.2737367544323206e-13,0,37111.8846144765,0.0,37
2025-05-16,56055.785102613845,56055.785102613845,33955.63721447261,33955.63721447261,0.0,21339.658486871813,30416.895292629757,8335.393630415507,6751.668840636561,10800.0,10800.0,4587.093759259261,10800.0,1.7053025658242404e-13,0,33955.63721447261,0.0,104
2025-05-17,55290.76290217194,55290.76290217194,33531.2884004505,33531.2884004505,0.0,19533.030134270703,23669.524810699586,8628.467757201652,6989.058883333333,10800.0,10800.0,4285.266388888888,10800.0,1.1368683772161603e-13,0,33531.2884004505,0.0,105
2025-05-18,59959.1200411871,59959.1200411871,36477.368709874434,36477.368709874434,5.236666666666679,2537.496791011232,135.02508365459443,19029.824911515523,15414.158178327574,10800.0,10800.0,1625.0064754703483,10800.0,2.2737367544323206e-13,1,36442.050011541105,35.318698333333415,34
2025-05-19,60608.5645754153,60608.5645754153,37216.30671218896,37216.30671218896,67.00333333333344,5011.432822251019,4798.534336910434,17633.601050458845,14283.216850871664,10800.0,10800.0,1435.242628347481,10800.0,2.2737367544323206e-13,1,36764.4027305223,451.90398166666745,70
2025-05-20,60634.356331027855,60634.356331027855,36843.32294391859,36843.32294391859,0.0,2069.9047931891705,546.51525844773,18371.270856443654,14880.729393719363,10800.0,10800.0,1388.0384455488613,10800.0,1.1368683772161603e-13,0,36843.32294391859,0.0,57
2025-05-21,61065.076977166136,61065.076977166136,37101.40476680559,37101.40476680559,0.0,2720.9839978493515,3664.0120414968196,17460.345549929658,14142.879895443022,10800.0,10800.0,1413.7870513329783,10800.0,2.2737367544323206e-13,0,37101.40476680559,0.0,40
2025-05-22,61376.252338895945,61376.252338895945,37358.92772341399,37358.92772341399,0.0,4235.679543352597,3019.103301428647,17393.887776042327,14089.049098594289,10800.0,10800.0,1721.6475942871607,10800.0,2.2737367544323206e-13,0,37358.92772341399,0.0,60
2025-05-23,56239.297670624415,56239.297670624415,34153.82366463582,34153.82366463582,0.0,21654.001748657633,26578.524044622107,8346.43681058602,6760.6138165746725,10800.0,10800.0,4616.166010312689,10800.0,1.1368683772161603e-13,0,34153.82366463582,0.0,104
2025-05-24,55566.00690607903,55566.00690607903,33772.581211581,33772.581211581,0.0,20958.681270833713,29269.478216460902,8333.400186584626,6750.054151133545,10800.0,10800.0,4514.474517259024,10800.0,1.1368683772161603e-13,0,33772.581211581,0.0,104
2025-05-25,60125.726982435284,60125.726982435284,36620.30828531851,36620.30828531851,0.0,4511.540713787343,3814.6242651275143,17129.22010624789,13874.668286060789,10800.0,10800.0,1645.1902759004133,10800.0,2.2737367544323206e-13,0,36620.30828531851,0.0,63
2025-05-26,60175.19141058625,60175.19141058625,36689.06868888623,36689.06868888623,0.0,2069.9115558303974,0.0,18554.983709241384,15029.536804485524,10800.0,10800.0,1362.6996235274646,10800.0,1.1368683772161603e-13,0,36689.06868888623,0.0,29
2025-05-27,60826.66818088195,60826.66818088195,37031.6365880565,37031.6365880565,0.0,4853.99595276505,3267.6562999999996,17445.51909535211,14130.870467235209,10800.0,10800.0,1502.3710469106315,10800.0,2.2737367544323206e-13,0,37031.6365880565,0.0,59
2025-05-28,60953.24518931552,60953.24518931552,37116.337748229795,37116.337748229795,0.0,3446.5734716096986,1727.8992623900394,18447.09660692524,14942.148251609447,10800.0,10800.0,1721.8516044318364,10800.0,2.2737367544323206e-13,0,37116.337748229795,0.0,55
2025-05-29,61448.42826571217,61448.42826571217,37486.18285620339,37486.18285620339,10.589609834057228,3518.092403642509,224.527711532017,18980.390844061643,15374.116583689934,10800.0,10800.0,1654.8589077512447,10800.0,2.2737367544323206e-13,1,37414.99420409395,71.18865210944972,44
2025-05-30,56707.52760067582,56707.52760067582,34363.78668577429,34363.78668577429,0.0,22175.96500857394,26333.59369468088,8430.187530285975,6828.451899531641,10800.0,10800.0,4741.826287529831,10800.0,1.1368683772161603e-13,0,34363.78668577429,0.0,104
2025-05-31,56092.67051117406,56092.67051117406,34013.852048786364,34013.852048786364,0.0,21559.48084244997,24500.430663292915,8650.407660164034,7006.830204732867,10800.0,10800.0,4603.487288888742,10800.0,1.1368683772161603e-13,0,34013.852048786364,0.0,104
2025-06-01,60776.514402947505,60776.514402947505,113755.00624288915,113755.00624288915,12419.143365691369,4.470481725472155,0.0,13493.224435736667,11526.863448823271,10800.0,10136.275937914925,1200.0,10800.0,1.1368683772161603e-13,44,36919.27817210499,76835.72807078416,45
2025-06-02,62987.46603246139,62987.46603246139,98990.04414610182,98990.04414610182,9147.377865508119,63.36319547627136,0.0,17913.116465085,14482.443212591763,10136.275937914925,10166.477186945021,1200.0,10166.477186945021,0.0,20,38173.37513184313,60816.669014258696,20
2025-06-03,64723.384681926735,64723.384681926735,86081.52046641856,86081.52046641856,7240.744091631865,190.38334511405037,0.0,17923.125319413753,14341.746724302542,10166.477186945021,10362.01583630347,1200.0,10362.01583630347,1.1368683772161603e-13,23,39300.53292957585,46780.987536842724,21
2025-06-04,67096.68338953759,67096.68338953759,81081.30209899531,81081.30209899531,5977.902745196117,76.98885562084195,0.0,17553.135928447125,14200.799466000923,10362.01583630347,10381.172098571527,1200.0,10381.172098571527,1.1368683772161603e-13,16,40854.11906520372,40227.18303379159,13
2025-06-05,70820.88759314801,70820.88759314801,73192.31348531332,73192.31348531332,4539.673058587049,167.75174337369117,0.0,20001.119638180313,15957.628746485607,10381.172098571527,10651.481165727582,1200.0,10651.481165727582,1.1368683772161603e-13,16,43357.861161196925,29834.452324116406,13
2025-06-06,67688.52650579961,67688.52650579961,41278.58244573494,41278.58244573494,0.0,24113.379009612807,10750.59910699589,9662.558096556502,7693.005107365596,10651.481165727582,10800.0,4126.454751075264,10800.0,1.1368683772161603e-13,0,41278.58244573494,0.0,97
2025-06-07,67426.47943046261,67426.47943046261,41157.98918058953,41157.98918058953,0.0,25116.009767699892,9373.533284362136,9528.54321965219,7718.120007918273,10800.0,10800.0,4036.561676387104,10800.0,1.1368683772161603e-13,0,41157.98918058953,0.0,94
2025-06-08,72910.52272838168,72910.52272838168,45691.51975951354,45691.51975951354,139.3566249165723,3571.94535987841,577.1641499999998,19578.76233348775,15862.915756734572,10800.0,10795.424148211681,1302.7858280804576,10800.0,2.2737367544323206e-13,7,44752.162160896056,939.3575986174774,33
2025-06-09,73875.4996081642,73875.4996081642,60067.7448180307,60067.7448180307,2144.75681478903,997.3909546725083,0.0,21505.444570199532,17415.291835252134,10795.424148211681,10800.0,1200.0,10800.0,2.2737367544323206e-13,7,45423.33096464688,14644.413853383821,13
2025-06-10,75547.20409157591,75547.20409157591,53600.547296259225,53600.547296259225,1016.4244111989215,787.6310114165763,0.0,21881.85925276279,17724.305994737864,10800.0,10800.0,1200.0,10800.0,1.1368683772161603e-13,5,46595.52863205913,7005.018664200086,27
2025-06-11,77188.13049144107,77188.13049144107,74143.94558335835,74143.94558335835,4486.365797130174,1394.8777892833095,0.0,22079.85359274358,17884.681410122303,10800.0,10800.0,1200.0,10800.0,2.2737367544323206e-13,14,47673.4207702726,26470.524813085747,39
2025-06-12,79245.39020892495,79245.39020892495,51952.55959635882,51952.55959635882,388.94865038569486,3050.256564080488,0.0,21745.74137840436,17614.05051650753,10800.0,10800.0,1200.0,10800.0,2.2737367544323206e-13,1,49239.253811268216,2713.3057850906075,27
2025-06-13,75203.15241971228,75203.15241971228,46184.4272446485,46184.4272446485,0.0,33322.07601031565,11802.857491742703,9120.553777125935,7387.648559472006,10800.0,10800.0,4505.361656142214,10800.0,1.1368683772161603e-13,0,46184.4272446485,0.0,94
2025-06-14,75013.28449830036,75013.28449830036,46050.2896807581,46050.2896807581,0.0,32731.569788397315,14419.567831582975,8783.179622737212,7114.375494417143,10800.0,10800.0,4477.461691388361,10800.0,2.2737367544323206e-13,0,46050.2896807581,0.0,103
2025-06-15,80112.44515388299,80112.44515388299,49860.39370631263,49860.39370631263,3.29032628853804,5491.480229993007,0.0,21038.320614974746,17041.03969812955,10800.0,10800.0,1914.4971925129503,10800.0,2.2737367544323206e-13,1,49838.20045549643,22.19325081618908,65
2025-06-16,80898.56528931856,80898.56528931856,50422.92963090332,50422.92963090332,0.0,3971.3216607373097,0.0,22279.95164165568,18046.760829741102,10800.0,10800.0,1685.62939318755,10800.0,2.2737367544323206e-13,0,50422.92963090332,0.0,46
2025-06-17,81807.67808090948,81807.67808090948,53245.90997198859,53245.90997198859,305.0359074157109,3277.7702756635026,0.0,22094.38155786859,17896.449061873558,10800.0,10800.0,1200.0,10800.0,2.2737367544323206e-13,2,51118.543203042645,2127.3667689459508,33
2025-06-18,83014.86631047251,83014.86631047251,51980.376640567345,51980.376640567345,0.0,8462.17361030626,55.22366666666653,18784.62175526102,15215.543621761428,10800.0,10800.0,1924.4005927118437,10800.0,2.2737367544323206e-13,0,51980.376640567345,0.0,63
2025-06-19,83582.1613755724,83582.1613755724,52579.246711489395,52579.246711489395,22.78019851906231,10478.85517653649,1173.7608782460206,19435.901680573465,15743.08036126451,10800.0,10800.0,1856.3165834327983,10800.0,2.2737367544323206e-13,2,52425.85285069921,153.39386079018374,59
2025-06-20,78860.29555135278,78860.29555135278,48780.08024703161,48780.08024703161,0.0,37793.99989016432,17155.99188615104,7945.910131775983,6436.187206738548,10800.0,10800.0,4992.187529397937,10800.0,2.2737367544323206e-13,0,48780.08024703161,0.0,107
2025-06-21,78557.34030506901,78557.34030506901,48535.331143467876,48535.331143467876,0.0,37876.998492543134,19765.96983151146,8313.850426391715,6734.218845377289,10800.0,10800.0,4854.111338469678,10800.0,2.2737367544323206e-13,0,48535.331143467876,0.0,105
2025-06-22,83460.60776146268,83460.60776146268,52325.68206988965,52325.68206988965,0.0,11872.993181939506,615.6214333333329,18498.168664157158,14983.516617967294,10800.0,10800.0,1987.0694474231352,10800.0,2.2737367544323206e-13,0,52325.68206988965,0.0,65
2025-06-23,83852.50259165103,83852.50259165103,52609.56770599884,52609.56770599884,0.0,12191.80293634884,929.7838439190974,19313.84111254268,15644.211301159572,10800.0,10800.0,2030.8444595762378,10800.0,2.8421709430404007e-13,0,52609.56770599884,0.0,66
2025-06-24,84262.7582790879,84262.7582790879,57058.34818017979,57058.34818017979,864.5359203978903,4615.556962426512,0.0,22331.289405575146,18088.344418515873,10800.0,10800.0,1200.0,10800.0,2.2737367544323206e-13,5,52931.94010371909,4126.4080764607,56
2025-06-25,85248.74881348253,85248.74881348253,53639.19327623337,53639.19327623337,0.0,10957.102964225971,86.64269999999976,19829.37780310469,16061.7960205148,10800.0,10800.0,2153.623799116571,10800.0,2.2737367544323206e-13,0,53639.19327623337,0.0,67
2025-06-26,85900.23605946281,85900.23605946281,54123.21113582916,54123.21113582916,0.0,14227.912889498653,461.8820166666667,19279.24905244295,15616.191732478788,10800.0,10800.0,1969.538841951649,10800.0,3.410605131648481e-13,0,54123.21113582916,0.0,69
2025-06-27,81009.9955455523,81009.9955455523,50343.2024490024,50343.2024490024,0.0,40331.03912857608,19390.61298631267,7982.618757878408,6465.9211938815115,10800.0,10800.0,5003.12087313147,10800.0,2.2737367544323206e-13,0,50343.2024490024,0.0,107
2025-06-28,80677.09087680571,80677.09087680571,50077.81432475603,50077.81432475603,0.0,39624.364171515255,17805.720355401983,7737.264385377972,6267.184152156158,10800.0,10800.0,5183.846607168094,10800.0,3.410605131648481e-13,0,50077.81432475603,0.0,106
2025-06-29,85629.47117672143,85629.47117672143,53919.09201161182,53919.09201161182,0.0,12813.136714768198,57.480400000000145,18374.13436115744,14883.048832537534,10800.0,10800.0,2235.3747063649557,10800.0,2.2737367544323206e-13,0,53919.09201161182,0.0,68
2025-06-30,86096.56584217711,86096.56584217711,54250.92417041931,54250.92417041931,0.0,12442.948493465748,122.96316666666632,19226.158940586163,15573.188741874794,10800.0,10800.0,2228.423027927399,10800.0,2.2737367544323206e-13,0,54250.92417041931,0.0,68
2025-07-01,86538.32439462512,86538.32439462512,61191.15030288763,61191.15030288763,1164.6086931345521,4962.039826211919,29.23599999999965,22370.273615408754,18525.160387194333,10800.0,10349.734712540847,1200.0,10800.0,2.2737367544323206e-13,19,54567.350415844456,6623.799887043173,30
2025-07-02,88015.06117513699,88015.06117513699,58549.08616692305,58549.08616692305,469.8407804728185,10304.096704317013,1438.7910104643668,19985.372402696932,16148.124528535165,10349.734712540847,10394.209287706792,1200.0,10800.0,2.2737367544323206e-13,13,55444.47391652274,3104.6122504003206,34
2025-07-03,88783.72519410322,88783.72519410322,61028.53643332523,61028.53643332523,792.2769438902696,4910.304756409185,277.28409999999974,23453.58566802588,18825.59131977491,10394.209287706792,10585.112700291305,1200.0,10800.0,2.2737367544323206e-13,12,56012.96744442277,5015.568988902458,22
2025-07-04,84539.56780884863,84539.56780884863,52727.2025731537,52727.2025731537,0.0,33828.472764723585,19821.23535928171,9555.75604441497,7546.7638262383025,10585.112700291305,10800.0,3960.8708782537383,10800.0,3.410605131648481e-13,0,52727.2025731537,0.0,102
2025-07-05,84086.72233879837,84086.72233879837,52461.38998238975,52461.38998238975,0.0,33316.46622338299,20231.37452922301,9204.219050135309,7455.417430609602,10800.0,10800.0,4160.687540063405,10800.0,3.410605131648481e-13,0,52461.38998238975,0.0,105
2025-07-06,89175.3564459389,89175.3564459389,60825.1535799771,60825.1535799771,658.027038857696,5722.619544498336,221.7756333333332,22172.95916893979,18077.95241197485,10800.0,10669.049460962648,1200.0,10800.0,2.2737367544323206e-13,9,56370.6421575051,4454.511422472002,17
2025-07-07,90606.78026703186,90606.78026703186,57941.35934239569,57941.35934239569,96.61167923496635,12123.066057227854,1583.124416666666,18614.908010486884,15027.189304781243,10669.049460962648,10725.589665088346,1309.2685557345567,10800.0,2.2737367544323206e-13,5,57288.72197528077,652.6373671149039,37
2025-07-08,91814.8194044843,91814.8194044843,58906.31943967422,58906.31943967422,117.06189323291937,10232.00199663366,2185.6833833333335,20399.15578770039,16456.34688661683,10725.589665088346,10800.0,1200.0,10800.0,2.7777780076121417e-13,3,58096.77649246207,809.5429472121416,27
2025-07-09,92536.25988795041,92536.25988795041,58863.21540722175,58863.21540722175,30.585318167842047,13294.116033909895,1654.8354999999997,18732.466608114155,15173.297952572464,10800.0,10800.0,1479.5366220666415,10800.0,3.126388037344441e-13,1,58657.02448479325,206.19092242850718,45
2025-07-10,93143.50074959343,93143.50074959343,59361.679937683395,59361.679937683395,34.67459225219409,14315.110070281316,2487.6745982722,18535.61731557255,15013.850025613765,10800.0,10800.0,1469.6744677073689,10800.0,2.2737367544323206e-13,2,59128.08283192519,233.5971057582164,54
2025-07-11,88267.37904377085,88267.37904377085,55410.197074747135,55410.197074747135,0.0,37973.202050274645,16096.127490814799,8838.275540428447,7159.003187747044,10800.0,10800.0,4637.701123557019,10800.0,2.2737367544323206e-13,0,55410.197074747135,0.0,105
2025-07-12,88112.16562208862,88112.16562208862,55260.44758404661,55260.44758404661,0.0,37238.19557568964,18139.362503272423,8686.127419964376,7035.763210171145,10800.0,10800.0,4560.625118328358,10800.0,2.2737367544323206e-13,0,55260.44758404661,0.0,105
2025-07-13,93261.56220900491,93261.56220900491,59309.61731892917,59309.61731892917,18.363264522517284,15844.307272987076,4834.9326833333325,17541.921669510666,14208.95655230364,10800.0,10800.0,1522.5962479999848,10800.0,2.8421709430404007e-13,2,59186.11904471155,123.49827421761704,68
2025-07-14,93628.05320208283,93628.05320208283,59487.74108987585,59487.74108987585,0.0,16077.457117261412,2511.377825102879,17008.100226588773,13776.561183536902,10800.0,10800.0,1481.6742958361024,10800.0,2.2737367544323206e-13,0,59487.74108987585,0.0,57
2025-07-15,94323.88399073746,94323.88399073746,59999.60682343057,59999.60682343057,0.0,17688.98398087969,717.6854666666676,16674.54715714613,13506.383197288364,10800.0,10800.0,1893.903656790082,10800.0,3.410605131648481e-13,0,59999.60682343057,0.0,63
2025-07-16,94752.73710705125,94752.73710705125,60314.42549464022,60314.42549464022,0.0,16977.945323836917,2493.5427500000005,16561.503420426314,13414.81777054532,10800.0,10800.0,1845.404229962547,10800.0,2.8421709430404007e-13,0,60314.42549464022,0.0,66
2025-07-17,95220.93796743275,95220.93796743275,60691.88260842103,60691.88260842103,0.0,16314.435524180457,2742.05223518808,18126.495481039754,14682.461339642205,10800.0,10800.0,1971.6262623410198,10800.0,2.2737367544323206e-13,0,60691.88260842103,0.0,66
2025-07-18,90227.95073274472,90227.95073274472,56914.28847723895,56914.28847723895,0.0,40599.867554007345,16855.70603267614,7884.889716111775,6386.7606700505385,10800.0,10800.0,5011.502440643757,10800.0,3.410605131648481e-13,0,56914.28847723895,0.0,108
2025-07-19,90044.11703619655,90044.11703619655,56743.45177775089,56743.45177775089,0.0,39776.60609830694,21567.73258333333,7983.996339769843,6467.0370352135715,10800.0,10800.0,4865.896257170105,10800.0,2.2737367544323206e-13,0,56743.45177775089,0.0,112
2025-07-20,95092.50628703537,95092.50628703537,60593.97672855035,60593.97672855035,0.0,17371.739380878542,2467.3926333333343,16649.452927141283,13486.056870984441,10800.0,10800.0,2080.4997236077284,10800.0,2.2737367544323206e-13,0,60593.97672855035,0.0,72
2025-07-21,95542.5237037112,95542.5237037112,60922.397707992626,60922.397707992626,0.0,16899.051155565056,1314.8858291198462,17572.828258033114,14233.990889006825,10800.0,10800.0,2140.688584605092,10800.0,2.2737367544323206e-13,0,60922.397707992626,0.0,67
2025-07-22,96170.37888801919,96170.37888801919,61393.8149420753,61393.8149420753,0.0,17347.57881923337,1770.423533333333,17143.325888346357,13886.093969560545,10800.0,10800.0,2100.508364280687,10800.0,2.2737367544323206e-13,0,61393.8149420753,0.0,72
2025-07-23,96569.19160592507,96569.19160592507,61693.16133814956,61693.16133814956,0.0,16446.998681991077,2499.3889625301995,17927.667603879643,14521.41075914251,10800.0,10800.0,2166.1540082520887,10800.0,3.126388037344441e-13,0,61693.16133814956,0.0,72
2025-07-24,96996.8692942191,96996.8692942191,62045.44319067634,62045.44319067634,0.0,18483.88457020604,1791.8123833333325,16340.528108840626,13235.827768160907,10800.0,10800.0,2388.8882427981457,10800.0,2.8421709430404007e-13,0,62045.44319067634,0.0,72
2025-07-25,92036.83035869854,92036.83035869854,58293.510555253735,58293.510555253735,0.0,42995.49627239727,21110.45923353909,7502.922558397431,6077.36727230192,10800.0,10800.0,5352.594185137203,10800.0,2.2737367544323206e-13,0,58293.510555253735,0.0,112
2025-07-26,91770.33471931054,91770.33471931054,58067.7873872761,58067.7873872761,0.0,42207.77342026822,19557.61239531057,8083.459668763671,6547.602331698574,10800.0,10800.0,5129.352290069514,10800.0,2.2737367544323206e-13,0,58067.7873872761,0.0,111
2025-07-27,96842.0065248166,96842.0065248166,61906.59575218663,61906.59575218663,0.0,17933.47582784556,1642.7113523206392,18845.418656054826,15264.789111404403,10800.0,10800.0,2413.8187679008583,10800.0,2.2737367544323206e-13,0,61906.59575218663,0.0,68
2025-07-28,97233.74572309724,97233.74572309724,62213.570832471785,62213.570832471785,0.0,15482.40043220413,252.41220000000067,18652.92556610408,15108.86970854431,10800.0,10800.0,2574.790048232046,10800.0,2.2737367544323206e-13,0,62213.570832471785,0.0,70
2025-07-29,97969.73725702263,97969.73725702263,62776.93100054621,62776.93100054621,0.0,17616.13355814455,908.7888333333334,17766.152187077605,14390.58327153286,10800.0,10800.0,2306.328229006884,10800.0,2.2737367544323206e-13,0,62776.93100054621,0.0,70
2025-07-30,98396.67390736224,98396.67390736224,63099.13016929412,63099.13016929412,0.0,18588.40287056778,2438.7943333333333,17190.645544532304,13924.422891071172,10800.0,10800.0,2657.9639018063735,10800.0,3.410605131648481e-13,0,63099.13016929412,0.0,75
2025-07-31,98763.23597312643,98763.23597312643,63396.33580089908,63396.33580089908,0.0,19369.16077260145,1276.4653666666673,18013.75561679823,14591.142049606564,10800.0,10800.0,2442.7696452089144,10800.0,2.2737367544323206e-13,0,63396.33580089908,0.0,71
2025-08-01,93304.81362120085,93304.81362120085,59274.766384542454,59274.766384542454,0.0,44917.53453614465,25779.3508,7139.834833629179,5783.266215239635,10800.0,10800.0,5499.041037621143,10800.0,2.2737367544323206e-13,0,59274.766384542454,0.0,114
2025-08-02,92731.57491028082,92731.57491028082,58809.56936716668,58809.56936716668,0.0,44613.010337630636,25772.44830113805,7468.901779888355,6049.810441709566,10800.0,10800.0,5410.571454337651,10800.0,3.410605131648481e-13,0,58809.56936716668,0.0,112
2025-08-03,97482.15097307686,97482.15097307686,62419.426242083035,62419.426242083035,0.0,24841.385136120654,6958.971850000001,14959.547387488867,12117.233383865983,10800.0,10800.0,2242.8573716113424,10800.0,2.2737367544323206e-13,0,62419.426242083035,0.0,84
2025-08-04,97395.77872553162,97395.77872553162,62393.664875009345,62393.664875009345,0.0,23977.644010860982,5258.595683333333,14441.494463178777,11697.610515174807,10800.0,10800.0,2824.8262238798425,10800.0,2.2737367544323206e-13,0,62393.664875009345,0.0,84
2025-08-05,97587.81899688813,97587.81899688813,62549.48295336882,62549.48295336882,0.0,23876.415814518612,5696.5814666666665,15065.852538786976,12203.34055641745,10800.0,10800.0,2759.0273755421326,10800.0,3.410605131648481e-13,0,62549.48295336882,0.0,82
2025-08-06,97744.7535425156,97744.7535425156,62663.2967793986,62663.2967793986,0.0,22582.277283889693,4166.790499999999,15164.665747153886,12283.379255194644,10800.0,10800.0,3040.704467318238,10800.0,2.2737367544323206e-13,0,62663.2967793986,0.0,80
2025-08-07,97933.85600122897,97933.85600122897,62827.66686966561,62827.66686966561,0.0,24816.118364941645,6890.637866666664,14942.707998003547,12103.593478382878,10800.0,10800.0,2728.865729627364,10800.0,2.2737367544323206e-13,0,62827.66686966561,0.0,82
2025-08-08,92633.17788076372,92633.17788076372,58805.24273780367,58805.24273780367,0.0,45320.02427675706,30127.489163537663,7423.648370889487,6013.155180420485,10800.0,10800.0,5824.9226576282945,10800.0,3.410605131648481e-13,0,58805.24273780367,0.0,110
2025-08-09,91913.61147985977,91913.61147985977,58250.35009339298,58250.35009339298,0.0,44387.04850404835,27213.56593164109,7321.410758791248,5930.342714620909,10800.0,10800.0,5810.714735601864,10800.0,3.410605131648481e-13,0,58250.35009339298,0.0,111
2025-08-10,96421.91361544757,96421.91361544757,61756.30357056168,61756.30357056168,0.0,24382.534600250445,3968.1046499999993,14561.343764195415,11794.688448998288,10800.0,10800.0,2685.0882048167186,10800.0,2.2737367544323206e-13,0,61756.30357056168,0.0,84
2025-08-11,95935.57097479654,95935.57097479654,61389.961297685426,61389.961297685426,0.0,23145.10263556544,5285.385300000001,15493.84055735673,12550.010851458956,10800.0,10800.0,2663.1622541423535,10800.0,2.2737367544323206e-13,0,61389.961297685426,0.0,82
2025-08-12,95806.06996620925,95806.06996620925,61321.82058005493,61321.82058005493,0.0,21000.807235176067,4254.00818445896,14687.952087232781,11897.241190658555,10800.0,10800.0,2665.7838777921543,10800.0,3.410605131648481e-13,0,61321.82058005493,0.0,78
2025-08-13,96037.75773680833,96037.75773680833,61505.211458685764,61505.211458685764,0.0,23155.6636632235,4035.922890534979,14343.114384472874,11617.922651423027,10800.0,10800.0,3056.254486498377,10800.0,3.2862601528904634e-13,0,61505.211458685764,0.0,77
2025-08-14,96216.35657784325,96216.35657784325,61661.343930959665,61661.343930959665,0.0,22937.987945895453,4296.5778592086,16081.577838978319,13026.07804957244,10800.0,10800.0,2773.654916171362,10800.0,2.2737367544323206e-13,0,61661.343930959665,0.0,80
2025-08-15,90635.14573729812,90635.14573729812,57399.43329455098,57399.43329455098,0.0,43592.97499054959,28417.975560358056,7707.727910826985,6243.259607769855,10800.0,10800.0,5882.590828505531,10800.0,3.410605131648481e-13,0,57399.43329455098,0.0,108
2025-08-16,89526.49342973458,89526.49342973458,56580.21069447831,56580.21069447831,0.0,42653.58388893102,28506.431382150142,7564.198905193424,6127.001113206676,10800.0,10800.0,5766.912158529858,10800.0,3.410605131648481e-13,0,56580.21069447831,0.0,109
2025-08-17,93673.73775495583,93673.73775495583,59838.58922042206,59838.58922042206,0.0,22169.300267452494,5428.382216666666,15319.27186405263,12408.61020988263,10800.0,10800.0,2719.0941273635135,10800.0,2.2737367544323206e-13,0,59838.58922042206,0.0,83
2025-08-18,93450.37526159445,93450.37526159445,59702.2469494703,59702.2469494703,0.0,21550.301876775837,4446.061250000001,16104.71851658927,13044.821998437306,10800.0,10800.0,2800.9498813491555,10800.0,2.2737367544323206e-13,0,59702.2469494703,0.0,78
2025-08-19,93635.79898042363,93635.79898042363,59870.87490297286,59870.87490297286,0.0,21267.201109619302,5195.296549999999,15029.690898970131,12174.049628165809,10800.0,10800.0,2830.3334732989188,10800.0,2.5579538487363607e-13,0,59870.87490297286,0.0,82
2025-08-20,93806.93913173513,93806.93913173513,60002.41665466178,60002.41665466178,0.0,17805.911979343287,1896.2306499999995,18179.50229329043,14725.396857565253,10800.0,10800.0,2676.4727442970857,10800.0,3.410605131648481e-13,0,60002.41665466178,0.0,71
2025-08-21,94119.55301380632,94119.55301380632,60264.96093477743,60264.96093477743,0.0,22203.973263544773,3249.6472280571525,14850.073888795057,12028.559849923997,10800.0,10800.0,2971.9996058392762,10800.0,2.2737367544323206e-13,0,60264.96093477743,0.0,76
2025-08-22,88811.76627723115,88811.76627723115,56200.222769341526,56200.222769341526,0.0,41223.598183709626,24889.174519722445,7728.548283153099,6260.124109354012,10800.0,10800.0,5805.449941225813,10800.0,2.2737367544323206e-13,0,56200.222769341526,0.0,107
2025-08-23,88062.32077157474,88062.32077157474,55669.09758136714,55669.09758136714,0.0,41329.750772990854,22773.04706258144,7523.772557907664,6094.25577190521,10800.0,10800.0,5901.024324220779,10800.0,3.410605131648481e-13,0,55669.09758136714,0.0,106
2025-08-24,92160.82023219683,92160.82023219683,58849.31000156775,58849.31000156775,0.0,19820.575091371968,5515.587083333334,16268.781969253649,13177.713395095458,10800.0,10800.0,3182.880283972976,10800.0,2.2737367544323206e-13,0,58849.31000156775,0.0,78
2025-08-25,91875.39871341005,91875.39871341005,58696.511210892975,58696.511210892975,0.0,16313.199713992675,1573.6054500000005,16923.718593424837,13708.212060674115,10800.0,10800.0,3016.506255030805,10800.0,3.694822225952521e-13,0,58696.511210892975,0.0,74
2025-08-26,92030.87757866041,92030.87757866041,58815.05943434454,58815.05943434454,0.0,19873.614553503885,3526.8443500000008,16324.212062227376,13222.611770404175,10800.0,10800.0,3155.982542005645,10800.0,2.2737367544323206e-13,0,58815.05943434454,0.0,79
2025-08-27,92214.95661097829,92214.95661097829,58973.23243428051,58973.23243428051,0.0,17595.643897488637,3328.4302000000007,17772.28235170002,14395.548704877016,10800.0,10800.0,3144.957491083157,10800.0,2.2737367544323206e-13,0,58973.23243428051,0.0,74
2025-08-28,92429.87680103716,92429.87680103716,59160.34367155326,59160.34367155326,0.0,16555.128896312337,1768.6557166666666,17569.985288025433,14231.688083300603,10800.0,10800.0,3058.4812725434376,10800.0,2.2737367544323206e-13,0,59160.34367155326,0.0,75
2025-08-29,87143.5312293818,87143.5312293818,55346.04929106285,55346.04929106285,0.0,40978.24136923379,21981.973117038095,8568.928384789058,6940.83199167914,10800.0,10800.0,6068.889971020062,10800.0,2.2737367544323206e-13,0,55346.04929106285,0.0,102
2025-08-30,86311.59126160883,86311.59126160883,54819.3091359818,54819.3091359818,0.0,39313.67201285175,27072.920269834678,7433.048134679268,6020.768989090206,10800.0,10800.0,5922.816331298396,10800.0,3.410605131648481e-13,0,54819.3091359818,0.0,107
2025-08-31,90195.00397849406,90195.00397849406,57674.14712981084,57674.14712981084,0.0,17170.646447845676,3095.8143318411667,17273.26376565202,13991.34365017814,10800.0,10800.0,2997.1208222561313,10800.0,2.2737367544323206e-13,0,57674.14712981084,0.0,76
2025-09-01,90065.65257453316,90065.65257453316,57634.980495291515,57634.980495291515,0.0,28469.620147128397,5416.128100000001,13714.577863533927,11108.808069462486,10800.0,10800.0,4634.534059683752,10800.0,2.2737367544323206e-13,0,57634.980495291515,0.0,86
2025-09-02,88941.9105988172,88941.9105988172,56834.39064585353,56834.39064585353,0.0,27583.083142256815,4286.704733333334,15865.08880645817,12850.72193323112,10800.0,10800.0,2947.4196003177726,10800.0,2.2737367544323206e-13,0,56834.39064585353,0.0,82
2025-09-03,88826.13931727124,88826.13931727124,56770.85736346787,56770.85736346787,0.0,25518.74377804336,5128.197649999999,13849.898101199371,11218.417461971494,10800.0,10800.0,4613.04737558723,10800.0,3.410605131648481e-13,0,56770.85736346787,0.0,83
2025-09-04,88731.37674289315,88731.37674289315,56732.55552572373,56732.55552572373,0.0,26680.14396803239,5215.2653666666665,15317.904516811079,12407.502658616973,10800.0,10800.0,3588.725972451723,10800.0,3.410605131648481e-13,0,56732.55552572373,0.0,83
2025-09-05,82422.16407355272,82422.16407355272,52374.18061419376,52374.18061419376,0.0,45509.6684547303,28794.348309977853,6809.92443251522,5516.038790337329,10800.0,10800.0,6982.0510244301495,10800.0,3.410605131648481e-13,0,52374.18061419376,0.0,109
2025-09-06,81222.40427902176,81222.40427902176,51613.799159852686,51613.799159852686,0.0,44148.08935896626,28068.55324479025,6761.463027711858,5476.785052446601,10800.0,10800.0,7231.362836049656,10800.0,3.410605131648481e-13,0,51613.799159852686,0.0,105
2025-09-07,85095.09381420293,85095.09381420293,54213.25517010176,54213.25517010176,0.0,23754.540924954348,3292.0133299528525,16250.294434889925,13162.73849226084,10800.0,10800.0,2947.8857519575677,10800.0,2.2737367544323206e-13,0,54213.25517010176,0.0,82
2025-09-08,84435.40591609999,84435.40591609999,53747.101504771665,53747.101504771665,0.0,19553.377116132375,2432.91165,16071.303245443649,13017.755628809358,10800.0,10800.0,3421.675343614884,10800.0,2.2737367544323206e-13,0,53747.101504771665,0.0,77
2025-09-09,84159.44987209077,84159.44987209077,53509.85423333155,53509.85423333155,0.0,21656.764136656002,6386.7658,15858.34562509528,12845.259956327176,10800.0,10800.0,3593.476559154963,10800.0,2.2737367544323206e-13,0,53509.85423333155,0.0,81
2025-09-10,84022.45731428917,84022.45731428917,53441.84354298796,53441.84354298796,0.0,18972.032732108157,198.4448626755351,18610.426681607867,15074.445612102372,10800.0,10800.0,1230.3326514079824,10800.0,2.2737367544323206e-13,0,53441.84354298796,0.0,68
2025-09-11,84324.15274873521,84324.15274873521,53656.66989110883,53656.66989110883,0.0,22206.517248106346,5465.141888661739,16612.67278228317,13456.264953649372,10800.0,10800.0,2689.3853297955657,10800.0,2.2737367544323206e-13,0,53656.66989110883,0.0,81
2025-09-12,78626.39405564737,78626.39405564737,49764.18768630684,49764.18768630684,0.0,41033.340770815994,24571.62366270594,7735.649590133904,6265.876168008462,10800.0,10800.0,6821.301631698044,10800.0,1.7053025658242404e-13,0,49764.18768630684,0.0,104
2025-09-13,77487.03170670116,77487.03170670116,48948.997864463025,48948.997864463025,0.0,39827.57198882704,28206.442671242967,7610.081912093818,6164.166348795994,10800.0,10800.0,6751.2606902106,10800.0,2.2737367544323206e-13,0,48948.997864463025,0.0,104
2025-09-14,81485.79839239031,81485.79839239031,51659.47967119368,51659.47967119368,0.0,16219.353239003789,1762.7669500000009,17917.649754665963,14513.296301279428,10800.0,10800.0,1828.1541555800272,10800.0,2.2737367544323206e-13,0,51659.47967119368,0.0,78
2025-09-15,81137.19531980861,81137.19531980861,51390.903946298466,51390.903946298466,0.0,18827.37218267466,3752.4083833333325,18370.44273930153,14880.058618834237,10800.0,10800.0,1738.61130266354,10800.0,2.2737367544323206e-13,0,51390.903946298466,0.0,76
2025-09-16,80770.40557863472,80770.40557863472,51148.71872862058,51148.71872862058,0.0,15024.664065024144,2888.8544134004414,17711.142720404212,14346.02560352741,10800.0,10800.0,2510.3878857078053,10800.0,2.2737367544323206e-13,0,51148.71872862058,0.0,76
2025-09-17,80867.0140521634,80867.0140521634,51248.801039952465,51248.801039952465,7.62916666666672,15996.387611120259,1372.744607991211,18659.961051150553,15114.56845143195,10800.0,10800.0,1341.408456495013,10800.0,2.2737367544323206e-13,1,51214.09214620246,34.70889375000024,74
2025-09-18,81056.62548450407,81056.62548450407,51352.045255516336,51352.045255516336,0.0,16498.834867214955,2070.647133333333,18584.696669942736,15053.604302653623,10800.0,10800.0,1713.754947303341,10800.0,2.2737367544323206e-13,0,51352.045255516336,0.0,76
2025-09-19,75678.78396111328,75678.78396111328,47630.75689337399,47630.75689337399,0.0,37739.377536172404,20270.646504034994,8249.5137065222,6682.106102282985,10800.0,10800.0,6457.272335049772,10800.0,1.7053025658242404e-13,0,47630.75689337399,0.0,101
2025-09-20,74723.63153327952,74723.63153327952,46975.88931853628,46975.88931853628,0.0,36874.21904732945,20490.592219031714,9017.823860973824,7304.437327388797,10800.0,10800.0,6110.14150133626,10800.0,1.1368683772161603e-13,0,46975.88931853628,0.0,99
2025-09-21,79002.05285248865,79002.05285248865,49966.619878875965,49966.619878875965,0.0,14706.306123164844,2691.0993814586745,17458.736129114706,14141.576264582913,10800.0,10800.0,2817.728207976206,10800.0,1.1368683772161603e-13,0,49966.619878875965,0.0,78
2025-09-22,78573.42771162625,78573.42771162625,49642.71732586851,49642.71732586851,0.0,12238.519148628173,2178.599033333333,18643.62971753383,15101.340071202401,10800.0,10800.0,1866.334283270567,10800.0,2.2737367544323206e-13,0,49642.71732586851,0.0,73
2025-09-23,78204.43625950156,78204.43625950156,49458.6641032624,49458.6641032624,0.0,11491.45146744195,892.9184097879918,19491.8463102015,15788.395511263221,10800.0,10800.0,1599.1870455704736,10800.0,2.2737367544323206e-13,0,49458.6641032624,0.0,63
2025-09-24,78504.08122120152,78504.08122120152,51277.031749897564,51277.031749897564,321.35665781435995,12414.13246987226,1710.8051431026183,19143.553505478954,15506.278339437953,10800.0,10800.0,1200.0,10800.0,2.2737367544323206e-13,4,49674.352295643075,1602.6794542544885,79
2025-09-25,78750.49589405488,78750.49589405488,49865.410521703845,49865.410521703845,0.0,12584.012469354924,2312.1535,18520.426445789286,15001.545421089324,10800.0,10800.0,1868.0709817328807,10800.0,1.1368683772161603e-13,0,49865.410521703845,0.0,73
2025-09-26,73525.71317584006,73525.71317584006,46176.23529248794,46176.23529248794,0.0,35924.63665811371,18200.185857203254,8982.353476437416,7275.706315914312,10800.0,10800.0,6067.884841424185,10800.0,2.2737367544323206e-13,0,46176.23529248794,0.0,97
2025-09-27,72395.76837168723,72395.76837168723,45427.24051431337,45427.24051431337,0.0,33266.58080884065,19526.46222198406,9481.174162434307,7679.751071571788,10800.0,10800.0,5849.778957962161,10800.0,1.1368683772161603e-13,0,45427.24051431337,0.0,100
2025-09-28,76494.7922427077,76494.7922427077,50199.709532842346,50199.709532842346,368.91950670322024,9620.695299688796,0.0,19765.196226607743,16009.808943552278,10800.0,10800.0,1200.0,10800.0,2.2737367544323206e-13,5,48392.5505829419,1807.1589499004544,51
2025-09-29,76597.25341828153,76597.25341828153,49024.28207324557,49024.28207324557,123.2920370256757,10009.306147667325,185.875635677381,19818.27406296051,16052.801990998014,10800.0,10800.0,1200.0,10800.0,2.2737367544323206e-13,3,48442.38521221762,581.8968610279583,62
2025-09-30,76641.97939075789,76641.97939075789,51399.234322605924,51399.234322605924,595.1991456209921,7878.4675015734365,0.0,20718.611937572514,16782.075669433732,10800.0,10800.0,1200.0,10800.0,2.2737367544323206e-13,5,48448.27432860349,2950.9599940024364,44
2025-10-01,77211.64256888849,77211.64256888849,48825.489412815165,48825.489412815165,0.0,17987.09524180537,6480.850603974638,16221.97468302715,13139.799493251994,10800.0,10800.0,3503.4269625864617,10800.0,2.2737367544323206e-13,0,48825.489412815165,0.0,82
2025-10-02,76998.23629148465,76998.23629148465,48710.151387025166,48710.151387025166,0.0,16876.16573752618,5159.512199999999,17009.34335416734,13777.568116875545,10800.0,10800.0,2679.6805597645757,10800.0,2.2737367544323206e-13,0,48710.151387025166,0.0,81
2025-10-03,71461.23100277473,71461.23100277473,44697.84508323021,44697.84508323021,0.0,36392.4137514387,25619.18782192388,8591.977523221869,6959.5017938097135,10800.0,10800.0,6427.482850096294,10800.0,2.2737367544323206e-13,0,44697.84508323021,0.0,103
2025-10-04,70614.86968203839,70614.86968203839,44107.417626202834,44107.417626202834,0.0,34672.526539253406,21113.82269528161,9118.621127210768,7386.083113040722,10800.0,10800.0,6346.862800947827,10800.0,1.7053025658242404e-13,0,44107.417626202834,0.0,100
2025-10-05,74867.53970952722,74867.53970952722,47182.26297834187,47182.26297834187,0.0,13255.834085158187,3540.9466666666663,17551.567847556307,14216.769956520613,10800.0,10800.0,2461.9834872554084,10800.0,1.1368683772161603e-13,0,47182.26297834187,0.0,79
2025-10-06,74515.35059096056,74515.35059096056,46955.41165483739,46955.41165483739,0.0,10969.929299229501,2359.503981110091,18172.67400326832,14719.86594264734,10800.0,10800.0,2229.147824626202,10800.0,2.2737367544323206e-13,0,46955.41165483739,0.0,76
2025-10-07,74364.48010285686,74364.48010285686,46872.66926713049,46872.66926713049,0.0,11039.582552795655,1987.7477466971984,18766.246333494808,15200.659530130793,10800.0,10800.0,1419.2160944696257,10800.0,2.2737367544323206e-13,0,46872.66926713049,0.0,74
2025-10-08,74393.2390347514,74393.2390347514,46873.09879200974,46873.09879200974,0.0,11345.078474925687,3077.6216833333333,18379.17478855645,14887.131578730725,10800.0,10800.0,1863.743599087094,10800.0,1.1368683772161603e-13,0,46873.09879200974,0.0,78
2025-10-09,74487.4288222336,74487.4288222336,46954.02063798026,46954.02063798026,0.0,11429.880482791292,3803.6787999999992,18388.88345320517,14894.995597096193,10800.0,10800.0,1907.7145581020634,10800.0,1.7763568394002505e-13,0,46954.02063798026,0.0,77
2025-10-10,69144.68204998298,69144.68204998298,43146.99434304099,43146.99434304099,0.0,32401.65621585596,25668.843211142073,9108.272138517157,7377.700432198894,10800.0,10800.0,6134.164349983013,10800.0,2.2737367544323206e-13,0,43146.99434304099,0.0,100
2025-10-11,68312.99135723122,68312.99135723122,42566.31915739793,42566.31915739793,0.0,31706.199821539096,20655.36249932079,9711.133963357908,7866.018510319909,10800.0,10800.0,5729.68087877948,10800.0,1.1368683772161603e-13,0,42566.31915739793,0.0,98
2025-10-12,72618.85980689304,72618.85980689304,45703.850994079854,45703.850994079854,20.929933333333338,8651.751256046864,1860.3632333333335,19014.31193427813,15401.592666765286,10800.0,10800.0,1813.1944109903543,10800.0,2.2737367544323206e-13,1,45605.815186346525,98.03580773333336,74
2025-10-13,72471.92161566419,72471.92161566419,45485.50224438237,45485.50224438237,0.0,9283.832370753884,2505.135952441994,19239.778907727992,15584.220915259673,10800.0,10800.0,1964.0619771977954,10800.0,2.2737367544323206e-13,0,45485.50224438237,0.0,70
2025-10-14,72369.15040537399,72369.15040537399,47420.48540791809,47420.48540791809,403.97890518032295,7358.175847069795,868.9151724621433,19853.731619416067,16081.522611727018,10800.0,10800.0,1200.0,10800.0,2.0161650127192843e-13,4,45426.93978498572,1993.5456229323684,60
2025-10-15,72696.91378047827,72696.91378047827,45648.013702931275,45648.013702931275,0.0,7008.876698294399,37.97962908843041,19631.756858397093,15901.723055301645,10800.0,10800.0,1567.561916315888,10800.0,1.1368683772161603e-13,0,45648.013702931275,0.0,61
2025-10-16,73035.29662018195,73035.29662018195,46182.93811437706,46182.93811437706,65.8892733700083,5474.939419251465,595.3288785515144,21391.813924994647,17327.369279245657,10800.0,10800.0,1200.0,10800.0,2.2737367544323206e-13,3,45864.26590335511,318.6722110219445,44
2025-10-17,68119.78756145746,68119.78756145746,42257.94060241626,42257.94060241626,0.0,30601.343470932876,19715.48430908902,9467.160340888986,7668.3998761200755,10800.0,10800.0,5548.452769245392,10800.0,1.1368683772161603e-13,0,42257.94060241626,0.0,100
2025-10-18,67311.36286463655,67311.36286463655,41702.55331020593,41702.55331020593,0.0,29596.07796211694,19821.329647286748,9565.063097716851,7747.70110915065,10800.0,10800.0,5539.3865361991975,10800.0,1.1368683772161603e-13,0,41702.55331020593,0.0,100
2025-10-19,71669.23301965505,71669.23301965505,44846.39289750767,44846.39289750767,0.0,3341.0601015144666,221.7279523743669,22214.328591752048,17993.606159319166,10800.0,10800.0,1252.7287059910318,10800.0,2.2737367544323206e-13,0,44846.39289750767,0.0,34
2025-10-20,71862.03926082961,71862.03926082961,49876.74994133069,49876.74994133069,1011.8322483252696,4502.115990457436,0.0,20689.332379109364,16758.35922707858,10800.0,10800.0,1200.0,10800.0,1.1368683772161603e-13,7,44929.63996880243,4947.109972528255,51
2025-10-21,72003.43432198573,72003.43432198573,48525.43005329297,48525.43005329297,723.8779571340344,2268.2390285367846,0.0,21034.167897805128,17037.675997222155,10800.0,10800.0,1200.0,10800.0,1.1368683772161603e-13,7,45004.315925915114,3521.114127377857,37
2025-10-22,72735.49143414236,72735.49143414236,51661.6903842474,51661.6903842474,1276.6840542982236,4536.159374204777,25.85654731146835,20501.383510128107,16606.120643203772,10800.0,10800.0,1200.0,10800.0,1.1368683772161603e-13,8,45448.672315007025,6213.01806924037,55
2025-10-23,73348.49093105704,73348.49093105704,45919.17928346554,45919.17928346554,0.0,5154.199371392262,842.6364729665111,20906.09501771019,16933.93696434526,10800.0,10800.0,1378.9722476342165,10800.0,2.2737367544323206e-13,0,45919.17928346554,0.0,61
2025-10-24,68136.60884989842,68136.60884989842,42033.15229089893,42033.15229089893,0.0,28722.708621261325,19142.041843040384,9746.356152263375,7894.548483333332,10800.0,10800.0,5164.521851851852,10800.0,1.1368683772161603e-13,0,42033.15229089893,0.0,98
2025-10-25,67060.52339937919,67060.52339937919,41221.35949539731,41221.35949539731,0.0,27709.78468784023,18124.925184680258,9617.793650133472,7790.41285660811,10800.0,10800.0,5080.052714879877,10800.0,1.1368683772161603e-13,0,41221.35949539731,0.0,97
2025-10-26,70971.18385778226,70971.18385778226,43947.507458738255,43947.507458738255,0.0,1735.3963647016956,689.8617213709172,21061.125026542093,17059.5112714991,10800.0,10800.0,1710.2014712280675,10800.0,2.2737367544323206e-13,0,43947.507458738255,0.0,20
2025-10-27,70886.76850089559,70886.76850089559,48561.21677682042,48561.21677682042,694.9773901607608,2723.089251709034,1194.5564833333328,21639.570996564817,17528.052507217493,10800.0,10800.0,1200.0,10800.0,2.2737367544323206e-13,2,43758.309890258955,4802.906886561467,24
2025-10-28,71011.09163687081,71011.09163687081,43977.3114442919,43977.3114442919,26.729395756506733,771.5080413581447,0.0,22599.4278487851,18305.53655751593,10800.0,10800.0,1200.0,10800.0,2.2737367544323206e-13,2,43796.469157145286,180.8422871466176,10
2025-10-29,71744.32575886903,71744.32575886903,57672.18884767649,57672.18884767649,2128.9848128593267,507.60495415229013,0.0,21456.402513847534,17402.95369627146,10800.0,10774.147044383384,1200.0,10800.0,1.1368683772161603e-13,11,44277.08697480264,13395.101872873845,35
2025-10-30,72979.70933676415,72979.70933676415,45116.9704282219,45116.9704282219,0.45342515825745977,2566.1225303718047,1427.8128840529098,21974.43177601449,17776.02207851679,10774.147044383384,10800.0,1247.6021124671383,10800.0,1.4210854715202004e-13,1,45114.84658478062,2.1238434412779417,28
2025-10-31,67895.58433713933,67895.58433713933,41430.319123314985,41430.319123314985,0.0,27272.917589472396,14832.462329492402,9925.854481620321,8039.942130112464,10800.0,10800.0,4771.47077777778,10800.0,2.2737367544323206e-13,0,41430.319123314985,0.0,94
2025-11-01,67567.86936101891,67567.86936101891,41168.30248947076,41168.30248947076,0.0,27082.855966316514,16110.989264097876,9631.503669848398,7801.517972577201,10800.0,10800.0,4969.6120925925925,10800.0,1.1368683772161603e-13,0,41168.30248947076,0.0,96
2025-11-02,72543.11764157834,72543.11764157834,50511.9994695199,50511.9994695199,886.6129005780975,319.3248020609449,0.0,23056.88617972094,18742.86437295877,10800.0,10725.792702905763,1200.0,10800.0,3.410605131648481e-13,5,44731.33805019421,5780.661419325701,6
2025-11-03,73433.65592182332,73433.65592182332,47920.170706353456,47920.170706353456,371.7550041618403,135.8218568943605,0.0,22277.611280501438,18112.95249474397,10725.792702905763,10650.140083419305,1200.0,10729.016244929568,1.1368683772161603e-13,2,45333.143156974096,2587.027549379357,2
2025-11-04,74408.10457916184,74408.10457916184,48204.317017014786,48204.317017014786,342.7624557561519,2003.1186174361474,787.2475499999998,22543.25883784398,18162.830003695468,10650.140083419305,10758.150811150592,1200.0,10800.0,2.8421709430404007e-13,5,45982.14941490365,2222.1676021111307,19
2025-11-05,74939.1873480461,74939.1873480461,46773.232719085754,46773.232719085754,60.47630474868254,621.104245227824,365.4178106670127,23115.78157731105,18780.66004707774,10758.150811150592,10694.954178421935,1200.0,10800.0,1.1368683772161603e-13,3,46391.940184362335,381.29253472342293,14
2025-11-06,75764.42033508417,75764.42033508417,51543.355546712875,51543.355546712875,959.5907336612188,1037.690790503033,0.0,22948.68631157871,18631.950583336336,10694.954178421935,10646.604544024616,1200.0,10800.0,1.1368683772161603e-13,10,46913.97643429105,4629.379112421818,28
2025-11-07,71428.67103134283,71428.67103134283,43582.41122015382,43582.41122015382,0.0,29710.79483702816,16188.05261109933,10912.136260548186,8700.77446066618,10646.604544024616,10800.0,4716.515685185186,10800.0,2.2737367544323206e-13,0,43582.41122015382,0.0,90
2025-11-08,70904.65121387257,70904.65121387257,43247.54961206389,43247.54961206389,0.0,29445.391911352133,15737.9785251383,10158.282512537551,8228.20883515542,10800.0,10800.0,4761.122185185186,10800.0,1.1368683772161603e-13,0,43247.54961206389,0.0,96
2025-11-09,75748.55449140209,75748.55449140209,50939.73516467656,50939.73516467656,605.6381314876812,360.93062752055204,309.1997898145573,23232.815105979033,18895.570083757695,10800.0,10714.45572453925,1200.0,10800.0,1.1368683772161603e-13,6,46894.853225101055,4044.881939575507,16
2025-11-10,76741.74112759274,76741.74112759274,58561.71227748252,58561.71227748252,1691.7381870302838,206.6048106890818,0.0,22874.17304694717,18505.741643013214,10714.45572453925,10739.276307888133,1200.0,10800.0,1.1368683772161603e-13,12,47543.04573742229,11018.666540060225,16
2025-11-11,77737.88647808472,77737.88647808472,49230.69506095258,49230.69506095258,135.07089914254232,1814.1123745657248,262.38464999999974,22891.04739165966,18653.606705664784,10739.276307888133,10614.989287420956,1200.0,10800.0,2.2737367544323206e-13,2,48293.7676210342,936.9274399183751,24
2025-11-12,78412.89297836428,78412.89297836428,49386.55666418202,49386.55666418202,92.69491481588227,2728.9633751801452,227.98705000000018,23295.474087783587,18702.824369783568,10614.989287420956,10800.0,1200.0,10800.0,2.2737367544323206e-13,2,48770.48639842642,616.0702657555945,27
2025-11-13,78715.43804320172,78715.43804320172,50681.8406406174,50681.8406406174,223.40645802272587,2235.0203296179043,160.46586666666644,22038.451229729624,17890.96424145642,10800.0,10755.756949582865,1200.0,10800.0,2.2737367544323206e-13,1,49123.357189450864,1558.4834511665356,19
2025-11-14,74366.44940815997,74366.44940815997,45657.00075832322,45657.00075832322,0.0,31386.32807558225,13461.956015356802,9894.164588660573,7974.454571439648,10755.756949582865,10800.0,4728.2643703703725,10800.0,1.1368683772161603e-13,0,45657.00075832322,0.0,97
2025-11-15,74038.10478087881,74038.10478087881,45400.282682232806,45400.282682232806,0.0,31012.153764301027,12863.995427520313,10263.519328372604,8313.450655981811,10800.0,10800.0,4649.6975925925935,10800.0,2.2737367544323206e-13,0,45400.282682232806,0.0,95
2025-11-16,78850.28038370187,78850.28038370187,54429.59663631377,54429.59663631377,757.2874412022626,810.9514205440144,0.0,23401.14847093358,19039.076449906774,10800.0,10706.504235054912,1200.0,10800.0,1.1368683772161603e-13,2,49178.22827685988,5251.368359453901,18
2025-11-17,79754.10628079026,79754.10628079026,49944.596562255145,49944.596562255145,15.957057664925173,2548.721313784884,155.7228666666665,22768.326623726563,18398.461799056255,10706.504235054912,10755.262864124092,1200.0,10800.0,2.2737367544323206e-13,1,49847.05106874945,97.54549350568757,20
2025-11-18,80263.0922135148,80263.0922135148,52422.15692141671,52422.15692141671,328.9652063514166,1503.067297473027,23.95728333333318,22322.30411356141,18147.823107834884,10755.262864124092,10681.088668735047,1200.0,10800.0,3.907985046680551e-14,5,50270.061541876836,2152.095379539874,14
2025-11-19,81172.81645877796,81172.81645877796,51742.43311322627,51742.43311322627,156.37166471242836,1433.9442180725832,0.0,23689.939282091244,19163.006976673438,10681.088668735047,10709.804048535567,1200.0,10800.0,2.2737367544323206e-13,5,50826.76001774632,915.6730954799477,17
2025-11-20,81864.09462422736,81864.09462422736,53825.976883954034,53825.976883954034,381.43115415065444,3075.764062243425,94.4377333333332,22289.606157177906,18007.358207709985,10709.804048535567,10762.273803651255,1200.0,10800.0,1.1368683772161603e-13,6,51362.50989132906,2463.466992624984,19
2025-11-21,77313.52235808197,77313.52235808197,47808.61365953681,47808.61365953681,0.0,33823.1902736685,12891.778726543213,8948.503760472184,7214.334469268599,10762.273803651255,10800.0,4912.8033703703695,10800.0,2.2737367544323206e-13,0,47808.61365953681,0.0,99
2025-11-22,76987.877449133,76987.877449133,47546.09013610181,47546.09013610181,0.0,33147.50828844262,11832.10325020576,9412.823300796228,7624.386873644946,10800.0,10800.0,4740.909222222222,10800.0,2.2737367544323206e-13,0,47546.09013610181,0.0,96
2025-11-23,81925.89504326064,81925.89504326064,53260.34815742014,53260.34815742014,298.3734065820573,2476.8590447021984,50.0818800448823,23590.053541665617,19124.82229990334,10800.0,10781.245632050905,1200.0,10800.0,2.2737367544323206e-13,4,51385.09299062216,1875.2551667979812,31
2025-11-24,82720.83600909094,82720.83600909094,53344.10033068519,53344.10033068519,213.241416585901,4447.883850515367,310.70213333333345,21847.02167338709,17833.473931558943,10781.245632050905,10628.594103033802,1200.0,10800.0,2.8421709430404007e-13,4,51937.73297502722,1406.3673556579674,32
2025-11-25,83449.78872228379,83449.78872228379,52495.70943719955,52495.70943719955,18.712761804624073,2680.1732973259664,100.00658333333354,23371.345591867834,18851.684455105373,10628.594103033802,10716.489074486663,1200.0,10800.0,2.2737367544323206e-13,2,52420.0974647625,75.61197243704979,18
2025-11-26,83904.52159586144,83904.52159586144,52883.64805723069,52883.64805723069,22.488209045220287,2584.424466342659,2.9483333333332666,23720.054152291246,19138.08403039391,10716.489074486663,10800.0,1241.4237231334846,10800.0,2.2737367544323206e-13,1,52778.31328606288,105.33477116781182,38
2025-11-27,84391.8973710096,84391.8973710096,53514.9125365853,53514.9125365853,48.870159940230224,4155.129107612509,214.0128166666666,22582.804596512316,18292.07172317498,10800.0,10800.0,1200.0,10800.0,2.8421709430404007e-13,1,53173.994300842256,340.918235743046,35
2025-11-28,79602.97935560523,79602.97935560523,49485.66441960343,49485.66441960343,0.0,35975.64834870079,10968.85667325103,9143.346229754781,7406.110446101373,10800.0,10800.0,4591.673074074072,10800.0,2.2737367544323206e-13,0,49485.66441960343,0.0,99
2025-11-29,79357.85990277545,79357.85990277545,49280.16221555293,49280.16221555293,0.0,35452.71763326875,7267.596713991767,8989.976081657544,7281.880626142607,10800.0,10800.0,4740.428296296297,10800.0,2.2737367544323206e-13,0,49280.16221555293,0.0,98
2025-11-30,84482.41070739916,84482.41070739916,57629.68355022094,57629.68355022094,642.1289190579745,356.08764322366517,0.0,24249.09979235291,19725.475925786097,10800.0,10706.994340021962,1200.0,10800.0,5.1514348342607263e-14,3,53186.39290502008,4443.290645200847,19
2025-12-01,85551.14246266309,85551.14246266309,83501.79881526268,83501.79881526268,5466.746796393145,202.52392550242007,0.0,24274.118231482113,19757.680631261617,10706.994340021962,10600.722269176293,1200.0,10706.994340021962,2.2737367544323206e-13,18,53942.43301310267,29559.365802160006,15
2025-12-02,87009.31029284069,87009.31029284069,89066.87118021364,89066.87118021364,6234.922333755025,49.84777334159696,0.0,23709.130375723784,19152.55547246967,10600.722269176293,10658.322415694729,1200.0,10658.322415694729,1.1368683772161603e-13,23,54972.03500687143,34094.836173342206,19
2025-12-03,88509.42053931471,88509.42053931471,75423.72417159483,75423.72417159483,3395.22813440449,145.5249670118519,0.0,24011.866166375457,19415.49102633477,10658.322415694729,10696.234158394012,1200.0,10696.234158394012,0.0,14,56128.5588986316,19295.16527296325,12
2025-12-04,89880.25436092827,89880.25436092827,70982.76161220766,70982.76161220766,2721.674340732591,1021.7419167282384,0.0,24960.72135485127,20151.743319918634,10696.234158394012,10770.057466739441,1200.0,10800.0,2.2737367544323206e-13,12,57155.946002844816,13826.815609362837,11
2025-12-05,86631.8001751989,86631.8001751989,54313.37502213101,54313.37502213101,0.0,38080.15732850574,5324.610082291465,9939.246321757195,8023.841240688826,10770.057466739441,10800.0,4729.059185185185,10800.0,3.268496584496461e-13,0,54313.37502213101,0.0,93
2025-12-06,86558.69399357322,86558.69399357322,54233.77872170134,54233.77872170134,0.0,36560.02213352909,4422.136133333333,10062.657421284994,8150.752511240842,10800.0,10800.0,4641.770037037037,10800.0,2.2737367544323206e-13,0,54233.77872170134,0.0,95
2025-12-07,91688.39032222595,91688.39032222595,64533.434115832206,64533.434115832206,892.424850396388,234.91932042532028,0.0,24923.91084991462,20230.69624771759,10800.0,10752.96837857029,1200.0,10800.0,2.2737367544323206e-13,4,58351.635958385115,6181.798157447091,5
2025-12-08,93316.58565502176,93316.58565502176,59588.63650243592,59588.63650243592,15.978214792066069,619.6083606696047,0.0,25386.399648372735,20520.655255895177,10752.96837857029,10800.0,1200.0,10800.0,2.2737367544323206e-13,2,59486.774272597184,101.86222983873884,14
2025-12-09,94289.23209928042,94289.23209928042,62119.06843943761,62119.06843943761,300.09705962924676,2411.1230453142452,0.0,25209.22024699351,20419.46840006475,10800.0,10800.0,1200.0,10800.0,2.2737367544323206e-13,7,60212.593353816286,1906.475085621326,29
2025-12-10,95143.70243115952,95143.70243115952,60872.58855991103,60872.58855991103,0.0,2130.2257281333214,0.0,24346.62229662912,19720.764060269583,10800.0,10800.0,1414.4019999229247,10800.0,2.2737367544323206e-13,0,60872.58855991103,0.0,33
2025-12-11,96130.93660431763,96130.93660431763,61596.51592868571,61596.51592868571,0.0,5678.774271943545,0.0,23636.35595986365,19145.44832748956,10800.0,10800.0,1347.0238734716568,10800.0,2.2737367544323206e-13,0,61596.51592868571,0.0,47
2025-12-12,91666.82311023344,91666.82311023344,57946.18380910396,57946.18380910396,0.0,42524.66459690098,3648.191466666666,9366.071385960291,7586.5178226278385,10800.0,10800.0,4717.122203703706,10800.0,2.2737367544323206e-13,0,57946.18380910396,0.0,99
2025-12-13,91637.36543676726,91637.36543676726,57878.76919702798,57878.76919702798,0.0,42201.746067821936,3803.3817137000055,9651.075115326183,7817.370843414207,10800.0,10800.0,4765.618870370371,10800.0,1.1368683772161603e-13,0,57878.76919702798,0.0,94
2025-12-14,96737.16324921342,96737.16324921342,62120.395052380554,62120.395052380554,20.707666808588215,3294.6149537544843,0.0,24674.36042950284,19989.82626723531,10800.0,10796.006311846653,1200.0,10800.0,2.2737367544323206e-13,1,61975.938368723844,144.4566836567114,46
2025-12-15,97637.0032685611,97637.0032685611,62656.200046633196,62656.200046633196,0.0,3497.881653220149,0.0,24557.733312296197,19888.169663621906,10796.006311846653,10800.0,1246.9385991760355,10800.0,2.2737367544323206e-13,0,62656.200046633196,0.0,46
2025-12-16,98486.10165316658,98486.10165316658,63321.32615327128,63321.32615327128,0.0,4469.6516067453485,0.0,24201.887963620546,19603.52925053264,10800.0,10800.0,1286.5520455476226,10800.0,2.2737367544323206e-13,0,63321.32615327128,0.0,51
2025-12-17,99151.94419227417,99151.94419227417,63806.32843457311,63806.32843457311,0.0,6515.828724002542,0.0,23390.88632423667,18946.617922631707,10800.0,10800.0,1480.734635972984,10800.0,2.2737367544323206e-13,0,63806.32843457311,0.0,56
2025-12-18,99769.20619747859,99769.20619747859,64283.53222970576,64283.53222970576,0.0,7855.755867944992,0.0,23932.54401508918,19385.36065222224,10800.0,10800.0,1440.0024427342037,10800.0,2.2737367544323206e-13,0,64283.53222970576,0.0,54
2025-12-19,95161.40965224078,95161.40965224078,60511.20596549449,60511.20596549449,0.0,45355.659313119104,5083.267369406647,9547.850893237057,7733.759223522019,10800.0,10800.0,4590.6057407407425,10800.0,2.2737367544323206e-13,0,60511.20596549449,0.0,99
2025-12-20,95034.39267206276,95034.39267206276,60374.71691482852,60374.71691482852,0.0,45054.110201983785,5239.579332053692,9917.636252764738,8033.285364739441,10800.0,10800.0,4736.611222222224,10800.0,2.2737367544323206e-13,0,60374.71691482852,0.0,96
2025-12-21,100068.33123465301,100068.33123465301,64632.13442428219,64632.13442428219,26.535628420662306,6589.931366965995,0.0,23511.334891794897,19044.18126235387,10800.0,10800.0,1200.0,10800.0,2.2737367544323206e-13,1,64447.02188041964,185.11254386254024,56
2025-12-22,100818.12861839948,100818.12861839948,65210.854764988,65210.854764988,27.277380369980413,7421.120663705804,0.0,23615.043430159603,19128.185178429274,10800.0,10800.0,1200.0,10800.0,2.2737367544323206e-13,3,65033.40303964181,177.45172534619053,53
2025-12-23,101395.45687228523,101395.45687228523,65497.24077962301,65497.24077962301,0.0,9797.67565781293,0.0,22840.46674283676,18500.778061697783,10800.0,10800.0,1420.9042487420347,10800.0,2.2737367544323206e-13,0,65497.24077962301,0.0,59
2025-12-24,101877.65449125275,101877.65449125275,65876.17649820093,65876.17649820093,0.0,9665.320985395636,0.0,22935.653627318123,18577.879438127682,10800.0,10800.0,1350.6384932739684,10800.0,3.410605131648481e-13,0,65876.17649820093,0.0,61
2025-12-25,102381.02999304075,102381.02999304075,66281.47497957424,66281.47497957424,0.0,10356.65587714062,0.0,22168.02938193055,17956.10379936375,10800.0,10800.0,1346.9993996707558,10800.0,2.2737367544323206e-13,0,66281.47497957424,0.0,59
2025-12-26,97762.65098977697,97762.65098977697,62464.532689178835,62464.532689178835,0.0,47865.21869892787,5112.884316666667,9352.2396886796,7575.314147830479,10800.0,10800.0,4880.661092592595,10800.0,3.410605131648481e-13,0,62464.532689178835,0.0,100
2025-12-27,97584.66838680964,97584.66838680964,62291.51885743423,62291.51885743423,0.0,47844.22228525388,4678.620899999998,9068.505973100564,7345.489838211459,10800.0,10800.0,4713.429814814815,10800.0,2.2737367544323206e-13,0,62291.51885743423,0.0,103
2025-12-28,102529.670329354,102529.670329354,66344.74709284477,66344.74709284477,0.0,11574.954008051445,0.0,21818.218796329253,17672.757225026693,10800.0,10800.0,1383.9130972042833,10800.0,2.2737367544323206e-13,0,66344.74709284477,0.0,58
2025-12-29,103094.93929643635,103094.93929643635,66786.09718478854,66786.09718478854,0.0,11434.030399940582,0.0,21774.43489383743,17637.292264008323,10800.0,10800.0,1301.0550716962252,10800.0,2.2737367544323206e-13,0,66786.09718478854,0.0,66
2025-12-30,103559.58748984139,103559.58748984139,67152.85529803374,67152.85529803374,0.0,13205.715630297642,0.0,21734.04873444084,17604.57947489708,10800.0,10800.0,1464.4723674974211,10800.0,2.2737367544323206e-13,0,67152.85529803374,0.0,67
2025-12-31,104033.32557802397,104033.32557802397,67527.9592675594,67527.9592675594,0.0,11125.830572201987,0.0,22426.69511836138,18165.623045872715,10800.0,10800.0,1371.762789562432,10800.0,2.2737367544323206e-13,0,67527.9592675594,0.0,68
