日期,月份,现金费_元,计划购电量_kWh,最终合同量_kWh,调整量_kWh,应急购电量_kWh,充电量_kWh,放电量_kWh,弃购量_kWh,弃光量_kWh,日末储电量_kWh
2025-02-01,2025-02,25002.19247433261,47441.348230895856,45405.320793903986,-2036.0274369918682,70.53319639528746,19503.45301568092,15797.796942701549,5262.778412835519,2129.243571151056,10800.0
2025-02-02,2025-02,59089.87591236357,93634.98853986914,91913.47444100387,-1721.5140988652697,50.31679536518084,23942.645602711294,19393.54293819615,7394.317120730595,1664.0935011233194,10800.0
2025-02-03,2025-02,59872.13001313046,95451.28799882921,91212.37763659048,-4238.910362238758,200.51416391360738,23609.131098469377,19123.3961897602,5417.532394265827,1292.7079975290658,10800.0
2025-02-04,2025-02,62053.995915078296,98278.15181268551,94984.41805772082,-3293.7337549646754,34.04986728331465,24152.16774556268,19563.25587390577,7684.948301445107,1549.7438019021292,10800.0
2025-02-05,2025-02,59940.52383550859,91993.43378070029,92880.19769470347,886.763914003177,94.5690676783706,23594.65551711955,19111.670968866834,6576.722158075163,1166.6330727206314,10800.0
2025-02-06,2025-02,60786.287293034526,98166.99169976951,92346.59396753054,-5820.397732238959,62.36531064068245,24005.040670345174,19444.082942979596,6074.093218470807,1502.8511156681739,10800.0
2025-02-07,2025-02,24471.284067545654,47398.654341163834,44173.381865650794,-3225.2724755130394,86.67194348536844,20267.94608782148,16417.03633113541,4335.5852861966305,4267.879099586791,10800.0
2025-02-08,2025-02,22267.73195982111,38812.828031295736,39438.0895432356,625.2615119398591,321.76643125894196,20574.659379703575,16665.474097559898,2597.520243068552,1675.9877326156416,10800.0
2025-02-09,2025-02,57660.7795526149,89683.0305104769,89297.69656441025,-385.3339460666633,175.46924187768337,23145.649795053065,18747.976333992985,4499.644450852646,1020.4319277085439,10800.0
2025-02-10,2025-02,54090.28216446315,85916.41494614554,83314.13045925001,-2602.2844868955226,208.00719540738922,23825.095048252602,19298.326989084606,3692.805707597526,975.9263045585556,10800.0
2025-02-11,2025-02,55815.33234802858,85325.75872279356,81677.63177347988,-3648.1269493136783,741.5985939952745,22992.400785577807,18623.844636318026,2513.877244629981,316.19984025205565,10800.0
2025-02-12,2025-02,55859.179141044755,85276.6928713092,81719.95845627802,-3556.734415031187,776.0110832287388,23196.1672634286,18788.895483377164,2516.6593409406455,305.3022851813562,10800.0
2025-02-13,2025-02,52817.103012974054,80477.91669318653,79160.6363049139,-1317.2803882726553,591.4889303670568,22825.56961596453,18488.711388931268,3402.821976234332,682.9660153466922,10800.0
2025-02-14,2025-02,22970.25058072873,37564.24993136855,38259.400670671486,695.1507393029392,658.6340464329173,19949.758945001733,16159.304745451404,2164.1977200154893,3161.58098087192,10800.0
2025-02-15,2025-02,22688.32640432318,37631.991568612255,37328.99089361914,-303.00067499311376,688.6190033830949,20688.098018877736,16757.359395290965,1540.4503607333327,3266.3298126821323,10800.0
2025-02-16,2025-02,57004.34790128828,86250.3773452517,80726.77126445046,-5523.606080801239,1114.7512205886992,22847.76459463571,18506.68932165492,1877.2718007451112,245.79631131327818,10800.0
2025-02-17,2025-02,53880.95244380855,86012.45997673293,78307.64167538329,-7704.81830134964,659.5740816595542,22454.346357922746,18188.02054991743,2482.340739425434,1034.686042945429,10800.0
2025-02-18,2025-02,53565.95658995556,76964.30283733192,79775.24302322333,2810.940185891416,481.69917726425825,20351.968765997277,16485.094700457794,2800.6152253449372,1498.0651262698418,10800.0
2025-02-19,2025-02,53209.87802323928,77244.31504487403,78929.11871946932,1684.8036745952884,717.7845980281543,22023.004498130438,17838.633643485657,2315.628516647927,267.5765628714329,10800.0
2025-02-20,2025-02,52514.702845331405,80152.34105198558,78067.17131879707,-2085.1697331885102,773.341466988224,21997.637944279333,17818.086734866265,2925.278419467474,742.5494235714268,10800.0
2025-02-21,2025-02,20600.813587334003,36395.031918872024,36557.20570590655,162.17378703452636,408.0178853229356,20574.988106748642,16665.7403664664,1687.734598199885,5807.979219414027,10800.0
2025-02-22,2025-02,21261.82816355882,36775.60474407795,36679.99525621922,-95.60948785873234,471.8103838872695,20654.52170103295,16730.16257783669,1921.4742491360455,3461.2093844408532,10800.0
2025-02-23,2025-02,52565.16826437796,79606.615556775,78110.8741163818,-1495.741440393182,732.9546879732554,22016.153140194863,17833.08404355784,2389.2592391604426,739.646785224272,10800.0
2025-02-24,2025-02,51887.986162798654,75885.77978924237,76920.86489252589,1035.0851032835226,577.7174778744361,20068.547080771,16255.523135424512,3983.2424216163167,1499.282386770856,10800.0
2025-02-25,2025-02,49675.91462550624,78784.32384091272,73427.03836983976,-5357.285471072952,668.2337448042812,21361.23711258517,17302.60206119399,3173.6528723616657,1041.6609575578684,10800.0
2025-02-26,2025-02,51713.07104003216,72187.23059135073,75991.65684878199,3804.426257431258,541.2716686271892,18948.64310442924,15348.400914587688,3314.214572061972,803.6237221723269,10800.0
2025-02-27,2025-02,49991.8137415334,73031.39212639065,74349.76801043071,1318.3758840400767,649.626178602296,21832.31503814204,17684.17518089505,3266.1282379734066,628.5418938126288,10800.0
2025-02-28,2025-02,20368.49697462612,35583.44246543241,35662.05873485461,78.61626942220227,438.1316014339623,21061.029613417457,17059.433986868145,1999.5875596125893,6806.4136001266725,10800.0
2025-03-01,2025-03,20843.168376013105,38147.20474879297,37622.5291047651,-524.6756440278625,288.4730085834049,18720.34836295674,15163.482173994958,2713.407832921055,7981.962158132335,10800.0
2025-03-02,2025-03,54744.02697012516,82078.4410194289,83856.95032161064,1778.5093021817418,307.7461155836567,23472.052074145606,19012.362180057942,5286.286496360605,2060.412980079365,10800.0
2025-03-03,2025-03,53510.17132428837,84096.06287007678,81185.4364488801,-2910.6264211966936,322.71411528238445,23507.37498552003,19040.973738271223,3734.444051339793,1290.158632240546,10800.0
2025-03-04,2025-03,52617.683901373464,75072.47491897075,78245.67557008192,3173.2006511111804,473.0659957376288,20070.362217398797,16256.993396093021,3643.1548940581306,2062.7599171223133,10800.0
2025-03-05,2025-03,49701.6829703271,78826.19785618968,75695.75731144188,-3130.4405447478084,448.2220751827216,22837.97223591255,18498.757511089167,3743.329487531888,1930.9631576026725,10800.0
2025-03-06,2025-03,48548.45253892672,73489.19632132807,75144.45732502875,1655.261003700678,277.01652708053285,21308.73235502708,17260.07320757194,3661.763313143849,1770.3972581769585,10800.0
2025-03-07,2025-03,19323.747133749242,35806.70287644558,34987.76161396184,-818.9412624837448,238.43239761347965,19841.16218718236,16071.34137161771,2317.1753703951163,8216.91229228222,10800.0
2025-03-08,2025-03,18586.993354060378,33068.861420645575,33257.99383329082,189.13241264523867,340.5153577131388,20663.880151603007,16737.742922798432,1667.9854509882794,8941.246994544434,10800.0
2025-03-09,2025-03,46080.358908972776,74571.89294169287,70608.83998871727,-3963.0529529755836,356.9727192534237,22043.77915365468,17855.46111446029,2451.801615828596,992.1680029477147,10800.0
2025-03-10,2025-03,50565.84111696039,71653.8778558492,74794.17254685756,3140.2946910083488,658.3340863809138,20100.31911221063,16281.25848089061,2872.6319427689714,718.7426091494825,10800.0
2025-03-11,2025-03,50019.08029447975,63295.01833668618,70218.29860979333,6923.2802731071515,459.2661853611195,14758.404409722116,11954.307571874911,3205.1404745475984,729.408682759661,10800.0
2025-03-12,2025-03,45268.67605154023,73234.19949957149,69373.98947965325,-3860.2100199182405,442.0102845455723,21536.109039139472,17444.248321702973,2309.485362789172,979.1190006398167,10800.0
2025-03-13,2025-03,50192.48976942307,72933.31243616957,74748.92135225772,1815.6089160881475,740.2279501973387,20492.245454242806,16598.71881793667,3596.133234562231,453.8714149200333,10800.0
2025-03-14,2025-03,18791.304777580393,32392.76008649771,32869.88628847529,477.1262019775788,377.6919819849214,20633.464045056546,16713.105876495807,2030.321734884686,11267.472383681448,10800.0
2025-03-15,2025-03,18679.39784927352,32749.905701828153,33252.44890680918,502.54320498102265,274.48098130968475,20550.799392936628,16646.14750827867,1409.0661486432666,7289.086704817633,10800.0
2025-03-16,2025-03,47372.83577233381,70289.91061312011,71595.29786473903,1305.3872516188967,282.18897210755256,18949.925964746973,15349.440031445049,3723.8027748226395,1202.1511953886684,10800.0
2025-03-17,2025-03,44641.016556672854,66371.0020854419,65062.30327268044,-1308.698812761454,342.1398181987431,19077.276622043115,15452.594063854925,3261.3263243271867,660.3027750304716,10800.0
2025-03-18,2025-03,45547.0069555969,74587.38269254194,69457.76289189304,-5129.61980064889,381.8638531529773,21368.243507147476,17308.27724078946,3293.393601261323,1360.308510760026,10800.0
2025-03-19,2025-03,46471.97741488987,61490.92232815815,67505.62826280615,6014.7059346479855,119.9335277809367,15946.675044732472,12916.806786233301,3770.927849219269,1359.2952328686422,10800.0
2025-03-20,2025-03,46105.004602908804,70348.66922141728,68886.78841755477,-1461.8808038625184,568.043293283821,20976.790550632802,16991.200346012567,2919.9516971160265,340.3279924356667,10800.0
2025-03-21,2025-03,17434.24222487965,31816.040501708037,31654.385950716496,-161.65455099153994,329.0909684910036,20607.51998347823,16692.09118661737,1258.240874917277,14776.342730762695,10800.0
2025-03-22,2025-03,17388.16151860352,33505.1392716931,33259.93849201055,-245.20077968253992,45.511644858515695,20120.56221508194,16297.655394216375,2644.470693218624,10956.872889451555,10800.0
2025-03-23,2025-03,44043.9720633309,71512.83663273207,68534.76729473667,-2978.069337995398,383.46242557999733,21320.695632736606,17269.763462516654,3872.2014338620384,2225.375999568014,10800.0
2025-03-24,2025-03,42670.42262511235,67115.5301103784,66419.74977253689,-695.780337841517,258.41670752851905,21049.597083545585,17050.17363767192,3286.783666401917,1393.462284456495,10800.0
2025-03-25,2025-03,45250.7644851187,74290.9242979277,67012.47887751301,-7278.44542041469,607.3191481393008,21318.79773617089,17268.22616629842,1933.0931686651202,686.008570448064,10800.0
2025-03-26,2025-03,40355.0173315805,63579.98418426581,63461.73162771198,-118.25255655383444,191.2153154078909,21051.896685684926,17052.036315404792,2381.149267647445,1679.382438525629,10800.0
2025-03-27,2025-03,42543.13591345408,67659.31271653192,65291.87860578569,-2367.4341107462124,489.85175452157773,20992.917459238903,17004.26314198351,2384.6499750256176,691.4366680262748,10800.0
2025-03-28,2025-03,17043.875611755426,32412.328668551225,32425.377425163133,13.04875661190723,174.00698108440662,19919.77184007336,16135.015190459417,2134.244108721823,15858.502881245102,10800.0
2025-03-29,2025-03,17078.73406602665,30995.089038551356,31537.142124228747,542.0530856773897,209.07129842567957,20411.207393446726,16533.07798869185,1269.2153125963964,18891.659521969825,10800.0
2025-03-30,2025-03,41719.097819240924,66789.86862125814,61664.51892096671,-5125.349700291439,606.8005449099612,20519.694876739737,16620.95285015919,2322.1052446819704,704.8524946141542,10800.0
2025-03-31,2025-03,44566.19155266141,57588.397400110305,63325.260559807844,5736.863159697533,485.4533827030651,15055.369706135363,12194.849461969645,2404.893312226325,1593.9109027855336,10800.0
2025-04-01,2025-04,43596.46311189078,71154.25316886764,68683.66522773908,-2470.587941128564,414.7572168671386,20501.994012063773,16606.615149771656,2813.9843869093156,2180.2076787381184,10800.0
2025-04-02,2025-04,44236.33629313193,67263.09852632611,68376.9236000711,1113.8250737449775,415.0250507873052,19544.447828403405,15831.002741006754,2649.555251953033,1993.6129115087208,10800.0
2025-04-03,2025-04,41214.23558493107,68300.30043458662,64644.81380146031,-3655.486633126314,254.42605567193547,21432.753118492314,17360.530025978773,2979.4251574888126,1984.0613404632325,10800.0
2025-04-04,2025-04,17039.88795175769,30328.9385102395,30481.037754248788,152.09924400928836,409.9458309067419,20507.75686964592,16611.283064413205,1681.1258045723264,18882.581725350487,10800.0
2025-04-05,2025-04,16814.608669173118,30087.653142280484,30408.885037975804,321.2318956953199,353.28830271160626,20778.386518908617,16830.493080315988,1356.1180303391827,13414.046888422263,10800.0
2025-04-06,2025-04,40773.11473190799,64865.17273258974,63365.646345022615,-1499.5263875671171,240.9861997922209,20667.781085102793,16740.902678933264,2952.3136484455677,2317.3642235330717,10800.0
2025-04-07,2025-04,40070.338482631894,56294.03142281054,59882.17812159866,3588.1466987881267,409.3328275904487,17161.100236437072,13900.491191514036,2131.772762026679,1656.4098589060668,10800.0
2025-04-08,2025-04,41554.30746748458,65967.66484430768,62907.277133421536,-3060.3877108861398,512.1463947541004,20816.103428301292,16861.043776924053,3018.9981053799133,2092.172154751817,10800.0
2025-04-09,2025-04,43671.96828519663,64207.14553773549,66993.63808864256,2786.49255090707,246.68470912979916,17829.719636528156,14442.072905587804,2992.702339651697,1725.6627105136417,10800.0
2025-04-10,2025-04,42753.59593477191,62448.459467462555,62623.87163250835,175.41216504581507,455.28971210983786,17237.21110207409,13962.14099268001,2962.988456348503,2380.4648788756267,10800.0
2025-04-11,2025-04,17632.667512835775,28956.93337590667,29128.46329643048,171.5299205238075,731.7851552157779,20839.128228757138,16879.693865293288,1349.0605864743516,19235.103335041385,10800.0
2025-04-12,2025-04,16002.65024869498,30638.1943809362,30182.54733758801,-455.64704334818873,197.7579583609567,20120.555442692035,16297.649908580548,1745.7833588111034,15786.455853026373,10800.0
2025-04-13,2025-04,39559.35596095941,59399.41906578472,61180.67732646199,1781.2582606772798,345.2820310570679,19237.242636802657,15582.166535810155,2583.7653475733823,1010.7594256198493,10800.0
2025-04-14,2025-04,40239.48967404341,62990.80973471263,58184.45850570336,-4806.351229009276,775.5425856593888,19657.974630170185,15922.959450437851,1634.519276699587,1062.4348349308293,10800.0
2025-04-15,2025-04,39333.47270194391,54843.26545354254,58853.18827189019,4009.922818347657,376.88094692653584,17375.97033624796,14074.535972360853,2706.4258065655504,3082.7802150307302,10800.0
2025-04-16,2025-04,41117.63463973341,61133.298765530475,62681.898101644205,1548.5993361137394,532.9133666066062,18176.92637536139,14723.310364042729,2783.52435191013,1198.0791550220295,10800.0
2025-04-17,2025-04,41569.8989969652,55598.91025190131,60801.58505311097,5202.674801209662,232.2926977216531,16052.332997273199,13002.389727791287,2731.5126460221427,2384.0794853285706,10800.0
2025-04-18,2025-04,16210.545233501383,29517.98161186762,29651.99980772238,134.01819585475948,367.8100981010813,20559.982050176834,16653.585460643237,2038.4347987453946,17720.86133421114,10800.0
2025-04-19,2025-04,16657.5074976794,28629.491455465377,29340.910957484422,711.419502019045,447.9275223822864,20447.050563736564,16562.110956626613,1955.7785587372275,17163.44106401953,10800.0
2025-04-20,2025-04,39961.65108994483,56116.02391990745,59417.42272372182,3301.3988038143752,549.4175053740366,17670.17175493732,14312.839121499232,3155.5771101096,1496.185602214845,10800.0
2025-04-21,2025-04,38554.87564431321,60279.2167655402,56172.78424274417,-4106.432522796039,870.5338112968868,18003.11728248577,14582.524998813475,2005.7101895670219,3100.105197468405,10800.0
2025-04-22,2025-04,40442.38244009929,54540.28997567651,58978.3805439861,4438.090568309603,580.4293088616519,15978.854684604064,12942.872294529296,2399.0572753697743,1970.8408707365538,10800.0
2025-04-23,2025-04,41421.561469032924,53181.2926933407,58859.15326288175,5677.860569541044,536.0349769466287,16028.481775217097,12983.070237925851,2836.426939162504,2113.4330467079626,10800.0
2025-04-24,2025-04,36979.11116525865,53967.94701216452,55835.6229863806,1867.6759742160857,376.2684282510347,19057.127616966707,15436.273369743034,3035.4161548413235,2465.5143125666464,10800.0
2025-04-25,2025-04,14685.380606645474,28354.97168657711,27859.186675143777,-495.78501143333307,268.1212126300562,20611.94028169141,16695.671628170043,1219.3375137205076,20991.34407053196,10800.0
2025-04-26,2025-04,16068.723705421424,28275.56530746479,28481.198807481418,205.63350001662914,461.5583088668127,20559.125803126095,16652.891900532137,1335.5548386514247,23630.774741769517,10800.0
2025-04-27,2025-04,40280.90399765114,52834.01879521801,57259.62717576056,4425.608380542545,655.2050473528514,18274.58169117442,14802.411169851279,2036.756765604892,3832.4337528520437,10800.0
2025-04-28,2025-04,42577.00176875407,64365.753159712986,65627.17104806326,1261.4178883502727,312.3574615025093,17127.974637915675,13873.659456711699,4390.42186772821,1672.8241439669189,10800.0
2025-04-29,2025-04,36788.06630419809,54172.040264109666,56158.36074071545,1986.3204766057838,291.437346854203,19206.908563994053,15557.595936835181,2820.385298763335,2546.8864449807834,10800.0
2025-04-30,2025-04,36498.84384650098,52283.29815008504,54753.3116903369,2470.0135402518654,371.2332099755547,19024.09362895777,15409.515839455798,2128.2257889549655,1124.8868885221896,10800.0
2025-05-01,2025-05,45750.7647380204,54207.37801627245,56690.68766498413,2483.3096487116754,1653.4908490595533,20031.171373765672,16650.261237319715,1682.8297547488621,2269.059822848866,10327.76397270053
2025-05-02,2025-05,22765.21457583803,30329.386052209615,30104.99300101914,-224.39305119047498,1426.2985301394363,20536.41855682767,16451.647158282703,543.8977482216337,12612.302301058642,10530.932720197983
2025-05-03,2025-05,23258.861310607885,29381.975875327418,29451.920862223626,69.94498689621145,1645.004654384177,20535.465971153368,16475.649724031395,718.7156518081263,17451.221967677706,10706.574623090015
2025-05-04,2025-05,45988.18354248941,58094.4302068973,54703.279502385994,-3391.1507045113067,2416.0233397552875,17677.415744753554,14481.138375459912,804.0975712963094,1384.260568217997,10526.095042857203
2025-05-05,2025-05,44894.03404119752,60241.845828149075,60590.94097354972,349.0951454006439,1450.8974669085424,19979.165204708486,16164.616213624238,1624.7747684693372,1526.507880904678,10546.659045290135
2025-05-06,2025-05,48281.504703009494,52652.483639328144,57180.98335687346,4528.499717545316,2142.5040091116025,18061.312891972233,14802.096299324287,1138.4380464886121,2055.750360181837,10355.066982149268
2025-05-07,2025-05,48836.20497189385,55908.4333394039,60137.3792264318,4228.945887027903,1750.3505024663516,17090.71151440215,13713.690725958611,1505.555206684417,1937.3077837702003,10499.273205157198
2025-05-08,2025-05,43380.472352891506,64862.951955601035,64020.62892511634,-842.3230304846861,637.7857040788131,18449.34730731327,14673.31720356523,3335.998811889123,1719.8733135579878,10800.0
2025-05-09,2025-05,18021.37646151075,31408.16460367913,31799.67241371171,391.5078100325741,291.72591782574295,20710.92606516948,16775.850112787277,2401.4458468901507,17255.490682265103,10800.0
2025-05-10,2025-05,18678.289042943306,31236.947040871724,31817.53626154818,580.5892206764515,367.33116711117196,19934.806923861244,16147.193608327605,2388.6557184779163,13887.553111314464,10800.0
2025-05-11,2025-05,41818.37395427776,62674.6793852977,62347.66757653252,-327.01180876518094,601.0232267939713,18481.0413881333,14969.643524387975,2989.681012418171,963.5328438296606,10800.0
2025-05-12,2025-05,42893.683275741736,55427.09271317588,61015.745881619885,5588.653168444005,343.0930881279266,14622.978139793644,11844.612293232854,3618.5919770300716,3030.685912823614,10800.0
2025-05-13,2025-05,40988.7540529192,65359.51682000128,62014.54461891904,-3344.972201082231,327.9928541268779,18368.782929474426,14878.714172874284,4362.221260103731,1361.0346896753833,10800.0
2025-05-14,2025-05,41472.46260584679,63079.156282268734,61915.514381448535,-1163.6419008201938,171.61831990215887,16229.857453568753,13146.184537390689,3718.490638635608,2270.8203632036943,10800.0
2025-05-15,2025-05,42977.04505963315,60798.65503503843,62115.090389985846,1316.435354947408,404.12022891958276,15576.581982297079,12617.031405660633,3905.2183251707866,2889.3834337648605,10800.0
2025-05-16,2025-05,17669.700770173054,30540.15445239908,29889.999770072096,-650.1546823269844,403.7067924166207,20175.453285957446,16342.117161625534,1687.1335757794754,22057.730329043996,10800.0
2025-05-17,2025-05,17968.65069969847,30877.606448214756,30744.14096211069,-133.46548610406484,441.6597703048949,20655.119993487428,16730.64719472482,1567.6387428662479,15244.890107453397,10800.0
2025-05-18,2025-05,40033.79347170534,66195.84581059997,63402.20110422084,-2793.6447063791247,228.92168443253908,18607.86282426767,15072.368887656816,3839.9818018792407,2579.4789501632895,10800.0
2025-05-19,2025-05,38089.07301804179,59125.095173734335,57821.082338675566,-1304.0128350587734,346.9728446441105,18690.924756149343,15139.649052480969,3430.8573046769443,3670.705624974361,10800.0
2025-05-20,2025-05,41910.99623640158,58518.08914710327,61671.73401327027,3153.6448661669974,475.6437671930938,16112.33462003192,13050.991042225854,2897.4610363032657,1661.178349687365,10800.0
2025-05-21,2025-05,42703.73820731752,55186.77021876129,60605.75325283634,5418.983034075043,317.66870480937746,16559.262351112677,13413.00250440127,3708.103338068959,2706.443489532019,10800.0
2025-05-22,2025-05,40173.91428693632,57157.685725033436,58597.90761705871,1440.221892025263,461.78708781254204,17726.468641125844,14358.43959931194,2884.606482544279,1990.4283638463962,10800.0
2025-05-23,2025-05,18050.44834181291,30242.854882173357,31088.87200227016,846.0171200968007,303.61733175840624,20488.736204779758,16595.876325871606,2927.792346133636,18150.88822565344,10800.0
2025-05-24,2025-05,16741.253486249727,31073.530480410573,30597.392912315332,-476.1375680952397,135.64361500379755,20160.561962100415,16330.055189301338,2267.5869892481164,20880.441381938606,10800.0
2025-05-25,2025-05,37914.14803371182,59930.95385311879,58318.72123072932,-1612.2326223894702,339.4677295632253,18150.12369483053,14701.600192812732,3194.365861383513,3470.2894135579063,10800.0
2025-05-26,2025-05,45760.01264258173,57141.00450157237,63182.159897582824,6041.155396010455,401.03137630984247,13965.947871232396,11312.417775698246,3890.8241152682876,2459.0041130902364,10800.0
2025-05-27,2025-05,41104.1486115586,54851.85867642396,58916.92963118464,4065.07095476068,393.55067264298816,15970.002504862012,12935.70202893823,3336.1133159048786,3549.6992119989727,10800.0
2025-05-28,2025-05,38599.25091245568,62416.45091517515,62045.08072712485,-371.370188050307,117.12621432154741,19229.726442453783,15576.078418387568,3414.1735027791233,2820.5613146010614,10800.0
2025-05-29,2025-05,42350.6451244739,60794.98322148645,62049.59150227421,1254.6082807877558,668.2072708066215,17042.55857726146,13804.472447581786,2885.3108077013076,2484.2783356998566,10800.0
2025-05-30,2025-05,17009.14211385665,30659.22315617817,30912.170433119445,252.9472769412693,174.16378882484582,20228.497811814188,16385.083227569492,2284.5211095687628,18362.165261464164,10800.0
2025-05-31,2025-05,17904.787167553357,32620.8092531643,31352.54276912221,-1268.2664840420898,264.4644957393144,19774.520479597573,16017.361588474036,2534.366218134759,16936.300605603225,10800.0
2025-06-01,2025-06,67103.07180334146,76629.66942618255,72509.88105933578,-4119.788366846758,4714.338670385341,20671.85747952196,17510.31567869712,1362.3520681628386,1475.499560733445,9948.765421906299
2025-06-02,2025-06,64555.48097049637,78199.26730248771,69618.54188248838,-8580.725419999322,4260.793289166075,21980.21258789868,17802.87498901612,386.0603146488278,675.1298081230818,9949.984540997206
2025-06-03,2025-06,62242.06370572355,72468.9409866151,72647.47360787654,178.5326212614226,3767.1388574479524,21708.94995121829,17339.64578961666,1792.799253004813,2060.142217384716,10221.7663975196
2025-06-04,2025-06,61835.353262940436,82846.8276625255,72460.51644706706,-10386.31121545844,3245.0736410976715,21729.77681183133,17696.91349063018,836.8252035308033,1190.6407467661077,10115.328316356483
2025-06-05,2025-06,60341.845462877915,72486.45894482653,74231.06276247505,1744.6038176485029,3050.8766867074855,20958.392792515326,17187.482255955627,966.5614945249092,1395.149401431255,9880.679323002909
2025-06-06,2025-06,36864.68923191172,35121.26514117878,34447.950543009734,-673.314598169044,3983.2041534041155,20272.08567149798,16137.694906283217,388.7468388075076,3053.021692391585,10194.784309258626
2025-06-07,2025-06,33078.84370195339,38153.88678839074,38684.00185082636,530.1150624356278,2602.5700489781484,15272.634670131283,12375.527173007305,763.845205149295,6499.106030864572,10189.569764590888
2025-06-08,2025-06,50808.320309524075,78501.44149875456,77284.63630166047,-1216.8051970940849,62.11228158730205,20112.220029668726,15760.001464808678,5869.828043057167,1939.7787086638978,10779.455052616431
2025-06-09,2025-06,53792.654519709125,86228.00834060414,81703.00683888645,-4525.001501717695,268.55675458828574,22848.540730647022,18514.95836022606,4938.766562727021,1766.5019269934182,10770.965754392011
2025-06-10,2025-06,54083.1430133658,80143.75725804309,82570.95070488617,2427.193446843083,116.6558843294597,21539.413540578284,17447.072914738936,5855.678442117919,1121.1432879250378,10770.801368980316
2025-06-11,2025-06,57929.162380772235,85665.96354126692,87890.58690288727,2224.623361620338,122.71683764966411,23341.53206903556,18880.36220800109,6113.201455421513,1354.486107414284,10800.0
2025-06-12,2025-06,54156.08184520986,83227.66006787439,83394.16245298933,166.5023851149477,338.8138142767143,22308.528577591835,18075.858077587596,5920.823891769726,1127.0904421587497,10793.388966957547
2025-06-13,2025-06,23867.738435860403,40216.72331558567,40073.821505823755,-142.90180976190436,135.14786454404697,20535.495638364224,16627.80153733681,3706.8922866481444,4249.069282692254,10800.0
2025-06-14,2025-06,23535.30604146044,39809.758100743406,38942.73959835769,-867.018502385713,199.23712284886693,20286.9531265472,16432.43203250323,2751.2563563591666,6342.856520803429,10800.0
2025-06-15,2025-06,54886.94630302272,77366.90389488165,81745.08563027199,4378.181735390346,211.75202052778133,19893.745767363398,16113.934071564354,6556.945278764905,993.1063429024972,10800.0
2025-06-16,2025-06,54906.457191543974,80863.02268366939,83036.54672930563,2173.524045636246,278.06806643573,21757.247738669765,17624.336392828493,5453.564394072643,1034.0862391607873,10798.926972771125
2025-06-17,2025-06,57409.00814981059,81772.11812080129,84318.36296789523,2546.244847093951,648.3955039924224,21798.771716001553,17656.039365455264,4954.887541371938,1232.1273633027643,10800.0
2025-06-18,2025-06,54887.75109087117,83199.17039028095,83561.51096899461,362.3405787136469,204.99987432141387,21349.60460356519,17307.082149878574,6508.517602402762,2287.079887226635,10784.552865565816
2025-06-19,2025-06,54634.71380250355,78443.29650647393,78826.56668757541,383.2701811014822,398.7479262044896,21034.792180535194,17068.633560950846,5888.140324814287,1111.5114693812661,10750.717426990997
2025-06-20,2025-06,22530.032635786247,38951.14269690287,38419.267120417804,-531.8755764850634,55.39713358972185,19448.141948490407,15708.64066256913,3681.4302161406786,8653.15190194557,10800.0
2025-06-21,2025-06,22415.542268398516,39130.38337942152,39003.406367325275,-126.97701209623682,49.30775360767251,19912.264010345192,16128.933848379605,4546.067893854146,11388.575665113221,10800.0
2025-06-22,2025-06,51454.68270189853,75610.12299986824,76386.42229178324,776.2992919150049,580.1786057847077,19883.56965892989,16105.69142373321,4767.043160883458,964.3384014878078,10800.0
2025-06-23,2025-06,51177.39444759843,77301.49785591486,78190.7257234969,889.2278675820368,332.88920625239325,21402.61262431486,17374.551060437476,5447.22768597183,1987.0396799000848,10757.294628063955
2025-06-24,2025-06,57421.787734206926,88649.91543442925,86862.77103317073,-1787.1444012585014,418.21560420398737,24084.985913158922,19470.40375491629,5309.472402552873,1088.139826579224,10800.0
2025-06-25,2025-06,54496.51880089646,78834.76670579807,81679.87958318678,2845.1128773886962,446.3890739343618,21099.706601712373,17098.395583914637,6281.531827976175,1406.0044446805648,10791.518626080428
2025-06-26,2025-06,52222.40454938806,75712.90406399351,78788.20578136135,3075.301717367833,135.87018469146395,18790.975511016164,15237.450347334654,6311.884305917624,1511.282663120347,10772.896200067584
2025-06-27,2025-06,22548.763579266633,39233.70928903959,37766.55106516467,-1467.1582238749256,198.86387600094955,19490.374539551565,15762.809957097601,3169.1727430647707,11297.031748980215,10800.0
2025-06-28,2025-06,22323.28563831738,38003.432890991055,37843.893025589176,-159.53986540188268,213.424705199336,20205.315461195827,16366.305523568622,3655.1351105454105,8786.246565949234,10800.0
2025-06-29,2025-06,55049.10190248623,73597.08145647503,78449.86571227,4852.784255794965,648.3604623383278,18694.88362563464,15142.855736764059,5226.884680420846,1051.5450719835667,10800.0
2025-06-30,2025-06,53534.280322717925,80108.15194090891,80628.59870771127,520.4467668023536,616.3268094684929,22197.790769001702,18069.594982513525,5219.184462941077,2019.8612844171746,10700.683933753171
2025-07-01,2025-07,77111.50437334257,70816.37810164683,75804.93538947069,4988.557287823854,6361.204297976761,16919.853772225557,14276.004582573289,29.438447017324226,626.3080174445215,10066.325014785853
2025-07-02,2025-07,70459.99826209278,67337.15980869596,70295.68098204152,2958.521173345577,5769.785787710556,15945.292258426794,12922.663493343513,51.902365473758465,86.16927252838093,10058.573054766059
2025-07-03,2025-07,75169.98488719334,77217.83822652255,79155.47277826464,1937.63455174209,5932.253109361996,20105.127140085842,16131.392260002242,313.8855123112668,1039.6865618984357,10229.418303063047
2025-07-04,2025-07,42019.26374376076,37291.60011796509,37801.5227081305,509.9225901654083,4998.807243947986,20067.09231749861,16397.53526545845,19.80500314290316,10230.100430228757,10070.31776052462
2025-07-05,2025-07,40541.41901931647,39133.31510589531,39742.67290404171,609.3577981464061,4190.5281284873345,20339.08605546304,16260.263454921791,70.3854240481566,10993.913041272976,10308.535816083813
2025-07-06,2025-07,72164.73866115931,73685.49623125985,81052.22905586682,7366.732824606966,3652.761667525788,16401.526392960877,13500.491021479409,1182.4921371151415,827.481664795999,10069.363990327036
2025-07-07,2025-07,63982.65766039574,74887.05905144749,74485.35179608544,-401.7072553620586,3940.933541819551,18350.027710496262,14584.792061075179,929.257388091594,322.3095337256437,10379.064417467922
2025-07-08,2025-07,60565.82993600781,94766.4389178415,92018.19827765826,-2748.2406401832523,77.2462105806784,23172.581465659227,18390.948962905102,9016.478992358836,2725.9459764593084,10800.0
2025-07-09,2025-07,58715.28944116538,93879.39977361177,90534.76157819452,-3344.6381954172466,11.254530829816304,22102.926946473075,17903.370826643193,9055.1451655358,3232.5898069919976,10800.0
2025-07-10,2025-07,57167.71771475053,86782.09530646123,87413.62513231869,631.5298258574592,62.547382260507504,22583.57657921059,18292.697029160583,7431.597374918025,2900.0722062778286,10800.0
2025-07-11,2025-07,30084.973846236215,50772.822494664506,49481.25841983159,-1291.5640748329138,73.89496288831032,19419.98072014917,15730.184383320826,5618.833546251644,7727.746349639921,10800.0
2025-07-12,2025-07,30429.490541347317,48473.087987481515,49688.935700179936,1215.8477126984137,53.434228150256445,19793.02931639737,16032.353746281871,5446.102120638554,9451.348904242812,10800.0
2025-07-13,2025-07,56173.083656834366,90544.75201592599,82911.79093266204,-7632.961083263934,157.285137304731,21915.826955656266,17751.819834081576,6671.345310959528,2966.00323743256,10800.0
2025-07-14,2025-07,55381.43594695533,86558.35456241123,84608.41979998651,-1949.934762424718,86.12744990812732,21381.09338135118,17318.685638894458,6453.5323023999335,2370.9279883713334,10800.0
2025-07-15,2025-07,56311.40947103799,89853.99076955934,84792.18275862843,-5061.8080109309285,315.6375442585472,21443.86599755432,17369.531458019002,6060.10316071482,2224.3320193035074,10800.0
2025-07-16,2025-07,56247.793086829945,85897.21859884755,84624.31373972041,-1272.90485912713,172.93518521596923,20600.660295056463,16709.597046705592,6372.1958504963495,2399.4264427558414,10774.37532476683
2025-07-17,2025-07,57001.79080038125,83996.16134151822,85476.21934912377,1480.0580076055612,255.61134587409458,20656.171724842286,16757.760818872484,7489.085790272096,1623.9179320893206,10745.195633933237
2025-07-18,2025-07,29769.600978673916,50248.10920568688,47771.10881664461,-2477.0003890422663,150.6623789496901,19555.919858556554,15790.971155970727,4851.995867084662,8030.578525923816,10800.0
2025-07-19,2025-07,29782.155521693334,50320.64641681596,48246.14767143913,-2074.498745376831,32.311891486648214,19893.951927723676,16114.101061456176,5038.836380662679,12276.953265995598,10800.0
2025-07-20,2025-07,56684.271898428124,89421.9107347564,87018.64949964278,-2403.2612351136277,65.42596860267406,21893.27952064501,17738.290767230686,7770.3223823523585,3068.786115812107,10794.73960499086
2025-07-21,2025-07,58306.92764400142,90972.29828271273,90048.07694557257,-924.2213371401538,78.03062256310238,22776.837338874535,18444.50388898015,8420.641870442676,3383.382897798617,10800.0
2025-07-22,2025-07,59903.3063018513,85360.15164531898,88203.90631827319,2843.7546729541955,220.5593035756453,19619.987306086357,15935.302750672809,7950.396523300565,2994.23992646805,10752.096630285714
2025-07-23,2025-07,60108.769434406415,96319.51862964267,87104.14855261295,-9215.370077029718,301.73575870731025,22486.707710948704,18171.120213125592,7326.574219204318,1547.1754776261753,10800.0
2025-07-24,2025-07,58673.59407221463,94813.1520045128,87808.93548204956,-7004.216522463233,109.7280902884948,22575.223100097868,18296.336053125007,7413.921445446476,2609.38307991873,10788.438508838077
2025-07-25,2025-07,28049.408781109654,46991.55204927917,46732.389010499355,-259.1630387798053,64.94795029181373,20228.71813989918,16374.856351272609,5048.636617839111,11389.518987658825,10800.0
2025-07-26,2025-07,28918.825887836145,47641.23312259381,48019.077982922696,377.84486032888395,86.75626627878073,19840.807090975195,16071.053743689914,5529.681528703759,10337.307806545767,10800.0
2025-07-27,2025-07,57978.97155578296,86485.04209526921,87041.10051887654,556.0584236073182,182.40877514512516,21429.603002666976,17357.978432160256,7269.6451074677625,2197.049816047175,10800.0
2025-07-28,2025-07,58975.09074558571,89211.3527674441,90582.35300688352,1371.0002394394132,140.38829552174514,22534.99669256852,18259.522960794282,7005.289694131196,1487.1006431665064,10793.138177984696
2025-07-29,2025-07,62121.010433992116,87046.22089045943,92594.58717798047,5548.3662875210375,60.74486430411348,19570.933024585353,15846.280110100364,10391.884308718552,2469.548869081048,10800.0
2025-07-30,2025-07,62858.5429516133,80076.564254666,89128.13261056355,9051.568355897554,11.32778726677509,17021.937322710273,13787.76923139532,8471.694746853724,3330.34350966165,10800.0
2025-07-31,2025-07,59801.22883148877,84305.90145201111,88635.4336279321,4329.532175920976,300.8904990865295,20855.03045127228,16893.229952830545,8340.280059882441,1939.247302027788,10799.271903
2025-08-01,2025-08,27797.797897297933,46859.067740785045,45807.16233621599,-1051.9054045690498,123.86478999081592,20019.565181584585,16215.192509783514,4548.385149465486,16326.909638273588,10800.0
2025-08-02,2025-08,28651.816520663662,48188.80116543539,47186.19005575738,-1002.6111096779986,49.79891468253965,19474.250142556804,15774.14261547101,5919.563065773452,16689.29344424735,10800.0
2025-08-03,2025-08,48827.16788710721,73293.87615275205,74359.48673758394,1065.6105848318798,138.22058887889307,18729.65438750777,15175.27837736131,5327.499662884293,2776.3516700987507,10795.268529466648
2025-08-04,2025-08,54026.455803774305,78634.66411425857,77948.11335897789,-686.5507552806557,267.1475074770528,17210.896493559594,13936.567836303253,5981.967862554646,3543.3092633106435,10800.0
2025-08-05,2025-08,53352.538295993276,77089.10851698167,79347.60788312521,2258.4993661435474,106.34361036788702,17844.44294112676,14453.99878231268,7252.188539326857,3659.0090620188275,10800.0
2025-08-06,2025-08,54129.0274672893,83739.29330867827,82184.7314164072,-1554.5618922710646,124.68168267091235,21627.115384567955,17532.478474300042,6634.979851755782,3465.3970703877576,10783.872208
2025-08-07,2025-08,52439.29614052642,83962.23741172184,75354.5028777874,-8607.734533934448,256.6747640823605,19950.719629512478,16178.727745641023,5626.308728332973,2824.891779665338,10763.15571273787
2025-08-08,2025-08,26658.56830183508,45280.77721428646,45251.210004048364,-29.567210238095413,42.39691353607195,19449.85262940007,15721.220771278138,4358.909856475383,21430.893952987124,10800.0
2025-08-09,2025-08,26845.12307106315,43933.32829447412,44006.54348316415,73.21518869002475,271.93600848992776,19718.313765670275,15971.834150192924,3366.8168815198196,18243.253994656905,10800.0
2025-08-10,2025-08,49189.189309851485,75911.60926987458,74924.41279653643,-987.1964733381444,201.9744583375948,19975.7755496694,16205.932239571805,4283.812386541589,1768.1125082348408,10771.606617400459
2025-08-11,2025-08,51899.82097011435,73800.76827280389,76895.25619923088,3094.4879264269985,426.76381986366863,19227.303688479897,15559.792431329133,4916.873290083668,4176.382138526802,10787.52168
2025-08-12,2025-08,52699.62474468173,77776.69824410483,76624.11761840773,-1152.5806256970839,762.6434872587711,19381.546789669424,15687.822411632234,3855.154795795481,2077.338281833844,10800.0
2025-08-13,2025-08,52122.42910250025,70547.22724571565,74432.7412061695,3885.5139604538667,622.8642089605904,16934.325646098645,13718.551665613719,3892.8523594857897,1825.9996251593907,10798.057897473538
2025-08-14,2025-08,54047.887506413,72770.68684235206,76301.71723267756,3531.030390325483,486.71969481850874,17001.178383353814,13780.445898308455,4172.317762152659,3469.0956969647195,10787.511888815907
2025-08-15,2025-08,26862.97142993915,43360.18451263376,42342.77514226709,-1017.4093703666665,532.5748982117422,20664.50410607364,16727.009025853968,2180.6337367213737,19597.494340204452,10800.0
2025-08-16,2025-08,28691.55373346222,44739.77587417826,42214.0560989998,-2525.7197751784615,667.852904144001,20915.007556742792,16941.156120961663,2687.6423537452074,19291.134846950794,10800.0
2025-08-17,2025-08,50650.23308966338,75483.6248831178,73355.04335194838,-2128.5815311694005,610.8770596129185,19796.4108279844,16046.784099074437,3937.613651635054,3113.286414349619,10787.009635103255
2025-08-18,2025-08,51043.75802683753,72791.26821452306,73777.66657792561,986.3983634025446,696.9548101537513,19192.313996983925,15534.083009149912,3719.490828182735,2702.783955395941,10800.0
2025-08-19,2025-08,52370.371798250366,71983.66921402415,73869.132235226,1885.463021201866,749.6967933169242,18040.81544996792,14613.060514474011,3912.6115371863884,2960.8025058626354,10800.0
2025-08-20,2025-08,54446.00818772543,80773.79451044266,79694.49477169529,-1079.299738747377,575.1836428211302,21569.085018779642,17526.926723221168,3823.9817091918753,1752.8473430994006,10737.813491100387
2025-08-21,2025-08,51286.61684699861,76266.14880671416,75039.39708495399,-1226.7517217601608,482.3887055504587,19512.111585177227,15803.268063420575,3657.0319866602313,2311.491798754242,10739.527180625913
2025-08-22,2025-08,28337.414968547135,43245.160744416506,42552.4419338266,-692.7188105899015,764.2903963843703,20730.640412324206,16737.393196545934,1841.992218148137,16250.923496284564,10800.0
2025-08-23,2025-08,26573.322655958917,42568.38788850047,43582.83745055906,1014.4495620585953,226.95173915558996,20152.68105425517,16323.67165394669,2403.6170255116085,15047.156613894571,10800.0
2025-08-24,2025-08,50370.36542819484,71363.16887293255,73041.30918481159,1678.14031187903,382.36341311534954,20704.52997743107,16859.792025700575,3734.9843825420753,2110.3607803210384,10700.97472890954
2025-08-25,2025-08,57059.12596325107,93872.40901299409,80143.83077369255,-13728.578239301532,465.43668123933566,21506.632861268037,17346.041559302008,4333.832692086705,1341.7564442124913,10783.56479371521
2025-08-26,2025-08,50882.902787385094,72462.9321518925,74954.93633227692,2492.0041803844238,99.8299412482548,17833.562298684556,14430.39377627818,4053.1694298956963,2069.6099378897725,10800.0
2025-08-27,2025-08,56761.597751488145,73027.5945498308,78986.49106673241,5958.896516901617,290.4114371509036,15084.439259304523,12218.395800036666,4729.950274359513,3766.7599035892827,10800.0
2025-08-28,2025-08,58624.925385213195,72402.20617376559,78792.75653965594,6390.550365890328,980.519939812275,16829.47201317214,13684.794792560988,4708.174204358137,1152.630071165585,10741.197264564944
2025-08-29,2025-08,28472.530949279346,45993.02111856921,45287.6997355454,-705.3213830238092,303.9604965528868,19929.003185061476,16089.570118008247,3880.804140916728,15316.202674128333,10800.0
2025-08-30,2025-08,26999.26606531088,44265.91348446709,43750.019531994156,-515.893952472939,281.12130298018576,20176.099288958005,16342.640424055982,2079.4507256401603,19605.51141109883,10800.0
2025-08-31,2025-08,53360.837293883116,72133.81074447517,76121.37087342027,3987.5601289450815,371.3633152706639,16860.24550602008,13690.83183624527,3866.2238861146047,2810.47354946818,10762.18558181222
2025-09-01,2025-09,50338.68288382847,81741.35460032884,76334.46982380722,-5406.8847765216215,0.0,19963.576422283702,16136.463925680797,13862.722663506038,5070.500130364939,10800.0
2025-09-02,2025-09,51219.15281980051,71644.44343057871,74990.27142117066,3345.827990591947,81.55751920006209,16830.214089982714,13632.473412885995,13364.213703422189,4452.118709851824,10800.0
2025-09-03,2025-09,49435.9935178352,75709.4513918304,75247.78280194441,-461.66858988597596,62.713767857069996,18896.264134685058,15305.9739490949,12496.629323533813,3675.859810677519,10800.0
2025-09-04,2025-09,48247.78855431491,74215.83245059356,73896.00484555658,-319.82760503697284,56.60684652050503,21023.428955517214,17028.977453968946,12669.34524921636,3363.249391312467,10800.0
2025-09-05,2025-09,25039.30416930492,43206.32837175239,42276.043747228585,-930.2846245238097,0.0,18391.198720611,14896.87096369491,9870.051665171091,22087.40265847474,10800.0
2025-09-06,2025-09,25845.027723220686,43809.68193343453,43409.69214200596,-399.98979142857206,68.18268173619168,17811.516580859105,14427.328430495872,10888.57784641181,21484.025126967113,10800.0
2025-09-07,2025-09,52840.32674656897,70214.72713118925,75046.2699309278,4831.542799738545,126.16660068385656,15280.93472844884,12377.557130043562,13153.70143080365,4154.373885736062,10800.0
2025-09-08,2025-09,46769.558154076745,66295.83629114862,67244.70642254598,948.8701313973611,636.1254833392146,18889.467022591423,15300.468288299056,2948.4695983829015,1947.7940398765936,10800.0
2025-09-09,2025-09,43434.69885627671,58811.78826893908,61412.14879491708,2600.360525977995,779.393641789964,19584.800189312642,15863.688153343244,2317.978348693857,3049.617785377125,10800.0
2025-09-10,2025-09,48183.35481826738,68139.3546733513,68102.98078023939,-36.3738931119301,618.2705118333622,19486.726882857154,15784.248775114298,3339.4621862518566,363.3123480780403,10800.0
2025-09-11,2025-09,43634.198925072174,66852.66424567952,60954.4134456228,-5898.2508000567295,771.4118582878134,20088.52939869753,16271.708812945002,2269.0597008586665,2143.8592339660804,10800.0
2025-09-12,2025-09,21234.642071209157,34318.12894944673,34477.3151911134,159.18624166666746,559.5871395554972,20276.367056425526,16423.857315704678,2026.4874808887055,17606.24890905934,10800.0
2025-09-13,2025-09,20752.92459629694,34471.86494566813,34591.12303715614,119.25809148800518,439.34737867362674,20607.561181771547,16692.12455723495,2058.436498809527,21049.495809150314,10800.0
2025-09-14,2025-09,46784.71161824068,71808.19070121263,68098.95966070934,-3709.2310405032786,453.303352645621,20188.59137590643,16352.75901448421,2505.1860282034568,2111.919873729305,10800.0
2025-09-15,2025-09,42560.14058326154,61099.936251859195,62112.118578436566,1012.1823265773753,689.3662235190171,21145.004516770343,17127.453658583978,2695.7832427050703,1021.1200677308194,10800.0
2025-09-16,2025-09,45339.71690100245,71792.96158450053,67361.25367600782,-4431.707908492713,556.4392416082007,21489.76403115104,17406.708865232344,2174.104347720856,2168.763420643143,10800.0
2025-09-17,2025-09,44028.53290492254,67628.99971552838,67364.97463473413,-264.0250807942306,263.80173721100664,21005.959058297114,17014.82683722067,2600.966478850278,1076.5592720184245,10800.0
2025-09-18,2025-09,49029.58076883589,61204.85178506005,67938.6583971119,6733.806612051851,393.3284920457539,14797.37737949449,11985.875677390537,2671.2973940544753,3893.1366763325595,10800.0
2025-09-19,2025-09,21062.02227549604,35140.091410119065,34886.963145582056,-253.12826453700382,489.5580025975221,20632.928577193008,16712.672147526337,2114.349311914216,13240.563089932026,10800.0
2025-09-20,2025-09,22065.79151951807,35185.93294145928,34816.0911860942,-369.8417553650805,595.9747081412629,20455.293710151447,16568.78790522267,1835.070612563651,14045.055743409706,10800.0
2025-09-21,2025-09,45126.39793372096,68029.81457858518,67465.84232875219,-563.9722498329982,325.3441665772638,18485.582504170645,14973.32182837822,3844.766771146585,2146.6715650571073,10800.0
2025-09-22,2025-09,46233.0706446908,72001.62683389887,66875.56347096681,-5126.063362932061,645.6278332258751,21143.55036630087,17126.275796703703,1947.6516422133996,942.2452090487869,10800.0
2025-09-23,2025-09,46491.8167095236,71290.37754464059,70117.18171678939,-1173.195827851202,474.1025883540039,21461.580146200147,17383.87991842212,3827.829602668649,569.1388913633883,10800.0
2025-09-24,2025-09,48416.398998794095,62691.74454853787,67209.32360268198,4517.579054144101,533.9690650088074,16895.926202093236,13685.700223695523,2501.4659247121044,968.3756645809658,10800.0
2025-09-25,2025-09,49101.100407295,67206.81160589917,69955.46912942624,2748.6575235270784,565.1639483032723,17670.48909054485,14313.09616334133,3344.241242441127,3483.550008084876,10800.0
2025-09-26,2025-09,20767.39497649575,36336.72718405829,35304.34518691964,-1032.381997138643,254.83759414210772,20356.426803790735,16488.7057110705,2405.117351488987,11592.10083685253,10800.0
2025-09-27,2025-09,23880.63651801421,35218.427055355096,35723.32724816496,504.9001928098648,925.1887010197313,20793.28503702028,16842.560879986428,1886.1618214718428,13010.327720678999,10800.0
2025-09-28,2025-09,50712.115336838084,67659.66561730184,71448.02067099772,3788.3550536958755,516.7587502179872,16358.146525681706,13250.098685802179,3868.1549415787317,1500.947473090791,10800.0
2025-09-29,2025-09,50331.12870835751,71726.79550685658,68802.21245520901,-2924.583051647579,918.709487815537,20010.726486932766,16208.68845441555,2936.9703655995763,222.0219449077438,10800.0
2025-09-30,2025-09,50420.82767714957,70617.45992720796,73002.98608721007,2385.5261600021167,513.6090186746034,20531.627364375672,16630.61816514429,3639.2272264637304,554.1839135229017,10800.0
2025-10-01,2025-10,41108.53715983952,66959.6401013805,63567.824584808935,-3391.8155165715684,95.85368762609428,20230.155746054043,16386.426154303776,6447.558794757721,3710.8683525937117,10800.0
2025-10-02,2025-10,43608.57476430434,73287.82355633905,63693.8456665641,-9593.977889774942,230.8810782239099,20175.57828272683,16342.218409008732,6224.705911132685,2135.8778432705644,10800.0
2025-10-03,2025-10,19381.63181168167,33828.95498089137,34269.327256129465,440.3722752380946,206.03051003295369,19390.27911748642,15706.126085164004,4404.89986278243,18569.151171057572,10800.0
2025-10-04,2025-10,21848.540453759364,36719.123611466304,36574.27879908535,-144.844812380951,384.76479931003786,18505.467261464095,14989.42848178592,4983.139071207355,15363.88331417652,10800.0
2025-10-05,2025-10,45098.4555563249,71807.80145302053,65028.28152620289,-6779.519926817625,333.2902757509308,19624.1224756511,15895.539205277397,5433.499847552465,1463.5276173609907,10800.0
2025-10-06,2025-10,45902.39722781534,62989.50565631747,66325.9423537226,3336.436697405132,355.9681819650988,17135.78903764319,13879.989120490984,4948.025072650205,744.976295885295,10800.0
2025-10-07,2025-10,45967.36486506343,66158.91731309643,68930.90754065085,2771.9902275544146,226.00112459345195,19317.583503857077,15647.242638124237,6032.376787848698,1682.6280116627622,10800.0
2025-10-08,2025-10,42821.90699426389,60647.04381712615,62229.968946633424,1582.9251295072902,720.5608607842928,19751.850635916482,15998.999015092351,1988.172675447198,731.0098444797309,10800.0
2025-10-09,2025-10,43928.93689124827,71061.11330834038,61607.56955254296,-9453.543755797422,699.4574050559752,21204.28378354973,17175.469864675288,1873.7278954924868,644.5034598986693,10800.0
2025-10-10,2025-10,19973.422003572676,33136.47228331092,32743.577229938986,-392.89505337193765,740.6103432587374,20144.08175280196,16316.706219769587,1232.2285958025839,19080.9725276961,10800.0
2025-10-11,2025-10,18987.24197530565,34169.65369521501,34225.585322916246,55.93162770123604,264.55861041184255,20195.410295158865,16358.282339078683,1893.02033654973,14653.682057364851,10800.0
2025-10-12,2025-10,44834.604919949226,64719.58097530804,65165.6176715004,446.0366961923671,863.6852354930544,18904.627019800115,15312.747886038096,2603.8318145515914,1318.635975346519,10800.0
2025-10-13,2025-10,43932.26990163795,67127.31969088,64168.66978552322,-2958.6499053567863,521.2269093253853,20611.365026449144,16695.205671423806,2678.6768047599007,1067.6652350633647,10800.0
2025-10-14,2025-10,45964.7148722963,69633.66644744523,67279.7681771885,-2353.898270256734,476.38385515156426,20336.167255955468,16472.29547732393,2421.230710517584,697.220259857604,10800.0
2025-10-15,2025-10,45108.011243333625,72512.92689397745,69099.89427050635,-3413.0326234710988,364.42017730279883,21299.821673490253,17252.85555552711,2964.3385458082935,532.9861340377146,10800.0
2025-10-16,2025-10,46479.90577955146,68697.13903746748,70601.55062680077,1904.4115893332923,344.61408999172534,20733.609248465553,16794.223491257104,2608.8949324094456,1431.4110771746125,10800.0
2025-10-17,2025-10,19334.517374807703,33162.05926216737,34172.89569949494,1010.8364373275678,214.72750450016866,20780.237297855077,16831.992211262615,2170.2972493780017,12264.881551357981,10800.0
2025-10-18,2025-10,19805.63953846057,34870.25856864299,34174.21914968408,-696.0394189589108,423.43872118641866,20179.537704713886,16345.425540818254,2167.11657390216,12519.83586640604,10800.0
2025-10-19,2025-10,46971.36412586508,70765.0839521554,70414.18777626613,-350.89617588926785,568.739449835273,20802.174932291782,16849.761695156347,2632.0460002357504,512.7454553968928,10800.0
2025-10-20,2025-10,47749.14325115871,75121.09001719617,72880.44930209797,-2240.6407150982054,389.58677735603226,22032.228728863178,17846.105270379172,3547.1685368945386,1095.9617174087864,10800.0
2025-10-21,2025-10,48197.01068785637,73980.63136730628,74657.75533207592,677.1239647696297,345.97412255063625,21461.72115700267,17383.994137172165,3527.6739645745697,935.747120221479,10800.0
2025-10-22,2025-10,49368.76742628204,70646.73602888489,72825.60702583179,2178.870996946917,383.2497599861987,20088.027119859034,16271.301967085823,3053.099718220572,784.1352148242131,10800.0
2025-10-23,2025-10,50846.5178911143,81804.70605680141,70829.21359503348,-10975.492461767924,587.7979572005372,21582.681797124827,17481.972255671113,3192.581983893244,744.2229935537321,10800.0
2025-10-24,2025-10,20612.629770729956,34728.54813871465,35149.34378245767,420.79564374301384,434.938239051281,20542.40829700641,16639.350720575196,1936.9294325449814,11324.244295866081,10800.0
2025-10-25,2025-10,20373.084125806778,34640.441609451605,34994.04019350986,353.5985840582621,454.3625790506241,20519.677228978784,16620.938555472814,1905.2747820427153,10245.956583678471,10800.0
2025-10-26,2025-10,50250.51171143124,75467.89808892371,71872.55482912084,-3595.343259802885,446.4136105162753,19906.40313830261,16124.186542025109,3503.0684082802604,489.3714184126982,10800.0
2025-10-27,2025-10,50537.87941752386,68572.26072132496,72964.52253984797,4392.261818523019,221.1189614549806,17026.485925593777,13791.453599730954,4224.825741819986,2173.2017669534825,10800.0
2025-10-28,2025-10,49824.49294169655,68589.12114629603,73366.58655398677,4777.46540769073,198.36289887140686,18038.516199444337,14611.198121549915,3366.1578722536815,799.0518027100672,10800.0
2025-10-29,2025-10,50693.85600310822,77091.1866366459,78271.99136033638,1180.804723690484,342.52797208480683,23014.526771031742,18641.766684535716,3759.812837274374,1169.6896086507898,10800.0
2025-10-30,2025-10,49587.17375434001,67300.66461397661,71382.10207877267,4081.4374647960644,426.75310605735535,18488.092637747744,14975.355036575675,3021.241469054795,487.0584646031718,10800.0
2025-10-31,2025-10,20884.314237762817,36754.62637832552,36308.24226004553,-446.38411827998993,315.63974978922727,20440.3289191668,16556.666424525112,2345.1457760794533,6490.781672446953,10800.0
2025-11-01,2025-11,20623.283607126745,35779.453446911226,35998.94022444694,219.48677753570672,414.87097268410605,20204.191169201426,16365.394847053161,2404.5719645251884,7626.404477124256,10800.0
2025-11-02,2025-11,52733.92473398135,73431.50810429474,76471.02271469124,3039.5146103964844,382.29573457538163,19248.9190007383,15591.624390598026,3037.507496031095,1362.1324097619095,10800.0
2025-11-03,2025-11,49917.85233838628,78725.37058615831,77170.94315807006,-1554.427428088251,402.80634011456095,22218.592669622318,17997.06006239407,2997.1563136389323,850.1302939841275,10800.0
2025-11-04,2025-11,51615.60295505457,72393.38574207021,75699.97934988429,3306.5936078140776,525.442416927503,20453.08420326509,16566.998204644722,2865.057442768153,1894.2062920899484,10800.0
2025-11-05,2025-11,51622.4544985713,80810.4944264951,77061.12535229682,-3749.3690741982973,623.0709180865953,22584.776655806385,18293.669091203174,2900.8494410976673,814.2191980158718,10800.0
2025-11-06,2025-11,53579.247379395914,75155.69694519394,78648.80307743268,3493.1061322387313,534.7900661283614,20827.604156521083,16870.359366782082,3191.2148758814483,665.5489279405818,10800.0
2025-11-07,2025-11,21403.24313082674,35928.68060419914,36360.188536035435,431.50793183629446,460.9262488600267,20556.020364175172,16650.376494981887,1883.515571467596,7713.493560901249,10800.0
2025-11-08,2025-11,20967.900345334012,36181.79512424115,36443.99832088158,262.20319664043797,385.76127804278235,20159.016949982222,16328.803729485602,2185.019103218907,7023.320175208841,10800.0
2025-11-09,2025-11,51578.37330364284,78636.06098307407,79680.60857415338,1044.5475910792977,270.0739203690945,22488.878199543076,18215.991341629888,3184.501584383175,1146.476868892781,10800.0
2025-11-10,2025-11,55827.08538228143,79613.50008838567,82640.19758411012,3026.697495724453,387.6793535315971,21428.06013137566,17356.728706414287,3782.542931966068,1315.559480714287,10800.0
2025-11-11,2025-11,52014.167549354366,81302.9233288019,79155.54680210813,-2147.376526693763,381.61314379957736,22187.304713722322,17971.716818115085,3146.864561887777,615.6878217460302,10800.0
2025-11-12,2025-11,53739.403343141734,78226.32885330662,80413.18584492116,2186.8569916145375,245.81079858310002,21705.375313633154,17581.354004042852,4154.092081430625,1424.8955024833313,10800.0
2025-11-13,2025-11,54731.64811464011,75807.93226137877,79495.56294665758,3687.630685278813,499.46531278694033,19710.633722992236,15965.613315623716,2733.593930647425,1120.5426047619048,10800.0
2025-11-14,2025-11,20963.985531103397,37190.79535985729,37447.49407083533,256.6987109780344,202.54685388888808,20429.07834626689,16547.553460476192,2307.9273765613816,3862.1333623721366,10800.0
2025-11-15,2025-11,21752.83555753531,38535.788575649545,38332.54569952389,-203.24287612565075,348.52463586298734,19401.792917977993,15715.452263562176,2008.4702204178047,4774.372543886597,10800.0
2025-11-16,2025-11,55686.55707389485,79094.63830300489,82447.73712578267,3353.098822777781,413.1394611921235,21686.845743092294,17566.345051904755,3202.9866547626602,1102.8448576912729,10800.0
2025-11-17,2025-11,57665.9372238748,76358.73269921608,82199.94760243116,5841.21490321508,265.17943152810653,18075.531433224573,14641.180460911904,5596.144196663261,738.8775316500032,10800.0
2025-11-18,2025-11,54813.09502894805,80170.50146727561,82102.1019719665,1931.6005046908947,433.1410784226185,22369.0582235536,18118.937161078415,3116.725692308027,277.8444622725884,10800.0
2025-11-19,2025-11,58032.80436229812,78874.3540148666,83827.45657199182,4953.102557125227,429.4197725752068,20857.383110806375,16894.480319753173,4128.887540101127,796.7744134127021,10800.0
2025-11-20,2025-11,55076.13954864158,79256.62016797827,82179.99353996108,2923.373371982823,390.2772517488189,21767.646962780495,17631.794039852197,3294.5008005228974,346.84103492538895,10800.0
2025-11-21,2025-11,21643.15095776225,37227.63918460014,38096.489383256965,868.8501986568285,300.556802971948,19916.00840933865,16131.966811564303,2076.5142818369222,3672.106239950984,10800.0
2025-11-22,2025-11,22457.171523863133,40146.24494064474,40069.629605865324,-76.61533477941799,348.0272164249896,18197.445883620487,14739.931165732592,1875.0518728053867,4865.2607482636995,10800.0
2025-11-23,2025-11,55797.07203365158,80149.85875707181,83426.78711113198,3276.92835406017,302.4178496932567,22206.245580637857,17987.058920316667,3072.938872087987,1204.9831450827344,10800.0
2025-11-24,2025-11,54649.50842025846,78137.64727840069,80347.01921477105,2209.3719363703776,641.2782711657576,21916.070019577674,17752.016715857917,2171.0543063197574,491.2461758973132,10800.0
2025-11-25,2025-11,56560.387414590215,90213.506421917,84469.97086468077,-5743.535557236235,331.49930201735833,23349.588434283753,18913.166631769844,2882.007907202872,1314.3799903146892,10800.0
2025-11-26,2025-11,56988.24339965348,85543.27243646057,86452.56454609525,909.2921096346765,343.04558759923935,23938.271245625117,19389.999708956348,4278.096872758876,1211.5748409335004,10800.0
2025-11-27,2025-11,55991.734864827056,82707.96043595127,85049.61016585445,2341.6497299031766,182.18165660813833,22831.105272087007,18493.195270390475,3677.7240416245495,1435.2650458081857,10800.0
2025-11-28,2025-11,23088.488851268103,38474.726684594454,39037.254560834626,562.5278762401729,471.43622142845055,20232.448841557867,16388.283561661876,2266.690598631015,2476.5963537360735,10800.0
2025-11-29,2025-11,24288.826033880727,47497.498324445456,42540.236304256774,-4957.262020188675,182.3937691097437,18081.347332628062,14645.891339428734,2711.272226063206,1646.4517541039882,10800.0
2025-11-30,2025-11,58977.57626050052,85767.68303979817,87658.64849939817,1890.9654596000064,498.59778857142686,23083.861192080483,18697.927565585192,3010.3720015272133,516.1125432804382,10800.0
2025-12-01,2025-12,77004.51173290375,89650.80174078363,86761.07345414051,-2889.7282866431133,5190.255733736832,23431.45131482363,18979.475565007146,1147.0240783783274,53.40162634920625,10800.0
2025-12-02,2025-12,76732.9603034801,92649.5131127511,89708.80093919174,-2940.712173559351,4546.22857929407,24084.337530875957,19508.31340000953,1015.3412709527197,25.854166666666742,10800.0
2025-12-03,2025-12,72992.50785412619,82725.7611604365,89005.65519779731,6279.894037360818,3358.270894709859,19877.783876466852,16101.004939938148,1414.2451745499084,10.153414761904344,10800.0
2025-12-04,2025-12,75128.19586236466,90348.85984603585,87600.87944506892,-2747.980400966928,4594.539034671365,24119.078612924135,19536.453676468554,841.5847932847095,0.0,10800.0
2025-12-05,2025-12,34065.548461567494,42740.94395921735,43798.30327473013,1057.3593155127842,2645.990711189605,18277.921900723966,14805.116739586414,1449.3607657272082,210.50037572164797,10800.0
2025-12-06,2025-12,35370.76877717499,45519.55298595627,45604.28447742526,84.73149146899561,2937.315206821674,18529.965055528904,15009.271694978415,1296.6175744488282,59.65793258095677,10800.0
2025-12-07,2025-12,72595.98061218963,94106.64726709294,90293.24530627267,-3813.4019608202543,3409.6965743989763,23841.06544371971,19311.26300941297,1451.4621154919016,68.99608087301601,10800.0
2025-12-08,2025-12,65479.95206930715,101171.07365642933,99794.73875523993,-1376.3349011893908,140.40969847389354,24092.99151731236,19515.323129023014,6477.043150638963,1033.2257981188538,10800.0
2025-12-09,2025-12,65100.774190894634,100382.09729257267,97620.42703916889,-2761.6702534037586,283.85021199592836,24952.38164790123,20211.429134799997,5050.677619945198,724.1928514517363,10800.0
2025-12-10,2025-12,65404.84093520775,95745.28196300301,97781.61041543333,2036.328452430314,305.3433767720368,23799.91816438042,19277.93371314814,4606.002544175727,571.3483301307012,10800.0
2025-12-11,2025-12,63812.74014567877,99901.28872942738,97192.95206826224,-2708.3366611651454,126.49887491123067,24319.045497685845,19698.42685312554,5819.63342682428,917.9441717888916,10800.0
2025-12-12,2025-12,30561.42648478662,51790.75218848792,53609.21742212131,1818.4652336333959,197.9722722386477,18897.94129948337,15307.332452581528,4495.883282002466,2006.284082122325,10800.0
2025-12-13,2025-12,29621.60209080164,53297.17904701967,52629.0838974808,-668.0951495388686,199.34763044882328,19999.518751752657,16199.610188919649,4393.527029708272,836.4625520550103,10800.0
2025-12-14,2025-12,66951.76318184548,94994.95336182056,98590.28140206114,3595.328040240589,248.17184382540376,22706.2703544412,18392.078987097375,5480.458044643853,265.08203389888166,10800.0
2025-12-15,2025-12,66650.24260300981,94341.43320682034,98642.75629586166,4301.323089041332,101.11799218742244,22058.56300500217,17867.43603405176,4747.60930709613,335.58004333588474,10800.0
2025-12-16,2025-12,64747.76937303841,99745.84511982898,98857.90465197724,-887.9404678517323,108.99895540472636,24517.971835912987,19859.557187089522,4341.641801078415,548.755824146764,10800.0
2025-12-17,2025-12,64947.12944916433,100169.05486841443,96731.681194139,-3437.373674275415,396.63554641235214,24318.588100833313,19698.056361674993,3966.8744917312792,349.0634429951032,10800.0
2025-12-18,2025-12,64333.33380731811,95183.09446574657,96250.46117639677,1067.3667106502098,457.0963226377162,23906.665803211887,19364.399300601635,4245.929341681287,553.0946880762897,10800.0
2025-12-19,2025-12,29564.893159881238,49461.99969425429,50934.98245914789,1472.9827648935939,141.72962339325522,18030.275000572685,14604.522750463875,3165.6181423025578,1576.9503901297799,10800.0
2025-12-20,2025-12,28121.07422834784,52353.6796212059,50679.59995868671,-1674.0796625191806,171.5302490478988,20562.07403824187,16655.279970975913,3117.482727570102,970.5011628985599,10800.0
2025-12-21,2025-12,66196.7608278867,98676.5383285777,98449.56712048253,-226.97120809516286,391.83188018942536,23804.312095608027,19281.492797442505,4655.759605503012,625.0382303367774,10800.0
2025-12-22,2025-12,64720.56383422896,96473.24205468297,97646.72906812854,1173.4870134455634,284.7229176370204,23910.335243664424,19367.37154736818,3959.024613283482,492.03659285249745,10800.0
2025-12-23,2025-12,63256.14335552614,99137.6745533616,96778.53773365173,-2359.136819709879,73.87891215424798,24710.832479296085,20015.77430822983,4425.378132791499,473.8878086148934,10800.0
2025-12-24,2025-12,63636.848179819324,97801.02916653646,97800.73141167396,-0.2977548625052009,76.17480170529169,25218.90189664061,20427.3105362789,4304.245192775739,926.5103435751371,10800.0
2025-12-25,2025-12,65597.3468497117,94251.69388569612,96914.16037763908,2662.466491942978,419.36560359544825,22886.45045843867,18538.02487133532,4830.800770287414,341.8510905104539,10800.0
2025-12-26,2025-12,29719.950198133407,49846.62909928141,51279.73934729901,1433.1102480175923,232.46666940589446,19343.46356140898,15668.205484741273,3701.215199528352,1128.1103071755103,10800.0
2025-12-27,2025-12,28649.74188827164,51570.36124075801,52048.153676107504,477.79243534950086,197.36898455046523,20443.461179304977,16559.20355523703,3927.6298573944296,1094.8261125289316,10800.0
2025-12-28,2025-12,63688.83397167118,97073.32352114473,96819.69076258405,-253.63275856067372,266.31437177350904,24088.043038485404,19511.31486117318,4807.232142645489,892.7900643998577,10800.0
2025-12-29,2025-12,65319.41147157448,96281.4110431101,98879.66676420416,2598.255721094056,73.88585928294738,23368.157312717878,18928.207423301476,6198.750791784822,791.0856756192245,10800.0
2025-12-30,2025-12,63175.62180757242,96514.1139594263,95432.86792650545,-1081.2460329208386,286.48692177914154,24245.23649186626,19638.641558411677,4263.976251337954,624.381063492064,10800.0
2025-12-31,2025-12,64438.70099228987,98660.92923018424,98237.31711992603,-423.61211025821274,246.29497933388691,24384.5873227232,19751.515731405794,4676.758822069498,527.3587525396827,10800.0
