release_set,allowed_issue_hours,month,days,cash_cost_yuan,contract_cost_yuan,emergency_cost_yuan,plan_kwh,final_contract_kwh,actual_effective_grid_kwh,emergency_kwh,emergency_days,emergency_slots,unused_contract_kwh,pv_curtailed_kwh,charge_kwh,discharge_kwh,safe_net_coverage,pinball_mean_kw,soc_end_kwh,max_balance_residual_kwh,saving_vs_S_none_yuan,emergency_reduction_vs_S_none_kwh
S_none,none,2,28,1508776.621926069,1487065.212056386,21711.409869683128,2428649.2405891316,2322494.6804735647,1915525.5303282444,3267.807038983385,11,41,410236.9571843031,108299.18404636509,491298.28534322634,397951.61112801346,0.8809523809523809,183.3219255187836,10800.0,3.410605131648481e-13,0.0,0.0
S_none,none,3,31,1382122.8612440655,1348948.9913905605,33173.8698535048,2223543.2468025405,2153916.5084307166,1823850.293562585,5103.026070286077,13,67,335169.24093841756,194562.49519820866,541948.0626195257,438977.9307218158,0.7934587813620072,183.9484923815867,10800.0,3.410605131648481e-13,0.0,0.0
S_none,none,4,30,1119299.343999867,1066747.5639268295,52551.780073037546,1707595.9724397343,1711947.6208873272,1535251.0883858665,8475.405947659261,13,78,185171.93844912003,217296.64892182974,527766.1536566555,427541.3131926188,0.6421296296296296,182.28184922441446,10743.634743635883,3.410605131648481e-13,0.0,0.0
S_none,none,5,31,1214228.209568102,1086476.9694142488,127751.24015385305,1739998.8993106345,1748703.7723302832,1553258.0195196888,20612.51272427454,20,160,216058.265534869,269087.36160510755,512155.0748273006,414794.88187938585,0.6303763440860215,212.19784820860497,10800.0,3.410605131648481e-13,0.0,0.0
S_none,none,6,30,1575851.7870646038,1454050.8532082257,121800.93385637776,2281505.9428458908,2244240.0581801548,1976680.6265743794,19708.135982677195,21,225,287267.5675884524,124448.07125872723,538102.0480648371,435862.65893251804,0.6340277777777777,223.19163613431348,10800.0,3.410605131648481e-13,0.0,0.0
S_none,none,7,31,1708770.2162344488,1598714.030141023,110056.18609342573,2424397.0591483274,2435361.7457218054,2196503.3319328083,18314.59487728988,20,217,257173.00866628738,145349.66639438484,559654.7685355606,453320.362513804,0.625,218.19572604568177,10800.0,3.836930773104541e-13,0.0,0.0
S_none,none,8,31,1616938.1324006524,1616920.8813145964,17.25108605598239,2550493.2701735096,2467318.1634876453,1969164.9601169,2.5608381289961244,1,1,498155.76420887426,294996.47957373405,473976.92777104845,383921.31149454927,0.9455645161290323,231.82631564699162,10800.0,3.410605131648481e-13,0.0,0.0
S_none,none,9,30,1520806.7684136892,1516556.752456435,4250.015957254026,2375182.337609546,2323409.5631913794,1718869.5030012166,850.0984160411671,3,8,605390.1586062043,242776.39897100054,461627.5620011373,373918.32522092125,0.9666666666666667,250.64786213803572,10800.0,3.410605131648481e-13,0.0,0.0
S_none,none,10,31,1407029.1580381773,1373387.57821516,33641.57982301724,2180187.2222279236,2141612.4525557016,1796545.5306689022,5967.3995181658975,16,86,351034.32140496525,219318.27238744753,537335.0907795879,435241.4235314662,0.7419354838709677,202.2362421207753,10800.0,3.410605131648481e-13,0.0,0.0
S_none,none,11,30,1574365.6891514955,1452243.96270241,122121.72644908592,2269188.0413758107,2261137.283836722,2012665.9272232759,20462.567085924213,21,218,268933.9236993701,117457.9639621913,566207.5839526779,458972.02867492626,0.5148148148148148,197.49603296914805,10417.90480749196,3.410605131648481e-13,0.0,0.0
S_none,none,12,31,1976147.7919914308,1830607.3586685255,145540.43332290553,2798627.6917874003,2795518.5717956144,2522844.9412100217,26372.620323103543,23,238,299046.25090869603,34384.40966519178,653781.5970543857,529358.0017428892,0.5230734767025089,190.60072785639193,10645.784664340155,3.410605131648481e-13,0.0,0.0
S_6,6,2,28,1483381.8863736761,1474531.3382988707,8850.548074805494,2428509.489431747,2278919.384155526,1916777.7975989822,1387.8463549467162,10,32,363529.4329114905,107275.27684657795,503278.1509775659,407655.3022918283,0.8928571428571429,164.27573313134866,10800.0,2.2737367544323206e-13,25394.735552392907,1879.960684036669
S_6,6,3,31,1360908.6129265681,1341052.1695134868,19856.44341308124,2223006.8457507333,2087148.9246506935,1812162.5760031105,3104.316396476439,14,60,278090.66504405945,181400.58109727758,549895.6105936004,445451.2821544342,0.7914426523297491,160.05369205690192,10760.180473758033,2.8421709430404007e-13,21214.248317497295,1998.7096738096384
S_6,6,4,30,1082605.3545986125,1051751.9238956913,30853.430702921403,1707419.2069007854,1694411.3243787764,1532339.3686429777,4830.980907646683,16,67,166902.93664344508,212093.0615961257,539622.4208696928,437105.7128228408,0.6504629629629629,152.37244677966268,10747.34500888082,2.2737367544323206e-13,36693.989401254505,3644.4250400125775
S_6,6,5,31,1215330.3091062242,1075383.9702702453,139946.33883597874,1740299.3028753875,1727862.046671424,1553120.2226133458,21857.425716231646,20,159,196599.24977430946,269293.91394495824,510360.28531428485,413344.44161256345,0.6245519713261649,193.77351482483562,10800.0,2.2737367544323206e-13,-1102.0995381225039,-1244.9129919571037
S_6,6,6,30,1532566.0353279128,1427744.055132659,104821.98019525417,2281223.7926121596,2180976.7007086407,1974699.4865225994,16769.430703241564,21,215,223046.64488928288,119095.94661005601,555844.0722590009,450233.6985297907,0.5854166666666667,198.26265148963444,10800.0,2.5579538487363607e-13,43285.75173669062,2938.705279435634
S_6,6,7,31,1693777.5350607946,1602988.3853646158,90789.14969617901,2423898.934371084,2410148.832047168,2192434.5131308287,15613.6868767885,18,202,233328.00579312773,141836.96853782044,556727.8161912718,450949.53111493017,0.5893817204301075,209.87469104937463,10800.0,3.410605131648481e-13,14992.681173653858,2700.9080005013766
S_6,6,8,31,1606311.916402876,1605831.1447934995,480.7716093762287,2550493.2701735096,2391831.4010802396,1959781.454903226,71.32797071214793,1,4,432121.274147725,285678.8094839189,473630.427119162,383640.6459665213,0.9500448028673835,200.84032655911628,10800.0,2.2737367544323206e-13,10626.215997776642,-68.7671325831518
S_6,6,9,30,1514520.32004497,1512073.670510679,2446.649534291065,2375182.337609546,2281853.6672525946,1707430.6352054027,494.097458311493,2,8,574917.1295055033,230099.3146504034,468144.4910789448,379197.03777394537,0.9655092592592592,232.94462252409002,10800.0,3.410605131648481e-13,6286.448368718957,356.00095772967404
S_6,6,10,31,1373065.354840054,1348618.1974603327,24447.157379721302,2179704.559963057,2066233.7496024477,1768712.1692371557,4471.776971842539,16,78,301993.3573371345,187962.4951071096,555874.1215616481,450258.03846493503,0.7204301075268817,174.82960654932353,10800.0,2.2737367544323206e-13,33963.80319812305,1495.6225463233582
S_6,6,11,30,1557381.3270579402,1450517.0056806388,106864.32137730144,2269248.2446135315,2245442.462901152,2012054.8473599723,17205.375500817427,21,180,250592.99104199713,115413.19528822029,573797.4898962233,465128.2458078046,0.5347222222222222,181.42523259123544,10408.578897929321,2.2737367544323206e-13,16984.362093555916,3257.1915851067884
S_6,6,12,31,1988056.9755403842,1817218.9626873077,170838.0128530764,2798579.22182973,2768828.7677199813,2522721.7846247135,31664.268885001744,23,266,277771.2519802685,34303.882931773616,653513.0541120111,529132.0886524038,0.4849910394265233,186.19485274397354,10645.784651624008,2.8421709430404007e-13,-11909.183548953319,-5291.648561898197
S_12,12,2,28,1475613.3062110166,1474444.3744742398,1168.9317367765202,2428357.6550196474,2284118.0632253373,1915536.7515000144,185.0592550367873,6,8,368766.3709803594,108487.18641584287,490367.8579868685,397197.9649693634,0.9050099206349206,166.8873457069269,10800.0,2.8421709430404007e-13,33163.31571505246,3082.7477839465982
S_12,12,3,31,1337456.7011065476,1331364.825677437,6091.875429110454,2222692.379510233,2113740.816645657,1819598.8576478518,1056.6264432019416,8,33,295198.58544100664,190089.8079177682,543112.5434916696,439921.16022825235,0.8051075268817204,163.6319991970647,10800.0,3.410605131648481e-13,44666.16013751776,4046.399627084136
S_12,12,4,30,1074624.8077129896,1043150.0390980988,31474.768614890752,1707106.6409793145,1698244.1589030176,1534552.6749937625,5297.150447476632,18,67,168988.6343567317,214859.36741650023,536808.193731841,434844.4851545786,0.6569444444444444,157.02272787642784,10766.83529801414,3.410605131648481e-13,44674.53628687755,3178.255500182629
S_12,12,5,31,1193341.60640406,1066555.5736924855,126786.03271157459,1739661.9858066628,1722138.470104321,1547187.6107308653,20317.34119762862,21,164,195268.2005710843,262828.9288629899,513254.57194432395,415706.3550431152,0.6095430107526881,198.15577814336956,10800.0,3.410605131648481e-13,20886.603164041768,295.1715266459227
S_12,12,6,30,1533533.942208556,1430212.4001330836,103321.54207547243,2280742.189091629,2204582.506910699,1976737.8337780882,16776.165733227605,21,212,244620.83886583775,123701.77239310081,542331.0273771287,439288.1321754742,0.6127314814814815,202.3178662641895,10800.0,3.410605131648481e-13,42317.84485604777,2931.9702494495887
S_12,12,7,31,1686624.756811055,1594111.4401980322,92513.31661302269,2424020.9331008,2404609.016278889,2193089.3534446466,15643.290629160496,20,191,227162.9534634036,143428.8200500144,551796.1783050802,446954.904427115,0.6151433691756273,204.50194377232887,10800.0,3.410605131648481e-13,22145.45942339392,2671.3042481293805
S_12,12,8,31,1602481.7125286798,1602464.4614426235,17.25108605598239,2550493.2701735096,2418726.089962585,1965320.0202201381,2.5608381289961244,1,1,453408.63058057555,292528.87337561016,466727.80304137606,378049.52046351467,0.9531810035842294,210.49046648494263,10800.0,3.552713678800501e-13,14456.419871973063,0.0
S_12,12,9,30,1511875.5812382475,1507625.5652809932,4250.015957254026,2375182.337609546,2297703.4192326637,1715174.5186116656,850.0984160411671,3,8,583378.9990370389,239718.52304582426,458274.35955706093,371202.2312412194,0.9712962962962963,240.4945254803823,10800.0,3.410605131648481e-13,8931.18717544181,0.0
S_12,12,10,31,1383778.5033192595,1356489.287714997,27289.215604262354,2179659.942461229,2112250.31650139,1791098.534184156,5001.495152049554,14,71,326153.2774692839,213753.79232787032,537953.4253839601,435742.27456100774,0.7396953405017921,183.34087290246524,10800.0,2.5224267119483557e-13,23250.654718917343,965.9043661163425
S_12,12,11,30,1553219.9145242285,1438588.2502407022,114631.66428352645,2268962.8917942094,2244247.2108682655,2011931.1854004476,19313.741785755075,21,213,251629.7672535729,115864.59400571302,570747.6484337074,462653.46502230625,0.4895833333333333,186.05760357406922,10413.478009996377,3.410605131648481e-13,21145.774627267325,1148.8253001691419
S_12,12,12,31,1962073.1925900255,1823245.4253514837,138827.76723854136,2798485.6710352213,2777742.307104953,2523052.278004296,25342.382505450983,23,238,280032.4116061078,34384.40966519178,654863.5092657142,530232.5771599424,0.4946236559139785,185.07082773890022,10643.328393647671,3.410605131648481e-13,14074.599401405518,1030.2378176525647
S_18,18,2,28,1492849.3149530727,1491496.8189009998,1352.4960520726345,2428357.6550013516,2329399.98316191,1915163.2913921713,214.26568750889706,6,10,414450.9574572472,108299.18403828645,489391.7646695706,396407.32938235224,0.9045138888888888,180.90357923121186,10800.0,3.410605131648481e-13,15927.306972996732,3053.5413514744882
S_18,18,3,31,1358488.315819257,1354838.3797385518,3649.9360807052135,2222586.3370734225,2162041.7904487513,1823475.4408946298,691.0478676225041,8,30,339257.3974217444,194562.49519820866,539975.1538408123,437379.87461105804,0.8201164874551972,180.32125847054292,10800.0,3.410605131648481e-13,23634.545424808497,4411.978202663574
S_18,18,4,30,1089536.9310501264,1066021.4761889554,23515.454861170976,1706976.5536328955,1716880.4464367903,1535074.8037484335,4103.263881937645,20,61,185908.90657029464,217038.77398621643,528085.6802359663,427779.2494737493,0.6555555555555556,178.92895265450818,10766.835019315067,3.410605131648481e-13,29762.412949740563,4372.142065721615
S_18,18,5,31,1208874.1859270206,1085536.4638195357,123337.72210748524,1739504.2654046023,1752811.9203913757,1552838.981170971,19772.008132250594,20,158,219744.94735265576,268990.85164612357,510567.45302928577,413529.78847110516,0.6292562724014337,211.46973366893064,10800.0,3.410605131648481e-13,5354.023641080821,840.5045920239456
S_18,18,6,30,1551523.287009733,1457610.4000043757,93912.88700535709,2280447.1484703026,2250994.9413050776,1976417.244270884,15319.8217114088,21,201,289897.5187456025,124448.07125872723,536715.8254148618,434739.818586038,0.6386574074074074,218.23176797637947,10800.0,3.410605131648481e-13,24328.500054871132,4388.314271268394
S_18,18,7,31,1689966.9298169923,1601531.7528800971,88435.176936895,2423817.88596179,2444038.729735674,2195772.7894202704,15005.79551653727,19,195,263271.73583194107,145349.66638184362,555809.8080092636,450205.9444875035,0.6332885304659498,215.0623332583193,10800.0,2.8421709430404007e-13,18803.286417456467,3308.7993607526073
S_18,18,8,31,1622275.2888572656,1622258.0377712096,17.25108605598239,2550493.2701735096,2480766.7164701573,1967573.041672156,2.5608381289961244,1,1,513196.2356361297,294996.47957373405,465598.4096408171,377134.7118090618,0.9478046594982079,234.9216666325825,10800.0,3.410605131648481e-13,-5337.1564566131565,0.0
S_18,18,9,30,1524622.8917410441,1520372.8757837897,4250.015957254026,2375182.337609546,2331058.230965475,1718113.7195231663,850.0984160411671,3,8,613794.6098583494,242776.39897100054,457649.75422192644,370696.30091976054,0.9666666666666667,252.76909566745846,10800.0,3.410605131648481e-13,-3816.1233273545877,0.0
S_18,18,10,31,1405395.266121868,1378378.5002738228,27016.765848045194,2179650.8852597736,2148573.7602443066,1796034.326121127,4960.2775324893,14,71,357499.71165566944,219318.27238581545,534644.540536726,433062.0778347481,0.7526881720430108,202.5922070830364,10800.0,3.410605131648481e-13,1633.891916309076,1007.1219856765968
S_18,18,11,30,1567986.218384603,1454020.361793495,113965.85659110808,2268947.8000101936,2262401.086135701,2012668.3720782972,19212.54607530436,21,213,268945.2601327078,117457.96396219045,566220.4516106899,458982.451477916,0.5164351851851852,195.88676993967255,10417.90480749196,3.410605131648481e-13,6379.470766892788,1250.0210106198592
S_18,18,12,31,1968132.2104786728,1832532.6789590297,135599.53151964277,2798398.803117861,2797385.728388448,2522825.982689271,24852.577129376623,23,233,299412.3228285526,34384.40966519178,653681.8153662288,529277.178575482,0.5280017921146953,189.03706475807135,10645.784664340155,2.2737367544323206e-13,8015.581512758254,1520.0431937269223
S_6_12,"6,12",2,28,1469405.5490511055,1468000.4355736603,1405.113477445388,2428357.6550196474,2265130.2590324297,1916042.6359467418,238.99056678965752,8,12,349326.61365247733,106383.07755109564,504104.6648893658,408324.7785603863,0.9032738095238095,157.41587500843255,10800.0,2.2737367544323206e-13,39371.072874963575,3028.8164721937283
S_6_12,"6,12",3,31,1328546.1083853575,1323872.7170510876,4673.391334269824,2222692.379510233,2079142.209627297,1810417.8776118688,776.0184581159142,7,27,269500.3504735445,179180.73231410442,552207.7833215669,447288.3044904692,0.8165322580645161,149.90466295327315,10800.0,2.2737367544323206e-13,53576.752858707914,4327.007612170163
S_6_12,"6,12",4,30,1062486.8242813796,1041832.8947112125,20653.92957016695,1707106.6409793145,1686245.3809480192,1528269.8253248543,3292.9307936630275,17,57,161268.48641682783,207412.87048292198,542932.6530195791,439805.2971776464,0.6511574074074075,144.4660068996007,10766.83529801414,2.2737367544323206e-13,56812.519718487565,5182.475153996233
S_6_12,"6,12",5,31,1178282.562282249,1066730.7144234392,111551.84785880972,1739661.9858066628,1715508.9555053518,1544819.223022453,17518.618528264822,21,150,188208.35101116356,260312.34745018097,514034.53880956926,416338.12820396386,0.609094982078853,183.27023865756416,10800.0,2.2737367544323206e-13,35945.647285852894,3093.894196009719
S_6_12,"6,12",6,30,1517608.7053363489,1419277.5934595617,98331.11187678702,2280742.1890911856,2176494.7987767793,1975232.126095794,15743.491346091458,21,209,217006.16402707648,119166.28846286706,558277.2181557557,452204.5467061621,0.5833333333333334,189.83590601046996,10800.0,2.2737367544323206e-13,58243.081728255194,3964.64463658574
S_6_12,"6,12",7,31,1686749.3910270515,1591181.1346548346,95568.25637221638,2424020.933103789,2396214.3311323696,2191172.1770572853,16328.816732338268,19,200,221370.9708074218,140750.15647395552,555804.0056140178,450201.24454735446,0.5857974910394266,204.87425540178367,10800.0,2.8421709430404007e-13,22020.825207397153,1985.7781449516103
S_6_12,"6,12",8,31,1597985.0667471192,1597967.8156610632,17.25108605598239,2550493.2701735096,2383352.4908569427,1957374.046564566,2.5608381289961244,1,1,425981.00513050595,283935.4691922817,470135.3321348304,380809.6190292127,0.9567652329749103,196.40254128241483,10800.0,2.7711166694643907e-13,18953.065653533486,0.0
S_6_12,"6,12",9,30,1512364.3214148495,1509917.6718805586,2446.649534291065,2375182.337609546,2282410.0543981018,1708533.556150317,494.097458311493,2,8,574370.5957060959,231514.52534110425,466500.8608379627,377865.6972787499,0.9699074074074074,232.17376089258943,10800.0,3.410605131648481e-13,8442.446998839376,356.00095772967404
S_6_12,"6,12",10,31,1368512.1551190543,1344526.7510800618,23985.40403899229,2179659.942460769,2062680.8277297628,1767736.0416716118,4403.076385242538,16,76,299347.8624433934,186978.3435095211,555916.3533092511,450292.24618049344,0.7231182795698925,168.96170547946176,10800.0,2.5224267119483557e-13,38517.00291912302,1564.3231329233593
S_6_12,"6,12",11,30,1541773.240901561,1444456.8677917614,97316.37310979974,2268962.891792026,2236976.772627566,2010711.3314382206,15743.100888240951,21,175,242008.5420775866,113958.10925349755,574361.4946968046,465580.68049541506,0.5085648148148149,175.78457138239116,10413.478009996377,3.410605131648481e-13,32592.448249935005,4719.466197683265
S_6_12,"6,12",12,31,1981167.827763353,1814171.9868675529,166995.8408957999,2798485.6710362476,2763853.856723036,2522605.713023388,31073.594024984817,23,266,272321.7377246332,34303.882931773616,652936.9921736609,528672.0983153792,0.4728942652329749,183.67085329631468,10643.328393647671,2.2737367544323206e-13,-5020.035771922267,-4700.973701881272
S_6_18,"6,18",2,28,1478297.043784231,1476422.5574088024,1874.4863754283147,2428357.6550234305,2281459.6854755366,1916641.744832456,309.16726627535843,8,14,365127.10790935595,107275.27684657795,502562.0837853243,407075.2878661128,0.902281746031746,163.647947815739,10800.0,2.2737367544323206e-13,30479.578141838138,2958.6397727080275
S_6_18,"6,18",3,31,1347331.6638653083,1345029.833193311,2301.8306719971933,2222545.1607398824,2093105.8553138212,1811846.1267860602,426.01257753023634,6,24,281685.7411052912,181400.58109727758,548041.469590085,443913.5903679689,0.8169802867383512,157.919133622239,10800.0,2.8421709430404007e-13,34791.197378756886,4677.013492755841
S_6_18,"6,18",4,30,1064757.7690735164,1052302.3630318863,12455.406041630053,1706974.0151362184,1697696.4684305538,1532268.682507975,2062.6143772425444,19,50,167490.40029982102,212024.06476480392,539709.8275041451,437194.8087609741,0.6620370370370371,150.49397789086208,10766.835019315067,2.2737367544323206e-13,54541.57492635085,6412.791570416715
S_6_18,"6,18",5,31,1187732.432478237,1079905.1483386534,107827.28413958334,1739504.2650940313,1734355.8885600553,1552960.268122601,16933.71889161154,20,145,198329.33932906555,269137.8049401532,510432.36701665726,413420.3688008761,0.633736559139785,188.60270064963888,10800.0,2.2737367544323206e-13,26495.77708986479,3678.793832663
S_6_18,"6,18",6,30,1518394.8412215183,1429054.046381314,89340.79484020355,2280447.148462532,2183714.7985672224,1974561.0664513404,14349.026661753676,21,192,223502.75877763564,119095.94661005601,555115.5455681648,449643.5919102135,0.5914351851851852,194.73401660225332,10800.0,2.5579538487363607e-13,57456.94584308575,5359.109320923519
S_6_18,"6,18",7,31,1694792.4367320645,1603321.9062171276,91470.53051493695,2423817.8857020256,2413084.6033858103,2192071.036639946,15680.552957820286,18,198,236694.11970368464,141836.9685378205,554814.7820287301,449399.97344327136,0.5929659498207885,210.4367623532201,10800.0,3.410605131648481e-13,13977.779502384008,2634.0419194695896
S_6_18,"6,18",8,31,1609331.961470077,1609314.710384021,17.25108605598239,2550493.2701735096,2399779.5734807705,1958879.2557943151,2.5608381289961244,1,1,440902.87852458406,285678.8094839189,468882.0107564737,379794.42871274386,0.9551971326164874,202.4492433830623,10800.0,2.2737367544323206e-13,7606.17093057571,0.0
S_6_18,"6,18",9,30,1516739.3698370298,1514292.720302739,2446.649534291065,2375182.337609546,2286329.958830705,1706983.8518115485,494.097458311493,2,8,579840.2044774682,230099.3146504034,465792.9995323428,377292.3296211976,0.9655092592592592,234.1854190520754,10800.0,3.410605131648481e-13,4067.3985766591504,356.00095772967404
S_6_18,"6,18",10,31,1374223.5050227328,1350478.7305359573,23744.774486775907,2179650.885423445,2068498.3352223574,1768576.4419567045,4366.4201481365235,16,76,304288.3134137891,187962.49510710943,555159.7674540095,449679.4116377478,0.7222222222222222,175.2602705072202,10800.0,2.2737367544323206e-13,32805.653015444244,1600.979370029374
S_6_18,"6,18",11,30,1549669.8196701047,1453019.254252723,96650.56541738145,2268947.8001111243,2247060.367940657,2012065.3430940942,15641.905177790257,21,175,250636.93002435216,115413.19528822029,573808.5554118134,465128.8155892727,0.5363425925925925,179.33894302485592,10417.9047714404,2.2737367544323206e-13,24695.869481391383,4820.661908133961
S_6_18,"6,18",12,31,1982664.9746992053,1818916.472496023,163748.50220318232,2798398.8031676575,2770376.2852884764,2522681.8843486905,30581.050263916393,23,261,278275.4512037029,34303.882931773616,653347.2278495716,529006.1626659879,0.489247311827957,185.1728548953502,10645.784651624008,2.8421709430404007e-13,-6517.182707774467,-4208.42994081285
S_12_18,"12,18",2,28,1475661.5038039612,1474492.5720671848,1168.9317367765202,2428357.6550196474,2284197.870706244,1915526.905703795,185.0592550367873,6,8,368856.0242574854,108487.18641584287,490316.0380067648,397155.99078547943,0.9050099206349206,166.90197992396347,10800.0,2.8421709430404007e-13,33115.11812210767,3082.7477839465982
S_12_18,"12,18",3,31,1336406.8954855627,1332763.8554034499,3643.0400821126013,2222544.6778661693,2115453.9153544907,1819417.1921435073,690.0593357141602,8,30,296726.7825466977,190089.80786286786,542156.4095472272,439146.69173325406,0.8098118279569892,163.5364904060132,10800.0,3.410605131648481e-13,45715.96575850319,4412.966734571917
S_12_18,"12,18",4,30,1066952.7298866692,1043808.3886096006,23144.34127706848,1706976.5534758852,1700542.8846405651,1534446.0361167558,4044.4174505790315,20,59,170141.26597438846,214836.18420709326,536368.9533760523,434488.70046638965,0.6631944444444444,156.46607133619918,10766.83529801414,3.410605131648481e-13,52346.61411319794,4430.988497080229
S_12_18,"12,18",5,31,1191011.5012915314,1068014.8574973508,122996.6437941808,1739504.264769593,1724838.0304514659,1546980.9524659608,19723.14892538593,20,159,197580.22691089087,262828.9288592082,512166.8968857835,414825.33824569744,0.6124551971326165,198.02019350618164,10800.0,3.410605131648481e-13,23216.70827657016,889.3637988886128
S_12_18,"12,18",6,30,1526378.0286791264,1432057.5884265492,94320.44025257711,2280447.148274187,2206914.7867947384,1976572.0705755102,15387.774572244289,21,198,245730.49079147237,123701.77239310081,541458.5894688223,438581.4574697462,0.6194444444444445,200.577299623995,10800.0,3.410605131648481e-13,49473.75838547736,4320.361410432907
S_12_18,"12,18",7,31,1683537.1691652813,1595313.034148914,88224.13501636726,2423817.8857193566,2406518.7412149915,2192930.4005022333,14967.342100930764,19,188,228555.68281368946,143428.82005001407,550959.5838713283,446277.262935776,0.6176075268817204,203.86380181578986,10800.0,3.410605131648481e-13,25233.047069167187,3347.2527763591133
S_12_18,"12,18",8,31,1603477.2522922175,1603460.0012061615,17.25108605598239,2550493.2701735096,2421016.2136193803,1965066.2886347775,2.5608381289961244,1,1,455952.4858227315,292528.87337561016,465392.3736447407,376967.82265223993,0.9540770609318996,211.04509460565328,10800.0,3.552713678800501e-13,13460.880108435216,0.0
S_12_18,"12,18",9,30,1512286.788861963,1508036.772904709,4250.015957254026,2375182.337609546,2298840.5052227625,1715040.024570657,850.0984160411671,3,8,584650.5790681469,239718.52304582426,457566.49618333083,370628.8619084981,0.9712962962962963,240.8094450155001,10800.0,3.410605131648481e-13,8519.97955172605,0.0
S_12_18,"12,18",10,31,1383885.4927352252,1356878.1941629148,27007.298572311014,2179650.8854743913,2112620.0402974933,1791075.7455225666,4958.920411541167,14,71,326503.215186468,213753.79232787035,537833.485059807,435645.1228984438,0.7401433691756273,183.3785930138242,10800.0,2.5224267119483557e-13,23143.665302951384,1008.47910662473
S_12_18,"12,18",11,30,1552759.8061595988,1438793.9495684905,113965.85659110824,2268947.800164228,2244426.0822684173,2011936.5974032057,19212.54607530439,21,213,251702.030940516,115864.59400219154,570755.163795858,462655.5683781772,0.4898148148148148,185.95356580675923,10417.90477385309,3.410605131648481e-13,21605.882991897153,1250.0210106198256
S_12_18,"12,18",12,31,1959616.1517120984,1824078.947701831,135537.20401026728,2798398.803128668,2778388.943940235,2523038.1948986105,24843.64256667945,23,233,280194.39160830487,34384.40966519178,654798.7216353818,530181.8726352967,0.49731182795698925,184.62084310513978,10645.784650922635,3.410605131648481e-13,16531.64027933232,1528.9777564240985
S_6_12_18,"6,12,18",2,28,1469453.7466440503,1468048.6331666051,1405.113477445388,2428357.6550196474,2265210.0665133363,1916032.7901505218,238.99056678965752,8,12,349416.26692960336,106383.07755109564,504052.844909262,408282.8043765023,0.9032738095238095,157.4305092254691,10800.0,2.2737367544323206e-13,39322.8752820188,3028.8164721937283
S_6_12_18,"6,12,18",3,31,1327495.0486588185,1325270.4926715468,2224.5559872719714,2222544.6778661693,2080855.3083352852,1810235.2374817382,409.4513506281326,6,24,271029.5222041743,179180.73231410456,551246.5194787759,446509.6807778084,0.821236559139785,149.8091541622217,10800.0,2.2737367544323206e-13,54627.81258524689,4693.574719657944
S_6_12_18,"6,12,18",4,30,1054795.4170035115,1042479.085078223,12316.3319252883,1706976.5534758852,1688549.5756171802,1528167.6275465812,2039.1699431162901,19,49,162421.11801371526,207389.68727351504,542516.78686765,439468.4455945838,0.6574074074074074,143.90935035937204,10766.83529801414,2.2737367544323206e-13,64503.926996355876,6436.236004542971
S_6_12_18,"6,12,18",5,31,1175985.3918952586,1068222.9329610735,107762.45893418505,1739504.264769593,1718222.617831842,1544609.2568851109,16924.426255032868,20,145,190537.78720176395,260312.34744543495,512929.45390116866,415443.00942815945,0.6120071684587813,183.13465402037633,10800.0,2.2737367544323206e-13,38242.81767284305,3688.0864692416762
S_6_12_18,"6,12,18",6,30,1510567.5316102768,1421167.135826606,89400.39578367046,2280447.1482742354,2178817.6444965014,1975066.5195569051,14364.691004337219,21,195,218115.81594393362,119166.28846286706,557405.6047931834,451498.5398824785,0.5900462962962963,188.09533937027538,10800.0,2.2737367544323206e-13,65284.25545432709,5343.444978339978
S_6_12_18,"6,12,18",7,31,1683752.9638908515,1592470.5525326384,91282.4113582126,2423817.885720456,2398107.3182075773,2191006.5004167533,15652.868204408218,18,197,222753.68599523208,140750.15647395529,554932.0232954301,449494.9388692985,0.5882616487455197,204.23611344524463,10800.0,2.8421709430404007e-13,25017.25234359761,2661.7266728816594
S_6_12_18,"6,12,18",8,31,1598980.606510657,1598963.3554246007,17.25108605598239,2550493.2701735096,2385642.6145137385,1957120.3149792054,2.5608381289961244,1,1,428524.8603726619,283935.4691922817,468799.902738195,379727.92121793807,0.9576612903225806,196.9571694031255,10800.0,2.7711166694643907e-13,17957.52588999561,0.0
S_6_12_18,"6,12,18",9,30,1512775.5290385655,1510328.8795042746,2446.649534291065,2375182.337609546,2283547.140388201,1708399.0621093083,494.097458311493,2,8,575642.1757372041,231514.52534110425,465792.99746423267,377292.3279460285,0.9699074074074074,232.48868042770724,10800.0,3.410605131648481e-13,8031.239375123609,356.00095772967404
S_6_12_18,"6,12,18",10,31,1368619.1410286939,1344915.6577584527,23703.483270241337,2179650.88546597,2063050.5515248994,1767713.2524733911,4360.501109069072,16,76,299697.80016057735,186978.34350952113,555796.4101607185,450195.09223018214,0.7235663082437276,168.99942559082078,10800.0,2.5224267119483557e-13,38410.01700948312,1606.8984090968252
S_6_12_18,"6,12,18",11,30,1541313.1325405964,1444662.5671232152,96650.56541738147,2268947.800162045,2237155.6440268923,2010716.7434445,15641.90517779026,21,175,242080.8057601823,113958.10925349752,574369.0100589553,465582.783851286,0.5087962962962963,175.6805336150812,10417.90477385309,3.410605131648481e-13,33052.55661089948,4820.661908133958
S_6_12_18,"6,12,18",12,31,1978710.7868889263,1815005.5092219515,163705.2776669747,2798398.8031304004,2764500.4935615035,2522591.6299169953,30574.85408613428,23,261,272483.7177306426,34303.882931773616,652872.2045396093,528621.3937877209,0.47558243727598565,183.2208686625542,10645.784650922635,2.2737367544323206e-13,-2562.994897495635,-4202.23376303074
