figure,metric,value
process_q1_price_dispatch,spearman_rho,0.5626489530878825
process_q2_forecast_validation,mae_kw,722.5708284728119
process_q2_forecast_validation,rmse_kw,904.0899411647504
process_q2_forecast_validation,r2,0.5875354822269687
process_q3_contract_updates,absolute_adjustment_mwh,4.278318571148423
result_q3_adjustment_benefit,days_cost_reduced_percent,79.64071856287424
process_q4_price_dispatch,spearman_rho,0.43975269261326994
result_q4_strategy_comparison,fixed_price_saving_percent,12.056198488032738
result_q4_strategy_comparison,variable_price_saving_percent,11.909922596891848
