date,plan_kwh,final_contract_kwh,cash_cost_yuan,alternative_cash_cost_yuan,emergency_kwh,unused_contract_kwh,pv_curtailed_kwh,charge_kwh,discharge_kwh,soc_start_kwh,soc_end_kwh,soc_min_kwh,soc_max_kwh,max_balance_residual_kwh
2025-02-01,104055.08829723051,104055.08829723051,67415.10608771673,67415.10608771673,0.0,57933.658753010684,10378.94055,7180.595057297318,5816.281996410828,10800.0,10800.0,4872.319314814817,10800.0,3.410605131648481e-13
2025-02-02,107655.17812968991,107655.17812968991,70806.83761469132,70806.83761469132,57.75983459015356,25473.733061470044,437.19254999999976,18135.44422531595,14689.709822505922,10800.0,10800.0,1200.0,10800.0,3.410605131648481e-13
2025-02-03,107784.05379356637,107784.05379356637,70568.94099986563,70568.94099986563,3.615972067420671,24112.465116076757,80.66648333333319,17776.956138019596,14399.334471795875,10800.0,10800.0,1200.0,10800.0,3.410605131648481e-13
2025-02-04,107993.67249056879,107993.67249056879,70718.13614029369,70718.13614029369,0.0,22913.56370495248,319.04835000000026,18769.45518745431,15203.258701837995,10800.0,10800.0,1373.7254882109987,10800.0,2.984279490192421e-13
2025-02-05,99805.93877873971,99805.93877873971,64340.77878800611,64340.77878800611,0.0,15113.293096485191,41.18235000000004,20542.296573269483,16639.26022434829,10800.0,10800.0,1324.1138022070381,10800.0,2.2737367544323206e-13
2025-02-06,100068.83725899075,100068.83725899075,64572.788515258384,64572.788515258384,0.0,15953.244539553245,1.4008166666668558,20227.024663706216,16383.889977602037,10800.0,10800.0,1397.5258768218785,10800.0,2.2737367544323206e-13
2025-02-07,102756.11756900292,102756.11756900292,66457.43960812749,66457.43960812749,0.0,57100.2322223831,12399.403233333334,7635.8023506306845,6184.999904010853,10800.0,10800.0,4700.647148148148,10800.0,2.2737367544323206e-13
2025-02-08,93429.9539588885,93429.9539588885,59233.733445373546,59233.733445373546,0.0,49163.966186604994,11221.401066666665,7723.284152369311,6255.86016341914,10800.0,10800.0,4680.24522222222,10800.0,2.2737367544323206e-13
2025-02-09,97326.03745499166,97326.03745499166,62833.87984779557,62833.87984779557,63.71795232324439,13902.226322059982,46.93039999999985,20448.330097832993,16563.147379244725,10800.0,10800.0,1200.0,10800.0,2.2737367544323206e-13
2025-02-10,97545.91107704744,97545.91107704744,62604.35719005925,62604.35719005925,0.0,18598.316377440216,1122.0858000000007,18686.897494068675,15188.026177794785,10800.0,10742.623102667603,1205.128085114698,10800.0,2.2737367544323206e-13
2025-02-11,97614.74622394552,97614.74622394552,63198.15732386926,63198.15732386926,91.50599934146655,18019.62318993302,739.1776680108395,19343.23697058233,15616.382738572533,10742.623102667603,10800.0,1200.0,10800.0,2.2737367544323206e-13
2025-02-12,97745.52584524531,97745.52584524531,62857.780674288944,62857.780674288944,9.45654438145591,17934.145684437815,908.65555,19186.552746608628,15541.10772475299,10800.0,10800.0,1200.0,10800.0,2.2737367544323206e-13
2025-02-13,97883.26997707413,97883.26997707413,62947.245849171944,62947.245849171944,0.0,21749.612496837362,1503.4440166666668,17372.286562649726,14071.552115746286,10800.0,10800.0,1227.9560518599253,10800.0,2.2737367544323206e-13
2025-02-14,90537.19489116949,90537.19489116949,57210.45382967009,57210.45382967009,0.0,46825.8416170875,12498.177185634278,7428.285640952908,6016.911369171854,10800.0,10800.0,4783.8755925925925,10800.0,2.2737367544323206e-13
2025-02-15,91226.58796988234,91226.58796988234,57616.92197082714,57616.92197082714,0.0,47322.95409588715,13198.642233479992,7499.476529027328,6074.575988512135,10800.0,10800.0,4690.990388888889,10800.0,2.2737367544323206e-13
2025-02-16,95263.09388899918,95263.09388899918,61857.75845388403,61857.75845388403,140.8440990977989,15886.058907633047,518.5538666666661,19062.87428314358,15440.928169346302,10800.0,10800.0,1200.0,10800.0,2.984279490192421e-13
2025-02-17,95369.0196497846,95369.0196497846,61862.04814611794,61862.04814611794,131.05900911112505,19636.502854257822,1455.2498222076697,17289.788835399813,14065.32601963624,10800.0,10732.669930041782,1200.0,10800.0,2.5579538487363607e-13
2025-02-18,95484.63253147881,95484.63253147881,61287.554308510276,61287.554308510276,33.499738742859904,18943.487851618607,974.4408166666659,18148.51976652985,14639.70394792678,10732.669930041782,10800.0,1200.0,10800.0,2.2737367544323206e-13
2025-02-19,94736.13223444222,94736.13223444222,61378.464317050115,61378.464317050115,151.23736413936535,17229.4853295391,1347.0748145208627,18801.983713991274,15370.501642802967,10800.0,10643.450183922185,1200.0,10800.0,2.2737367544323206e-13
2025-02-20,95751.97257965265,95751.97257965265,61311.37467402501,61311.37467402501,0.0,19824.756520272702,1408.4893166666657,17814.200920578565,14288.607911198606,10643.450183922185,10800.0,1278.052287063301,10800.0,2.8421709430404007e-13
2025-02-21,90134.14298342331,90134.14298342331,56859.22178628329,56859.22178628329,0.0,47442.372430815056,15787.08679514841,7075.903811192208,5731.482087065688,10800.0,10800.0,4907.910185185186,10800.0,2.2737367544323206e-13
2025-02-22,88998.23370335957,88998.23370335957,55944.32496007191,55944.32496007191,0.0,46134.96149605814,13604.669984975431,7441.259678908797,6027.420339916126,10800.0,10800.0,4721.059407407408,10800.0,3.410605131648481e-13
2025-02-23,92478.29706181427,92478.29706181427,59788.347949088275,59788.347949088275,144.98636073111777,17029.532575728546,696.9691499999999,18138.907940078498,14773.97992659498,10800.0,10709.48389429845,1200.0,10800.0,3.694822225952521e-13
2025-02-24,93343.62616400089,93343.62616400089,60016.301630951464,60016.301630951464,111.7333607233613,19437.26362678619,2536.7609000000007,17141.380320794153,13863.078939522748,10709.48389429845,10733.305139099024,1200.0,10800.0,2.2737367544323206e-13
2025-02-25,93291.36693976822,93291.36693976822,59944.442970723496,59944.442970723496,96.29671958890242,20930.251968498254,3590.5249,16095.583982437005,13050.020424911465,10733.305139099024,10719.308028946249,1200.0,10800.0,3.410605131648481e-13
2025-02-26,91543.79471293083,91543.79471293083,58166.80043751509,58166.80043751509,0.0,17507.531079941313,1912.7355700277478,17031.880293052982,13723.20026342454,10719.308028946249,10800.0,1236.215116792801,10800.0,3.410605131648481e-13
2025-02-27,93339.1010473115,93339.1010473115,59875.155815006205,59875.155815006205,61.401963766646375,20191.612843022587,2849.539604093652,17909.296652431192,14506.530288469268,10800.0,10800.0,1200.0,10800.0,2.2737367544323206e-13
2025-02-28,87915.83743209588,87915.83743209588,55151.7757273625,55151.7757273625,0.0,46104.2697328431,17148.47712282637,7213.142244349531,5842.645217923121,10800.0,10800.0,4743.8938333333335,10800.0,2.2737367544323206e-13
2025-03-01,86760.50046728033,86760.50046728033,54241.45982748406,54241.45982748406,0.0,46149.18154287229,15549.164337076516,7386.256073674665,5982.86741967648,10800.0,10800.0,4708.726500000001,10800.0,2.2737367544323206e-13
2025-03-02,89254.40568429789,89254.40568429789,58372.834886152756,58372.834886152756,316.2850602091485,13570.780177808734,67.77113333333307,19175.963516450975,15602.13114975266,10800.0,10722.66588730292,1200.0,10800.0,3.410605131648481e-13
2025-03-03,81020.63388896422,81020.63388896422,51361.69662383018,51361.69662383018,227.5365172626457,4603.084014085919,439.19549999999947,22217.928198740112,18029.183939932504,10722.66588730292,10686.37466624402,1200.0,10800.0,1.5276668818842154e-13
2025-03-04,79707.18303534112,79707.18303534112,49739.61750834278,49739.61750834278,83.3647837937533,5680.846626749359,964.0056500000002,20869.815618665783,16923.578009613608,10686.37466624402,10665.233156805883,1200.0,10800.0,2.2737367544323206e-13
2025-03-05,82363.29042372858,82363.29042372858,51813.22694948665,51813.22694948665,92.74904626000337,11461.24140729129,1223.187266666666,18747.26957713835,15106.130797774382,10665.233156805883,10753.186000925529,1200.0,10800.0,2.2737367544323206e-13
2025-03-06,83483.86952382592,83483.86952382592,52071.112476937225,52071.112476937225,0.0,12210.115024178402,1874.8241499999995,18140.02849920876,14681.752282894566,10753.186000925529,10766.153558108346,1213.6537464320327,10800.0,2.2737367544323206e-13
2025-03-07,75658.32886385554,75658.32886385554,46046.25053047591,46046.25053047591,0.0,35806.84140624995,17219.938466666666,8835.798210016406,7126.534752410806,10766.153558108346,10800.0,4893.994666666669,10800.0,2.2737367544323206e-13
2025-03-08,72286.44786752698,72286.44786752698,43669.173478116616,43669.173478116616,0.0,32090.50857425749,19330.13523307244,9487.70812384411,7685.04358031373,10800.0,10800.0,4824.661814814814,10800.0,2.2737367544323206e-13
2025-03-09,77783.12125506467,77783.12125506467,48961.63526413475,48961.63526413475,178.4386484027984,8394.606840290216,2625.782057539027,19323.249180503386,15715.603224865145,10800.0,10729.142901491772,1200.0,10800.0,2.2737367544323206e-13
2025-03-10,78419.33657455159,78419.33657455159,49263.66336879393,49263.66336879393,147.3623957647439,6337.205692961012,439.6050999999994,19990.073816528107,16242.257089172783,10729.142901491772,10673.25701506398,1200.0,10800.0,1.1368683772161603e-13
2025-03-11,78887.49234565208,78887.49234565208,48660.52300558272,48660.52300558272,0.0,9077.042907380785,2259.88555,18408.296851730942,14796.651763459646,10673.25701506398,10800.0,1209.7452887487946,10800.0,2.2737367544323206e-13
2025-03-12,77715.99898501448,77715.99898501448,48165.46462512274,48165.46462512274,58.24046418379726,9215.257306830763,2622.849946450586,18866.80015144332,15366.202638859708,10800.0,10706.561648677083,1200.0,10800.0,2.2737367544323206e-13
2025-03-13,78669.28098195823,78669.28098195823,49802.2035480766,49802.2035480766,185.36603348406913,7079.5635916894225,342.49593333333314,20091.326096213947,16204.35662246105,10706.561648677083,10783.914443646247,1200.0,10800.0,1.1368683772161603e-13
2025-03-14,71015.74157614924,71015.74157614924,42784.42269565794,42784.42269565794,0.0,31933.40335735822,21260.469944023058,9357.712056401275,7565.269764966653,10783.914443646247,10800.0,4775.532722222222,10800.0,3.410605131648481e-13
2025-03-15,69273.74611929507,69273.74611929507,41559.955714689255,41559.955714689255,0.0,30040.767689668097,16505.264611385395,9492.5719381136,7688.983269872018,10800.0,10800.0,4736.50687037037,10800.0,1.1368683772161603e-13
2025-03-16,75461.30877192301,75461.30877192301,46108.48251940886,46108.48251940886,0.0,7487.9087002916,957.5710833333335,19608.06290788912,15943.280852924376,10800.0,10732.500113850903,1274.3377709732624,10800.0,3.410605131648481e-13
2025-03-17,75649.31561620464,75649.31561620464,46716.02196569686,46716.02196569686,78.88149957698079,10600.852276796999,3810.9717833333334,17881.535393598744,14423.293771280798,10732.500113850903,10800.0,1200.0,10800.0,3.410605131648481e-13
2025-03-18,74730.04165228947,74730.04165228947,45678.96870109285,45678.96870109285,0.0,7612.607624685581,2162.305866666666,20232.052673587496,16402.88287931693,10800.0,10783.421984765495,1243.5881619070628,10800.0,2.2737367544323206e-13
2025-03-19,75126.52262363854,75126.52262363854,45905.404532299755,45905.404532299755,0.0,8749.108357074461,3071.2808515631123,20135.488164683688,16294.825199682735,10783.421984765495,10800.0,1324.8841617419403,10800.0,2.2737367544323206e-13
2025-03-20,75035.09329997716,75035.09329997716,46605.57606917567,46605.57606917567,105.70281360149318,7315.593542933548,1891.0016666666663,19725.024750404456,15999.785663092676,10800.0,10774.982649705486,1200.0,10800.0,2.2737367544323206e-13
2025-03-21,66201.75923069441,66201.75923069441,39610.945586137444,39610.945586137444,0.0,28610.26697128322,23666.048348635108,9839.283046549253,7947.303652439835,10774.982649705486,10800.0,4566.5261851851865,10800.0,2.2737367544323206e-13
2025-03-22,66963.79028004687,66963.79028004687,39984.28505236792,39984.28505236792,0.0,29432.303090746496,19865.516284225676,9393.532482849369,7608.7613111079845,10800.0,10800.0,4844.1797962962955,10800.0,3.410605131648481e-13
2025-03-23,70111.57302681764,70111.57302681764,43564.24072968921,43564.24072968921,148.58201394781366,5142.299937184658,2681.561040705922,19728.82603401138,16062.252087803174,10800.0,10708.996666384497,1200.0,10800.0,2.2737367544323206e-13
2025-03-24,69653.051724311,69653.051724311,42300.68344273098,42300.68344273098,0.0,4879.955998312742,2995.4027979819307,19844.698987136024,16065.503142453035,10708.996666384497,10718.66670763688,1289.5915935419405,10800.0,2.2737367544323206e-13
2025-03-25,69709.94964414554,69709.94964414554,42893.62867830043,42893.62867830043,137.97542451292577,2960.1953607221794,1976.5532166666667,21021.455845214434,17060.404070611483,10718.66670763688,10681.972445428226,1200.0,10800.0,2.8421709430404007e-13
2025-03-26,71061.50827551834,71061.50827551834,43452.06309616226,43452.06309616226,34.54319655675465,8198.938645277012,3690.4437666666668,19032.825949785823,15418.71175632107,10681.972445428226,10679.613848767609,1200.0,10800.0,3.410605131648481e-13
2025-03-27,70285.97252597575,70285.97252597575,42838.72770220126,42838.72770220126,72.00277674136899,5894.867718725376,1992.997433333333,19650.938291106086,15897.817540447671,10679.613848767609,10701.21659915457,1200.0,10800.0,2.2737367544323206e-13
2025-03-28,63510.77268118161,63510.77268118161,37917.09932734028,37917.09932734028,0.0,27180.127987592048,23564.787458633924,9763.533723832072,7819.557255543091,10701.21659915457,10800.0,4769.254055555555,10800.0,1.1368683772161603e-13
2025-03-29,62397.620745682085,62397.620745682085,36977.36437438596,36977.36437438596,0.0,26226.623035444856,26589.89526464475,9862.596117153364,7988.702854894224,10800.0,10800.0,4725.892037037037,10800.0,2.2737367544323206e-13
2025-03-30,65882.46354616706,65882.46354616706,39875.26866799497,39875.26866799497,22.00461120145758,3809.0421833164037,2962.3317133479554,20373.806324091678,16586.331763387516,10800.0,10707.168176807489,1200.0,10800.0,2.2737367544323206e-13
2025-03-31,65825.08038282894,65825.08038282894,39435.30953487743,39435.30953487743,0.0,3150.6972685289174,1889.6265166666667,19735.886702246185,15902.519587946157,10707.168176807489,10800.0,1242.3520831934616,10800.0,2.2737367544323206e-13
2025-04-01,65600.92403352112,65600.92403352112,40284.92147212987,40284.92147212987,155.11107514272936,789.424107149961,977.0150803614126,20205.906248557527,16425.161844071714,10800.0,10735.135796955425,1200.0,10800.0,2.2737367544323206e-13
2025-04-02,64250.54473520712,64250.54473520712,44630.41603861491,44630.41603861491,1188.855843763892,950.3277724047678,0.0,21416.819250493165,17363.081843926917,10735.135796955425,10717.959962480476,1200.0,10800.0,1.1368683772161603e-13
2025-04-03,67101.28525842444,67101.28525842444,40727.54413849037,40727.54413849037,51.61834150605839,4899.494841464294,2554.859666666667,20578.163539593166,16743.1447144603,10717.959962480476,10634.813020936217,1200.0,10800.0,3.410605131648481e-13
2025-04-04,59809.31861732586,59809.31861732586,35312.99656090675,35312.99656090675,0.0,25429.86712144222,25902.520671259856,9986.633123507283,7940.504548883495,10634.813020936217,10800.0,4756.788500000001,10800.0,2.2737367544323206e-13
2025-04-05,58487.42524634486,58487.42524634486,34549.047141731804,34549.047141731804,0.0,23641.82462309659,20996.81075864344,9498.288848797316,7693.613967525823,10800.0,10800.0,4733.481870370372,10800.0,2.2737367544323206e-13
2025-04-06,63103.085600711165,63103.085600711165,38439.99454530934,38439.99454530934,147.22126811995136,2202.320758010708,2719.5476499999995,20935.561355722042,17017.199161568293,10800.0,10734.00615174062,1200.0,10800.0,1.2789769243681803e-13
2025-04-07,60978.85280335718,60978.85280335718,36580.05317168859,36580.05317168859,0.0,1983.484511454588,1887.9406833333335,20133.441126010417,16268.732800774487,10734.00615174062,10777.733386511683,1334.3201398365115,10800.0,1.1368683772161603e-13
2025-04-08,60447.28499632759,60447.28499632759,37767.23375597078,37767.23375597078,262.399817691125,1211.7728771814006,1244.4559000000002,21279.67485631872,17379.412436148068,10777.733386511683,10618.98249481179,1200.0,10800.0,2.2737367544323206e-13
2025-04-09,60753.99547361194,60753.99547361194,51149.47441055706,51149.47441055706,2167.181426520073,33.368257968049534,0.0,19535.674618751174,15782.17699325389,10618.98249481179,10665.337436961303,1200.0,10665.337436961303,1.1368683772161603e-13
2025-04-10,60924.5875008998,60924.5875008998,36705.433981982176,36705.433981982176,50.97863688247864,1628.0159330426632,664.9291513138006,21852.994562157444,17631.011408731636,10665.337436961303,10743.019866534523,1200.0,10800.0,2.2737367544323206e-13
2025-04-11,55146.96758600509,55146.96758600509,32885.5104708398,32885.5104708398,0.0,21292.56457628467,26579.056590887438,10039.021747617902,8080.325495451578,10743.019866534523,10800.0,4671.040777777779,10800.0,1.1368683772161603e-13
2025-04-12,53670.328177053634,53670.328177053634,32070.2309564085,32070.2309564085,0.0,19991.040061595282,22882.107043036805,9326.42380221873,7554.403279797177,10800.0,10800.0,4773.483092592594,10800.0,1.1368683772161603e-13
2025-04-13,57930.654563885575,57930.654563885575,36875.038090874645,36875.038090874645,317.6555493460196,109.59861283315342,0.0,20551.750414676775,16689.39739761166,10800.0,10752.800486973914,1200.0,10800.0,1.1368683772161603e-13
2025-04-14,57190.25920152787,57190.25920152787,35177.038856077495,35177.038856077495,127.191433670953,755.2366807310614,0.0,21401.52907665038,17367.34692218261,10752.800486973914,10717.124520200798,1200.0,10800.0,1.4921397450962104e-13
2025-04-15,58054.4284087674,58054.4284087674,35475.09440805299,35475.09440805299,101.01007415677154,2027.3271443536576,2225.3865333333333,19535.97055123195,15772.6745793281,10717.124520200798,10774.304039278324,1200.0,10800.0,1.1368683772161603e-13
2025-04-16,57454.495183050356,57454.495183050356,47019.270030834,47019.270030834,1841.3815765252618,25.678567962722695,0.0,18973.50341555636,15482.897173943455,10774.304039278324,10647.23803111965,1200.0,10774.304039278324,1.1368683772161603e-13
2025-04-17,58030.503037342096,58030.503037342096,35253.172301374434,35253.172301374434,54.65493520709114,1031.8439364149992,172.9386552630033,20392.353994099343,16380.320963228152,10647.23803111965,10800.0,1200.0,10800.0,2.2737367544323206e-13
2025-04-18,52331.429557381816,52331.429557381816,31396.676638246892,31396.676638246892,0.0,19278.579461854177,24891.1837795584,9513.416487557433,7705.867354921524,10800.0,10800.0,4797.6550000000025,10800.0,1.7053025658242404e-13
2025-04-19,52322.629859481785,52322.629859481785,31274.548515590184,31274.548515590184,0.0,19340.404843671822,24425.57656131687,9326.153707858422,7554.184503365322,10800.0,10800.0,4783.945259259261,10800.0,1.7053025658242404e-13
2025-04-20,56877.0859475756,56877.0859475756,34760.01894787776,34760.01894787776,142.14908057483598,1015.2746522610064,0.0,21295.871013453158,17249.655520897068,10800.0,10800.0,1200.0,10800.0,2.2737367544323206e-13
2025-04-21,55274.61588993648,55274.61588993648,33411.66839970574,33411.66839970574,31.04415807252908,1532.6216330461796,1562.611737676213,20228.97448505893,16535.45819110565,10800.0,10633.345713102315,1200.0,10800.0,2.2737367544323206e-13
2025-04-22,56574.704476921725,56574.704476921725,33891.94269227236,33891.94269227236,0.0,438.4601354100188,0.0,20759.611018876796,16776.295994031752,10633.345713102315,10676.666747833935,1219.5595615263323,10800.0,2.5579538487363607e-13
2025-04-23,55717.472697429585,55717.472697429585,33466.41113307583,33466.41113307583,0.0,312.3462641409278,0.0,20495.840998276508,16490.63128165452,10676.666747833935,10800.0,1263.720928627976,10800.0,1.1368683772161603e-13
2025-04-24,55717.89157862673,55717.89157862673,33559.65344043964,33559.65344043964,2.6412911211300525,1861.155086685879,3021.8632243969805,19740.41042881715,15993.002570152148,10800.0,10796.36653021083,1200.0,10800.0,2.2737367544323206e-13
2025-04-25,50308.43029454701,50308.43029454701,30196.63941718638,30196.63941718638,0.0,18204.58554457012,28082.628481415166,10618.886819744595,8598.028201182866,10796.36653021083,10800.0,4625.3613703703695,10800.0,1.1368683772161603e-13
2025-04-26,50048.75412823072,50048.75412823072,29901.40694533926,29901.40694533926,0.0,17084.818089308388,30957.324708964363,10191.672087498115,8255.25439087347,10800.0,10800.0,4695.254685185186,10800.0,1.1368683772161603e-13
2025-04-27,53376.815698127466,53376.815698127466,33105.77034483889,33105.77034483889,130.25066349716963,141.20000400068898,864.0272267417283,21223.3064037532,17294.938456204305,10800.0,10684.377478706434,1200.0,10800.0,1.1368683772161603e-13
2025-04-28,53365.7036621955,53365.7036621955,73705.809721396,73705.809721396,6242.259656647098,98.30819405328145,0.0,15032.415190877628,12144.72738275498,10684.377478706434,10719.409614101878,1200.0,10719.409614101878,1.1368683772161603e-13
2025-04-29,53009.84298192983,53009.84298192983,37588.31265132387,37588.31265132387,816.6004808800992,176.49363203838573,2451.193989480893,19436.898827977362,15671.356703353364,10719.409614101878,10800.0,1200.0,10800.0,1.1368683772161603e-13
2025-04-30,52494.24615111597,52494.24615111597,32026.226578167094,32026.226578167094,60.5983777950104,590.966707638046,0.0,20102.810195146907,16395.786807207303,10800.0,10674.988278735222,1200.0,10800.0,2.7711166694643907e-13
2025-05-01,53037.49293455347,53037.49293455347,46070.91556598128,46070.91556598128,2190.0240935898314,111.89287876014578,649.6467450936019,20727.246229512777,17272.64762522322,10674.988278735222,10137.679190604253,1200.0,10800.0,8.526512829121202e-14
2025-05-02,49206.541559173726,49206.541559173726,29429.457325525033,29429.457325525033,0.0,13297.143280196195,18527.962764227497,13131.719489265965,10040.604057849261,10137.679190604253,10800.0,3976.912148148147,10800.0,1.1368683772161603e-13
2025-05-03,48016.42743701975,48016.42743701975,28774.272928241946,28774.272928241946,0.0,14097.145440619226,22602.69067488907,12891.682481639229,10442.262810127777,10800.0,10800.0,3724.5359444444457,10800.0,1.1368683772161603e-13
2025-05-04,51583.3645142053,51583.3645142053,51694.91610052325,51694.91610052325,3175.020567492368,0.0,0.0,18535.679944518924,15511.962196154589,10800.0,10246.598398784165,1200.0,10800.0,0.0
2025-05-05,51523.96646935426,51523.96646935426,73887.5606978425,73887.5606978425,6996.344165788928,0.0,0.0,17905.813594405434,14461.50975926225,10246.598398784165,10293.486456791006,1200.0,10293.486456791006,0.0
2025-05-06,51682.76541477235,51682.76541477235,59767.86823948561,59767.86823948561,4790.242366012595,0.0,0.0,19852.05068527513,16249.125271156843,10293.486456791006,10105.748438919918,1200.0,10296.324461464985,1.1368683772161603e-13
2025-05-07,52268.80407794236,52268.80407794236,72609.91148073395,72609.91148073395,6443.894964440898,7.390089651054041,0.0,18343.5181920206,14706.055189288385,10105.748438919918,10274.853490306921,1200.0,10274.853490306921,1.1368683772161603e-13
2025-05-08,52433.99841708436,52433.99841708436,75480.37171259307,75480.37171259307,6715.5777681092895,98.09704853401979,0.0,16387.93203038405,13162.965293724417,10274.853490306921,10398.475324625442,1200.0,10398.475324625442,1.1368683772161603e-13
2025-05-09,48811.972149531095,48811.972149531095,29350.118571059284,29350.118571059284,0.0,14806.355455680337,22648.74037018355,13137.464557000536,10279.974083333333,10398.475324625442,10800.0,3854.8568518518523,10800.0,1.1368683772161603e-13
2025-05-10,47633.34397246859,47633.34397246859,28639.674033463416,28639.674033463416,0.0,14339.27403003307,18703.603013082873,12996.95603168059,10527.534385661274,10800.0,10800.0,3910.9419259259253,10800.0,1.1368683772161603e-13
2025-05-11,51364.747924733245,51364.747924733245,75572.10322403177,75572.10322403177,6772.4969970682205,27.799122561063403,0.0,16127.34086961187,13501.9741537048,10800.0,10312.413278534237,1200.0,10800.0,1.1368683772161603e-13
2025-05-12,52004.52936295705,52004.52936295705,55524.91760878642,55524.91760878642,3583.0191633326917,5.498508918933226,0.0,17909.806647160265,14258.951863122791,10312.413278534237,10587.959413064262,1200.0,10587.959413064262,1.1368683772161603e-13
2025-05-13,50959.60775447154,50959.60775447154,66479.70908209358,66479.70908209358,5563.10778251887,28.53536797375523,0.0,17717.279326577882,14352.311924227886,10587.959413064262,10586.497557842258,1200.0,10628.34345441573,1.1368683772161603e-13
2025-05-14,52095.59602884531,52095.59602884531,58769.56871932151,58769.56871932151,4109.213064033094,18.298690082423946,0.0,17673.29829473435,14500.936675271698,10586.497557842258,10380.31416169018,1200.0,10694.100453216424,1.1368683772161603e-13
2025-05-15,51987.71245564377,51987.71245564377,61577.274462491965,61577.274462491965,4623.847200100656,196.20108765595103,0.0,18717.884918327487,15067.58463357234,10380.31416169018,10484.649884215645,1200.0,10484.649884215645,1.1368683772161603e-13
2025-05-16,48318.905809535296,48318.905809535296,29225.575647573925,29225.575647573925,0.0,15229.239012626476,27716.86496298214,12492.001033618075,9834.705733024723,10484.649884215645,10800.0,4124.841389231791,10800.0,1.1368683772161603e-13
2025-05-17,48187.56551445678,48187.56551445678,29298.415572039405,29298.415572039405,0.0,14831.504133925817,20472.98815778472,12811.969154804807,10377.695015391895,10800.0,10800.0,3916.8523979053452,10800.0,5.684341886080802e-14
2025-05-18,51925.320083536775,51925.320083536775,62947.86147764193,62947.86147764193,4884.123991496019,83.9112745037786,0.0,17317.122404606638,14267.757704077621,10800.0,10532.346048504178,1200.0,10800.0,1.1368683772161603e-13
2025-05-19,51764.782709606996,51764.782709606996,36634.561636748025,36634.561636748025,805.4842590748488,134.6024276908604,922.5201438673932,21052.465639156773,17054.537792033174,10532.346048504178,10530.078688152858,1200.0,10800.0,2.2737367544323206e-13
2025-05-20,52212.81839864742,52212.81839864742,69285.5722464683,69285.5722464683,5584.443999304092,55.00971571850778,0.0,16333.863583856435,13119.005718290106,10530.078688152858,10653.882893301306,1200.0,10653.882893301306,1.1368683772161603e-13
2025-05-21,53770.62122024472,53770.62122024472,42038.861021172466,42038.861021172466,1371.7371368100546,85.2344494252153,95.5402412636486,19368.548982545646,15769.580599513061,10653.882893301306,10563.820755911209,1200.0,10800.0,1.1368683772161603e-13
2025-05-22,54174.21556172533,54174.21556172533,40631.05739651932,40631.05739651932,1075.770617158212,512.4177885615,0.0,19517.769757765665,15596.832184110275,10563.820755911209,10800.0,1200.0,10800.0,1.1368683772161603e-13
2025-05-23,49094.81282847712,49094.81282847712,29932.27687758027,29932.27687758027,0.0,16536.82268144333,23881.792225962607,11869.731777567635,9614.482739829788,10800.0,10800.0,4401.718583425233,10800.0,1.1368683772161603e-13
2025-05-24,48344.45527537261,48344.45527537261,29398.307531632236,29398.307531632236,0.0,16103.645620324765,26113.636653963702,12487.745356583227,10115.073738832416,10800.0,10800.0,4214.245259211626,10800.0,1.1368683772161603e-13
2025-05-25,51433.18022816673,51433.18022816673,39478.89398277618,39478.89398277618,1189.3310159512816,174.90466167965133,0.0,20896.599379957952,16994.002980852914,10800.0,10724.713907681147,1200.0,10800.0,1.1368683772161603e-13
2025-05-26,52586.32701391821,52586.32701391821,67600.34284802093,67600.34284802093,5326.757704682492,236.7002098685785,0.0,16336.379079027129,13239.827520294997,10724.713907681147,10716.53561181112,1200.0,10800.0,1.1368683772161603e-13
2025-05-27,53892.921932211306,53892.921932211306,34045.03462139114,34045.03462139114,161.25556908252406,495.73440447851107,394.0795845563674,19881.811890145887,16107.815677886927,10716.53561181112,10712.593337512504,1200.0,10800.0,1.1368683772161603e-13
2025-05-28,53638.80211253314,53638.80211253314,48824.23287730854,48824.23287730854,2346.8230405698428,115.88045919289539,0.0,18643.776502773828,15047.855908863732,10712.593337512504,10772.152291271466,1200.0,10772.152291271466,1.1368683772161603e-13
2025-05-29,53875.9473609205,53875.9473609205,60895.81156058077,60895.81156058077,4152.5793439028785,564.4786079933749,0.0,17520.324520917482,14166.399924087475,10772.152291271466,10800.0,1200.0,10800.0,2.2737367544323206e-13
2025-05-30,50067.7274724269,50067.7274724269,30593.704333677673,30593.704333677673,0.0,17133.331274505592,24147.08924031684,11531.966794409514,9340.89310347171,10800.0,10800.0,4504.074,10800.0,1.1368683772161603e-13
2025-05-31,48764.218092215306,48764.218092215306,29870.5195070482,29870.5195070482,0.0,16794.11933590578,21133.86843614492,12879.204053497942,10432.155283333334,10800.0,10800.0,4387.2586481481485,10800.0,1.1368683772161603e-13
2025-06-01,52379.78479491298,52379.78479491298,144618.24588333926,144618.24588333926,19826.657804532,0.0,0.0,10093.421236114738,9111.804936669763,10800.0,9759.851405092417,1200.0,10800.0,1.1368683772161603e-13
2025-06-02,55248.79903289599,55248.79903289599,130499.73632427974,130499.73632427974,15962.28018206065,0.0,0.0,13495.38389824746,10925.112133290813,9759.851405092417,9766.683432080887,1200.0,9766.683432080887,0.0
2025-06-03,55123.85286538031,55123.85286538031,129543.89709386895,129543.89709386895,15515.81825672967,0.0,0.0,12715.60823151203,10268.303942735378,9766.683432080887,9801.504237402405,1200.0,9801.504237402405,0.0
2025-06-04,56115.12833574367,56115.12833574367,127668.08453540853,127668.08453540853,15637.277363456651,0.0,0.0,11042.452497227183,8935.307614693527,9801.504237402405,9811.591913025173,1200.0,9811.591913025173,0.0
2025-06-05,57976.77421415535,57976.77421415535,129642.44951507777,129642.44951507777,15766.691056016858,14.036815905400772,0.0,12943.129558547615,10363.019120947463,9811.591913025173,9945.942825776401,1200.0,9945.942825776401,1.1368683772161603e-13
2025-06-06,52521.56501711287,52521.56501711287,32002.69162232635,32002.69162232635,0.0,8792.089419381775,9534.556232170202,13533.013203998245,10193.08923843734,9945.942825776401,10800.0,3324.5614373842386,10800.0,1.1368683772161603e-13
2025-06-07,51620.56703469208,51620.56703469208,31574.90833366884,31574.90833366884,0.0,10916.843594333572,7044.992537507708,13327.461769390182,10795.244033206049,10800.0,10800.0,3234.6700532804057,10800.0,1.1368683772161603e-13
2025-06-08,56413.23876384206,56413.23876384206,104156.51905320131,104156.51905320131,10553.007185821392,0.0,0.0,13423.898302459771,11642.57561946298,10800.0,9945.313339477148,1200.0,10800.0,1.1368683772161603e-13
2025-06-09,58060.1403760794,58060.1403760794,127715.51626554679,127715.51626554679,15432.740145803728,0.0,0.0,12858.53884487776,10298.371056327966,9945.313339477148,10075.363792836059,1200.0,10075.363792836059,1.1368683772161603e-13
2025-06-10,59320.80872092013,59320.80872092013,123929.06645224246,123929.06645224246,14757.958269610535,0.0,0.0,12997.597899159011,10537.275141961667,10075.363792836059,10065.118411010651,1200.0,10075.363792836059,1.1368683772161603e-13
2025-06-11,60192.75515424202,60192.75515424202,142392.09378450402,142392.09378450402,18556.822938581216,5.796975276724993,0.0,13437.304940732298,10777.970139852443,10065.118411010651,10183.170480055891,1200.0,10183.170480055891,1.1368683772161603e-13
2025-06-12,59932.79210225059,59932.79210225059,126042.08258049948,126042.08258049948,15326.481720163198,101.03634967804908,0.0,13445.045816722177,10739.199777319765,10183.170480055891,10351.267518083889,1200.0,10351.267518083889,1.1368683772161603e-13
2025-06-13,57842.92317499727,57842.92317499727,34900.478682300556,34900.478682300556,0.0,15812.555211072093,11176.694447522947,11076.318856198568,8567.959039796337,10351.267518083889,10800.0,3580.892573566747,10800.0,1.1368683772161603e-13
2025-06-14,57270.707928917735,57270.707928917735,34736.92840261172,34736.92840261172,0.0,15317.525635152739,13835.734841328744,10126.866854927706,8202.76215249144,10800.0,10800.0,3614.312673369196,10800.0,1.1368683772161603e-13
2025-06-15,58861.633964346285,58861.633964346285,117124.33029359975,117124.33029359975,13497.708264138506,0.0,0.0,11786.569042091385,10054.20114693992,10800.0,10236.577530171226,1200.0,10800.0,0.0
2025-06-16,60973.822943171355,60973.822943171355,124436.99320696633,124436.99320696633,14736.315984146819,47.93309619241154,0.0,14077.824000533976,11109.670986074874,10236.577530171226,10562.540257235281,1200.0,10562.540257235281,0.0
2025-06-17,75834.2936766984,75834.2936766984,69443.01881158233,69443.01881158233,3340.4106970411326,284.6328998820371,0.0,21750.937875221578,17497.877618030725,10562.540257235281,10696.298102678327,1200.0,10800.0,2.2737367544323206e-13
2025-06-18,78418.08471029285,78418.08471029285,48586.27108091856,48586.27108091856,0.0,3367.43994833336,0.0,21204.853444052653,17082.59958209315,10696.298102678327,10800.0,1642.2529851902873,10800.0,2.5579538487363607e-13
2025-06-19,78470.25161097563,78470.25161097563,49230.79607462359,49230.79607462359,80.8101967028681,5488.403904963946,715.0238166666668,21516.47308446255,17428.343198414666,10800.0,10800.0,1564.9118342085887,10800.0,2.2737367544323206e-13
2025-06-20,71122.42953674743,71122.42953674743,43549.330518925315,43549.330518925315,0.0,30592.17797508469,16503.092117489712,8560.939969331743,6934.361375158712,10800.0,10800.0,4416.349286860689,10800.0,2.2737367544323206e-13
2025-06-21,72783.61724788015,72783.61724788015,44633.55458622218,44633.55458622218,0.0,32545.606811980015,19251.978580864197,8691.007658083821,7039.716203047898,10800.0,10800.0,4514.6698299467835,10800.0,2.2737367544323206e-13
2025-06-22,77840.9992564858,77840.9992564858,48218.008005765354,48218.008005765354,0.0,6052.467656570513,458.8342666666665,20380.822280255954,16508.46604700733,10800.0,10800.0,1647.6279389002375,10800.0,2.2737367544323206e-13
2025-06-23,77801.30459939833,77801.30459939833,48190.608147268154,48190.608147268154,0.0,6234.558937363489,451.87666666666667,21334.64734404304,17281.064348674867,10800.0,10800.0,1663.4262048720736,10800.0,2.2737367544323206e-13
2025-06-24,77371.8666706876,77371.8666706876,68677.53175565442,68677.53175565442,3725.5984954308788,652.943317353979,0.0,22076.86073103208,17901.131132267576,10800.0,10779.02895540934,1200.0,10800.0,1.1368683772161603e-13
2025-06-25,78537.65821885335,78537.65821885335,48710.13151510301,48710.13151510301,0.0,3816.3713746239537,0.0,22447.323881216485,18163.458403653756,10779.02895540934,10800.0,1240.9093977936518,10800.0,2.2737367544323206e-13
2025-06-26,76318.46223405673,76318.46223405673,49287.71305137385,49287.71305137385,411.9386814547512,5017.00558043982,0.0,21926.376324938596,17760.36482320026,10800.0,10800.0,1200.0,10800.0,2.2737367544323206e-13
2025-06-27,75721.69361747435,75721.69361747435,46624.94550815501,46624.94550815501,0.0,35902.31074421294,18436.537502398554,8479.997390506343,6868.79788631014,10800.0,10800.0,4672.261417092339,10800.0,3.410605131648481e-13
2025-06-28,74787.58719665572,74787.58719665572,46087.28787116616,46087.28787116616,0.0,34691.74857035066,16758.850862962954,8210.850771975993,6650.789125300551,10800.0,10800.0,4922.860664595861,10800.0,2.2737367544323206e-13
2025-06-29,75452.78946258033,75452.78946258033,47088.96011605417,47088.96011605417,116.45645658308244,2139.096014174199,0.0,21907.270377136287,17744.889005480403,10800.0,10800.0,1200.0,10800.0,2.2737367544323206e-13
2025-06-30,76248.73736941615,76248.73736941615,50681.95702179434,50681.95702179434,683.1300801383334,2918.109494995351,0.0,21768.810374872697,17632.736403646886,10800.0,10800.0,1200.0,10800.0,1.1368683772161603e-13
2025-07-01,78544.66277092026,78544.66277092026,78130.3489918237,78130.3489918237,5242.385901778348,1654.1006946676644,0.0,21460.05239206788,18193.648447370273,10800.0,9898.882211338565,1200.0,10800.0,2.2737367544323206e-13
2025-07-02,79427.61662198046,79427.61662198046,67226.72036826645,67226.72036826645,3022.620652557447,4973.761501546675,704.2325833333325,21240.007163059385,17372.530340068144,9898.882211338565,9712.0771691274,1200.0,10800.0,3.694822225952521e-13
2025-07-03,79275.2385289242,79275.2385289242,82713.28692060758,82713.28692060758,5815.946479455993,615.1861255343192,0.0,22747.7658673974,18032.185917884864,9712.0771691274,10149.304318801878,1200.0,10274.21846288779,2.2737367544323206e-13
2025-07-04,75307.06647399407,75307.06647399407,46110.46870060622,46110.46870060622,0.0,25325.785263429985,18371.44789688162,11280.735441776304,8551.769594760503,10149.304318801878,10800.0,3268.008265080922,10800.0,2.2737367544323206e-13
2025-07-05,73405.1107716166,73405.1107716166,45259.25715392714,45259.25715392714,0.0,23904.33374130015,18763.152909053497,10250.232392612,8302.688238015722,10800.0,10800.0,3615.274198501048,10800.0,2.2737367544323206e-13
2025-07-06,79503.7473588702,79503.7473588702,81820.22277612063,81820.22277612063,5342.606457460496,1538.9080395183598,0.0,22156.344140394045,18642.879913581713,10800.0,10026.398711263853,1200.0,10800.0,2.2737367544323206e-13
2025-07-07,80920.60334150546,80920.60334150546,62297.817255634145,62297.817255634145,2052.841619688629,5070.020143076337,328.7824775221227,21732.196069421872,17567.036495492917,10026.398711263853,10066.445734306959,1200.0,10800.0,2.2737367544323206e-13
2025-07-08,81544.05935634115,81544.05935634115,75216.90991124972,75216.90991124972,4144.955684203338,4909.836324899242,826.2603755675296,22418.443028309466,18036.911704898404,10066.445734306959,10202.031454342807,1200.0,10800.0,2.5579538487363607e-13
2025-07-09,81821.4065781095,81821.4065781095,63534.589722234115,63534.589722234115,2092.3306350612047,5146.43285420077,351.54590000000013,22401.25973495939,18044.22629265612,10202.031454342807,10314.02489063279,1200.0,10800.0,2.2737367544323206e-13
2025-07-10,83000.1918658713,83000.1918658713,59103.90812684882,59103.90812684882,1113.594356161162,6225.305176719316,902.9104166666664,21754.858377700923,17622.91113238778,10314.02489063279,10312.385061243867,1200.0,10800.0,2.2737367544323206e-13
2025-07-11,78690.53450183512,78690.53450183512,48627.40273485334,48627.40273485334,0.0,29187.616463597456,14492.595241109679,10803.643169723538,8312.09752259555,10312.385061243867,10800.0,3968.9188267456852,10800.0,1.1368683772161603e-13
2025-07-12,76456.87851182997,76456.87851182997,47251.79898491075,47251.79898491075,0.0,26880.601219786404,16577.955081457396,10074.099353962325,8160.020476709477,10800.0,10800.0,3721.9850629153943,10800.0,3.410605131648481e-13
2025-07-13,84627.91479031162,84627.91479031162,58433.23576355309,58433.23576355309,781.2670779698747,9848.884835013865,2727.3878247862194,20235.605938771303,16670.417130289887,10800.0,10489.35964457208,1200.0,10800.0,2.2737367544323206e-13
2025-07-14,82538.9002539724,82538.9002539724,56962.90175609561,56962.90175609561,816.9926606143237,6735.523946453748,811.7246251028797,20505.14213045618,16504.17700409274,10489.35964457208,10606.013112990708,1200.0,10800.0,2.2737367544323206e-13
2025-07-15,85237.53142388156,85237.53142388156,56814.815106429865,56814.815106429865,484.47478288372395,8791.575697443608,259.14311666666686,20057.661677895274,16135.424868573598,10606.013112990708,10729.658769125796,1200.0,10800.0,3.410605131648481e-13
2025-07-16,85634.71456878615,85634.71456878615,56443.5757907838,56443.5757907838,356.8908143013674,8872.202759922662,1218.3980999999999,19930.99199748027,16164.550857648752,10729.658769125796,10706.939502803873,1200.0,10800.0,2.2737367544323206e-13
2025-07-17,86665.53200430941,86665.53200430941,54596.342203571134,54596.342203571134,5.826902903634391,8259.916365012741,1647.5124179686763,20840.840053097134,16797.32599553216,10706.939502803873,10800.0,1213.5609499634688,10800.0,2.2737367544323206e-13
2025-07-18,83800.80832781777,83800.80832781777,52281.63829156412,52281.63829156412,0.0,35533.23596352205,15310.42543702483,8857.362248794134,7174.46342152325,10800.0,10800.0,4552.694272381575,10800.0,2.2737367544323206e-13
2025-07-19,83609.4553896262,83609.4553896262,52118.78855652427,52118.78855652427,0.0,34391.11539647146,20404.885889430843,8582.289756441522,6951.654702717633,10800.0,10800.0,4406.207515498926,10800.0,3.410605131648481e-13
2025-07-20,85520.03994099637,85520.03994099637,53784.511283835396,53784.511283835396,7.894002371708098,8441.214518602033,1344.7138166666668,19221.19679701436,15569.169405581637,10800.0,10800.0,1603.9668785879464,10800.0,2.2737367544323206e-13
2025-07-21,85768.9727859182,85768.9727859182,53969.00410724284,53969.00410724284,9.147239740880082,7113.832479393728,813.4756333333337,20321.381910168555,16460.31934723653,10800.0,10800.0,1525.4305969010336,10800.0,2.2737367544323206e-13
2025-07-22,85523.64238098379,85523.64238098379,53881.69098943217,53881.69098943217,13.084540844293542,7496.359209152175,446.5615333333334,19992.95559303109,16194.29403035518,10800.0,10800.0,1570.9455060085606,10800.0,2.2737367544323206e-13
2025-07-23,89393.0286481895,89393.0286481895,56584.35635269229,56584.35635269229,1.4409841137616013,9687.532785598654,1777.878016666667,19539.53533353299,15827.02362016172,10800.0,10800.0,1575.5472327553723,10800.0,2.8421709430404007e-13
2025-07-24,88352.41779156918,88352.41779156918,55856.51876740022,55856.51876740022,0.0,10266.733500436767,982.7718333333336,18349.68661999523,14863.246162196145,10800.0,10800.0,1783.8392532057528,10800.0,2.2737367544323206e-13
2025-07-25,80909.08502752153,80909.08502752153,50407.052626181474,50407.052626181474,0.0,33233.65922622409,19499.513816220442,8792.591675843903,7121.999257433563,10800.0,10800.0,4564.011028777523,10800.0,3.410605131648481e-13
2025-07-26,82961.06807504356,82961.06807504356,51827.57723660342,51827.57723660342,0.0,34923.30265407628,17875.456213210993,8911.67179520851,7218.454154118892,10800.0,10800.0,4620.00199542345,10800.0,2.2737367544323206e-13
2025-07-27,88911.18774333643,88911.18774333643,56232.08285701358,56232.08285701358,0.0,10389.317095765799,842.3709166666665,21022.683846863063,17028.37391595908,10800.0,10800.0,1708.144165328577,10800.0,2.2737367544323206e-13
2025-07-28,88670.3782570932,88670.3782570932,56233.8876824249,56233.8876824249,0.0,6645.32707852763,159.08656666666684,20584.670413503023,16673.583034937445,10800.0,10800.0,2088.990104396229,10800.0,2.2737367544323206e-13
2025-07-29,89509.56676440442,89509.56676440442,56851.78806683247,56851.78806683247,13.233267669549264,9142.129838648587,608.0903499999998,19491.231018028346,15787.89712460296,10800.0,10800.0,1672.0600715327907,10800.0,2.2737367544323206e-13
2025-07-30,88150.1634672017,88150.1634672017,55796.193294862824,55796.193294862824,0.0,8670.84816978444,1631.287883333333,19709.333495178565,15964.560131094637,10800.0,10800.0,2037.4607402541014,10800.0,2.2737367544323206e-13
2025-07-31,89457.0409032686,89457.0409032686,56686.40958974164,56686.40958974164,0.0,10267.228584196659,715.6660981830141,19890.262916959313,16111.112962737046,10800.0,10800.0,1749.0109084985206,10800.0,3.694822225952521e-13
2025-08-01,84975.4936655826,84975.4936655826,53172.76928182156,53172.76928182156,0.0,37236.44368594626,24932.045693707034,8187.603259277061,6631.95864001442,10800.0,10800.0,4724.643603687682,10800.0,2.2737367544323206e-13
2025-08-02,83729.88733823644,83729.88733823644,52213.193013937285,52213.193013937285,0.0,36663.18794422217,24496.045235235644,8650.680133922646,7007.050908477345,10800.0,10800.0,4594.343786877023,10800.0,3.410605131648481e-13
2025-08-03,86527.13922736737,86527.13922736737,54841.0866071773,54841.0866071773,45.552767785307765,14427.762502513531,6010.21963877495,17343.31510805719,14048.085237526324,10800.0,10800.0,1528.2240722617862,10800.0,2.5579538487363607e-13
2025-08-04,86053.07041009405,86053.07041009405,54211.02898988814,54211.02898988814,0.0,13153.123783104189,4244.808989720285,17049.90817861181,13810.425624675569,10800.0,10800.0,2021.6799650458936,10800.0,2.2737367544323206e-13
2025-08-05,89312.14187401006,89312.14187401006,56553.66325298258,56553.66325298258,0.0,16236.122308027658,4765.977690251054,16619.642854726484,13461.910712328456,10800.0,10800.0,2177.2185005443453,10800.0,2.2737367544323206e-13
2025-08-06,86496.33249608116,86496.33249608116,54543.22580016171,54543.22580016171,0.0,11858.335236726765,3194.3063333333334,17522.587680812576,14193.29602145819,10800.0,10800.0,2273.4988572234106,10800.0,2.2737367544323206e-13
2025-08-07,89942.396798415,89942.396798415,57071.072852863574,57071.072852863574,0.0,17342.258562563016,6110.964733333332,16322.043434308649,13220.855181790004,10800.0,10800.0,2093.3464474738416,10800.0,2.5224267119483557e-13
2025-08-08,84729.42411815685,84729.42411815685,53107.978684637084,53107.978684637084,0.0,38789.47582546383,28589.02714271173,8293.420526217313,6717.670626236024,10800.0,10800.0,5307.187489367381,10800.0,3.410605131648481e-13
2025-08-09,80181.09895536918,80181.09895536918,50130.19391135277,50130.19391135277,0.0,33979.53596178436,25642.997679629625,8613.875336606248,6977.23902265106,10800.0,10800.0,5005.82247151211,10800.0,3.410605131648481e-13
2025-08-10,88741.36141391884,88741.36141391884,56182.78408575879,56182.78408575879,0.0,17156.227756416105,3210.7383833333333,16156.71696931266,13086.940745143253,10800.0,10800.0,2170.113356609205,10800.0,2.5224267119483557e-13
2025-08-11,87845.48375716378,87845.48375716378,55488.53914557115,55488.53914557115,0.0,15426.902995097544,4517.904316666667,17575.911116138013,14236.48800407179,10800.0,10800.0,1941.851990153094,10800.0,3.268496584496461e-13
2025-08-12,84623.73577798432,84623.73577798432,53519.1808572383,53519.1808572383,0.0,10611.61869766402,2964.4099920610934,17300.860201364238,14013.696763105032,10800.0,10800.0,2038.6400023958909,10800.0,3.410605131648481e-13
2025-08-13,87713.72006539439,87713.72006539439,55399.489542767966,55399.489542767966,0.0,15095.965451798178,3360.0136238683126,16509.271261725793,13372.509721997896,10800.0,10800.0,2250.492141191746,10800.0,2.2737367544323206e-13
2025-08-14,86903.76184182096,86903.76184182096,55052.19357571153,55052.19357571153,0.0,14080.60786649278,3349.689637032194,18669.333447171815,15122.160092209173,10800.0,10800.0,2258.6800679638473,10800.0,2.2737367544323206e-13
2025-08-15,79912.07964744343,79912.07964744343,50410.22388156423,50410.22388156423,0.0,33746.41900751349,27405.323252517996,8424.265810940127,6823.655306861502,10800.0,10800.0,5319.108281717396,10800.0,2.2737367544323206e-13
2025-08-16,76102.96778739538,76102.96778739538,48047.11855129563,48047.11855129563,0.0,29737.6294385632,27801.287565574363,8604.054824163955,6969.2844075728035,10800.0,10800.0,4858.627287882069,10800.0,3.410605131648481e-13
2025-08-17,83361.61483642728,83361.61483642728,52800.91909060304,52800.91909060304,0.0,12444.674709128507,4331.150774596486,18002.082821240092,14581.687085204474,10800.0,10800.0,2111.2713368622867,10800.0,2.2737367544323206e-13
2025-08-18,82075.98225273137,82075.98225273137,51939.826636604834,51939.826636604834,0.0,11148.726797820085,2942.739850000001,18896.842043392717,15306.442055148103,10800.0,10800.0,1970.1694348181445,10800.0,2.8421709430404007e-13
2025-08-19,82729.89434147601,82729.89434147601,52688.36425296035,52688.36425296035,0.0,11190.005894197806,3979.511660179158,17066.930195258214,13824.213458159154,10800.0,10800.0,2371.1905627115852,10800.0,2.2737367544323206e-13
2025-08-20,83074.52304550457,83074.52304550457,55567.698508042486,55567.698508042486,556.5256979848739,8614.684890957526,486.9813906504937,20414.165237972476,16535.47384275771,10800.0,10800.0,1200.0,10800.0,2.2737367544323206e-13
2025-08-21,80884.48869873889,80884.48869873889,51292.593978016004,51292.593978016004,0.0,9549.81470628997,2127.968829847373,17696.245680359032,14333.959001090818,10800.0,10800.0,1945.8624772962132,10800.0,2.2737367544323206e-13
2025-08-22,75684.95961228953,75684.95961228953,47930.81435513158,47930.81435513158,0.0,28379.36618468386,24411.140962489815,8757.27929008347,7093.396224967611,10800.0,10800.0,4798.361232751269,10800.0,3.410605131648481e-13
2025-08-23,75601.0489681095,75601.0489681095,47852.258385933404,47852.258385933404,0.0,28947.51250147871,22497.89871878818,8555.955778118974,6930.3241802763705,10800.0,10800.0,4918.996651544775,10800.0,1.1368683772161603e-13
2025-08-24,79259.35474936006,79259.35474936006,50303.95664143437,50303.95664143437,0.0,8055.73167843123,3861.9026486018856,18990.162836808468,15382.031897814859,10800.0,10800.0,2088.2907827200597,10800.0,2.2737367544323206e-13
2025-08-25,82249.05095368715,82249.05095368715,52396.33495816587,52396.33495816587,0.0,7137.290441851401,671.1679166666668,19302.660939486475,15635.155360984045,10800.0,10800.0,2447.9996460458597,10800.0,2.2737367544323206e-13
2025-08-26,82507.38309331861,82507.38309331861,52606.71783468481,52606.71783468481,0.0,11291.353635607044,2203.408096696795,18335.80514569183,14852.002168010386,10800.0,10800.0,2559.443922945318,10800.0,2.2737367544323206e-13
2025-08-27,84269.28196201738,84269.28196201738,53970.99049698341,53970.99049698341,0.0,10774.66611863992,1913.7378304520378,19298.574453993548,15631.845307734775,10800.0,10800.0,1935.1394891274151,10800.0,3.410605131648481e-13
2025-08-28,82085.55967001137,82085.55967001137,52268.93581485599,52268.93581485599,0.0,7513.749597685661,0.0,20021.132047328305,16217.11695833593,10800.0,10800.0,1553.3063560013702,10800.0,1.1368683772161603e-13
2025-08-29,75926.59100815307,75926.59100815307,48390.96957725383,48390.96957725383,0.0,29824.899118362355,21746.150174485596,9475.375606869056,7675.054241563934,10800.0,10800.0,5237.691916780812,10800.0,1.1368683772161603e-13
2025-08-30,77356.65027567034,77356.65027567034,49496.39474012846,49496.39474012846,0.0,30335.475404910383,27025.004271193415,7807.635611753747,6324.184845520535,10800.0,10800.0,5555.359010848378,10800.0,1.1368683772161603e-13
2025-08-31,80847.65744459411,80847.65744459411,51894.38357743957,51894.38357743957,0.0,9059.785847592644,1605.3837515976834,18609.814537212886,15073.949775142437,10800.0,10800.0,2538.8605196757976,10800.0,2.2737367544323206e-13
2025-09-01,79188.94479469047,79188.94479469047,50486.26844945741,50486.26844945741,0.0,18398.891720811465,4308.9284,15299.948108135188,12392.957967589511,10800.0,10800.0,3674.8750730104553,10800.0,2.2737367544323206e-13
2025-09-02,78699.965467917,78699.965467917,50247.13695045815,50247.13695045815,0.0,18366.1534887077,2972.625904043598,17386.474869293237,14083.044644127522,10800.0,10800.0,2387.8390691848913,10800.0,2.2737367544323206e-13
2025-09-03,78531.38824666891,78531.38824666891,50132.36371994349,50132.36371994349,0.0,16565.797122817294,3514.8242999999993,15279.20828342954,12376.158709577929,10800.0,10800.0,3661.6551359430364,10800.0,2.2737367544323206e-13
2025-09-04,78090.08350041501,78090.08350041501,49886.489154674855,49886.489154674855,0.0,16995.301285124515,3967.858690278519,16849.25250006304,13647.894525051064,10800.0,10800.0,3013.693155053396,10800.0,2.2737367544323206e-13
2025-09-05,74139.64981865135,74139.64981865135,47356.55460070152,47356.55460070152,0.0,37550.12433422676,28269.10828135054,7874.502823196777,6378.347286789391,10800.0,10800.0,6460.083529109796,10800.0,1.1368683772161603e-13
2025-09-06,73201.094383866,73201.094383866,46596.25773452051,46596.25773452051,0.0,36460.01210427757,27503.847993489984,7979.739926833871,6463.589340735433,10800.0,10800.0,6594.419068141437,10800.0,2.2737367544323206e-13
2025-09-07,75558.57512547137,75558.57512547137,48357.54145095945,48357.54145095945,0.0,15731.76606680317,1592.2358745378644,17229.418776124578,13955.82920866091,10800.0,10800.0,2647.2381675837114,10800.0,2.2737367544323206e-13
2025-09-08,75687.4966667388,75687.4966667388,48338.095690904855,48338.095690904855,0.0,12517.094805426714,516.9213997718851,17146.89962214148,13888.988693934603,10800.0,10800.0,3073.8465206583837,10800.0,2.2737367544323206e-13
2025-09-09,75241.25031796197,75241.25031796197,48164.49810500031,48164.49810500031,0.0,14814.550631228169,4127.221961100244,16824.43925772048,13627.795798753596,10800.0,10800.0,3220.716099990219,10800.0,2.2737367544323206e-13
2025-09-10,75536.14818304809,75536.14818304809,49819.26043135088,49819.26043135088,304.30958820532237,10877.517801501901,0.0,19194.427998692227,15547.486678940702,10800.0,10800.0,1200.0,10800.0,1.7053025658242404e-13
2025-09-11,75866.91515885707,75866.91515885707,48425.993711763185,48425.993711763185,0.0,15293.066909616751,3701.7989260841305,17768.229156962403,14392.265617139552,10800.0,10800.0,2135.8655633242074,10800.0,2.2737367544323206e-13
2025-09-12,69780.43149269975,69780.43149269975,44488.81967290085,44488.81967290085,0.0,32509.25495335443,24038.168445859184,8849.220492032238,7167.868598546116,10800.0,10800.0,6252.529129485466,10800.0,1.1368683772161603e-13
2025-09-13,69473.19103792802,69473.19103792802,44164.3525285918,44164.3525285918,0.0,32155.904133027223,27659.682243379237,8686.85883256965,7036.355654381416,10800.0,10800.0,6232.883453927974,10800.0,1.1368683772161603e-13
2025-09-14,71349.48820010052,71349.48820010052,47057.82711115134,47057.82711115134,334.2122946517788,7912.33959263713,0.0,19326.506063764016,15654.469911648854,10800.0,10800.0,1200.0,10800.0,1.1368683772161603e-13
2025-09-15,72124.22222971919,72124.22222971919,46178.01320314556,46178.01320314556,54.70182892155299,11318.345844924535,2074.6862333333324,19572.954458155455,15854.093111105914,10800.0,10800.0,1200.0,10800.0,2.2737367544323206e-13
2025-09-16,71252.17684361897,71252.17684361897,45329.822375778866,45329.822375778866,0.0,8033.262237635778,0.0,19616.550645525687,15889.406022875814,10800.0,10800.0,1442.2738564524973,10800.0,1.1368683772161603e-13
2025-09-17,70911.43659509662,70911.43659509662,50996.83038310162,50996.83038310162,1138.5163852737965,8403.440008928357,0.0,19402.076691800376,15715.682120358306,10800.0,10800.0,1200.0,10800.0,1.1368683772161603e-13
2025-09-18,72683.65802574021,72683.65802574021,47184.24644846638,47184.24644846638,233.67766040436916,10211.220992159679,0.0,19737.176722727603,15987.113145409363,10800.0,10800.0,1200.0,10800.0,2.2737367544323206e-13
2025-09-19,67412.84143589919,67412.84143589919,42654.577899764095,42654.577899764095,0.0,29822.177354019164,19729.91848844217,9259.964614585158,7500.571337813978,10800.0,10800.0,6020.972938098798,10800.0,1.7053025658242404e-13
2025-09-20,67068.37342593007,67068.37342593007,42338.78676523147,42338.78676523147,0.0,29555.977048076635,19966.043980517567,10004.83507369757,8103.916409695026,10800.0,10800.0,5680.376030819776,10800.0,1.7053025658242404e-13
2025-09-21,70374.3830202025,70374.3830202025,44548.50948442599,44548.50948442599,0.0,8348.634910006076,156.50481302471252,18851.34638862303,15269.590574784655,10800.0,10800.0,2088.8389879939928,10800.0,1.1368683772161603e-13
2025-09-22,69619.28251118911,69619.28251118911,44574.81946500797,44574.81946500797,101.63236626311092,5207.473279505178,0.0,20523.272182177472,16623.850467563756,10800.0,10800.0,1200.0,10800.0,1.1368683772161603e-13
2025-09-23,70012.53979297695,70012.53979297695,51590.872577912494,51590.872577912494,1188.9470325075954,5167.490765808904,0.0,20617.791980748985,16700.411504406682,10800.0,10800.0,1200.0,10800.0,1.1368683772161603e-13
2025-09-24,69878.19869971786,69878.19869971786,50687.09012847996,50687.09012847996,1262.4146929847766,6292.844530130443,0.0,19918.651381958985,16134.107619386783,10800.0,10800.0,1200.0,10800.0,1.1368683772161603e-13
2025-09-25,70021.5717755328,70021.5717755328,46990.16146287304,46990.16146287304,534.9721343935657,6326.361025593729,0.17463141014875205,20497.680804855183,16603.121451932704,10800.0,10800.0,1200.0,10800.0,1.1368683772161603e-13
2025-09-26,65517.84080442335,65517.84080442335,41160.308044202815,41160.308044202815,0.0,28446.634532706237,17460.84898121,10084.809423721676,8168.69563321456,10800.0,10800.0,5567.386147987924,10800.0,1.5631940186722204e-13
2025-09-27,64083.062787108116,64083.062787108116,40269.14591698482,40269.14591698482,0.0,25407.583838830447,18838.315623736715,10715.058287057713,8679.19721251675,10800.0,10800.0,5241.495880201434,10800.0,1.1368683772161603e-13
2025-09-28,69042.37888914716,69042.37888914716,59085.015183746254,59085.015183746254,2601.2481896003383,4508.2736286576,0.0,19198.548860122344,15550.824576699104,10800.0,10800.0,1200.0,10800.0,1.1368683772161603e-13
2025-09-29,70354.20018123183,70354.20018123183,49458.71513803466,49458.71513803466,1018.4668403564635,4641.442925402661,0.0,20901.74997992439,16930.417483738758,10800.0,10800.0,1200.0,10800.0,1.1368683772161603e-13
2025-09-30,70311.37861353897,70311.37861353897,63451.09374674971,63451.09374674971,3182.449020377843,4249.282582861218,0.0,20117.738338889147,16295.368054500208,10800.0,10800.0,1200.0,10800.0,1.1368683772161603e-13
2025-10-01,71124.81481013022,71124.81481013022,44760.44054543329,44760.44054543329,0.0,12612.63557926131,5530.054094238164,17476.861069986404,14156.257466688989,10800.0,10800.0,2684.0053748143478,10800.0,2.2737367544323206e-13
2025-10-02,70932.19179611896,70932.19179611896,44659.38963197466,44659.38963197466,0.0,11736.876623777187,3988.5145666666667,18294.828889518132,14818.811400509685,10800.0,10800.0,1860.893110283556,10800.0,2.2737367544323206e-13
2025-10-03,64775.26105789706,64775.26105789706,40481.3052074106,40481.3052074106,0.0,30230.982901654068,24993.59622900792,9123.832774921426,7390.304547686355,10800.0,10800.0,6017.779797718175,10800.0,1.1368683772161603e-13
2025-10-04,64891.82395261453,64891.82395261453,40459.48924066928,40459.48924066928,0.0,29402.901681702526,20532.373285911875,9792.455535088457,7931.888983421651,10800.0,10800.0,5987.716820752613,10800.0,2.2737367544323206e-13
2025-10-05,69153.62623475798,69153.62623475798,43361.535040360686,43361.535040360686,0.0,8607.719541356153,2209.272818815167,18950.9095153684,15350.23670744841,10800.0,10800.0,1509.197326933651,10800.0,2.2737367544323206e-13
2025-10-06,67576.44818987051,67576.44818987051,42372.23813930564,42372.23813930564,0.0,5765.013336400036,262.3465367284241,20084.100351274006,16268.121284531946,10800.0,10800.0,1238.3856328929821,10800.0,1.1368683772161603e-13
2025-10-07,68147.97029113337,68147.97029113337,45599.65201057722,45599.65201057722,563.9157717491437,6643.950329329999,560.9415324327601,19660.16421641981,15924.733015300046,10800.0,10800.0,1200.0,10800.0,2.2737367544323206e-13
2025-10-08,67034.14926724254,67034.14926724254,46360.988351064996,46360.988351064996,827.263289988731,6865.909156575476,778.8227332724972,19674.65789850858,15936.472897791951,10800.0,10800.0,1200.0,10800.0,1.2612133559741778e-13
2025-10-09,68010.70965744888,68010.70965744888,43875.59543657309,43875.59543657309,242.9219195869758,6665.254801289737,2061.4648733102713,19825.948521592203,16059.018302489687,10800.0,10800.0,1200.0,10800.0,2.2737367544323206e-13
2025-10-10,62341.166930713865,62341.166930713865,38809.46127617272,38809.46127617272,0.0,26349.829362592624,24751.31780313734,9981.099201669647,8084.6903533524155,10800.0,10800.0,5719.943940719538,10800.0,1.1368683772161603e-13
2025-10-11,62041.994099933305,62041.994099933305,38511.80564928736,38511.80564928736,0.0,26278.82237687714,19629.740147119337,10669.042066334157,8641.924073730666,10800.0,10800.0,5358.458732891853,10800.0,1.1368683772161603e-13
2025-10-12,66735.2145151762,66735.2145151762,43472.72981147833,43472.72981147833,340.19212498156884,4706.866075783046,0.0,20282.024110744213,16428.439529702817,10800.0,10800.0,1200.0,10800.0,1.1368683772161603e-13
2025-10-13,65667.9080923869,65667.9080923869,44317.289318380375,44317.289318380375,653.2521705716399,4648.580318805278,703.3104128397697,20746.706480597328,16804.832249283834,10800.0,10800.0,1200.0,10800.0,1.1368683772161603e-13
2025-10-14,61806.641106790645,61806.641106790645,55362.32592979582,55362.32592979582,3029.741371927902,195.15418369186386,0.0,20915.112706228036,17047.713694534687,10800.0,10681.697330566702,1200.0,10800.0,2.2737367544323206e-13
2025-10-15,61918.87175792722,61918.87175792722,62634.70515657376,62634.70515657376,3933.100562805911,217.31213750573477,0.0,18990.33753019699,15275.700996969594,10681.697330566702,10800.0,1200.0,10800.0,1.1368683772161603e-13
2025-10-16,61510.98532424435,61510.98532424435,71799.67338659355,71799.67338659355,5509.639645018507,252.7535785011571,0.0,20007.360214535318,16205.961773773615,10800.0,10800.0,1200.0,10800.0,1.1368683772161603e-13
2025-10-17,57693.365896445255,57693.365896445255,35002.20815323195,35002.20815323195,0.0,20955.158309155355,18643.647247166446,11001.900123456791,8911.5391,10800.0,10800.0,4720.946981481482,10800.0,2.2737367544323206e-13
2025-10-18,57098.11755960438,57098.11755960438,34616.86683285149,34616.86683285149,0.0,20069.45388572262,18894.480044252137,10829.422962962964,8771.8326,10800.0,10800.0,4866.697462962965,10800.0,1.1368683772161603e-13
2025-10-19,61296.276174535546,61296.276174535546,76550.86374567071,76550.86374567071,6139.129026012438,20.526672499424762,0.0,19302.932953336804,15773.776958621569,10800.0,10646.22081509027,1200.0,10800.0,1.1368683772161603e-13
2025-10-20,61268.63242696739,61268.63242696739,77292.69787851322,77292.69787851322,6514.139546963819,0.0,0.0,18113.4000240369,14771.410416772356,10646.22081509027,10535.60259586531,1200.0,10646.22081509027,0.0
2025-10-21,62582.9269748998,62582.9269748998,82388.98967038441,82388.98967038441,7086.942063239035,7.48607856595288,0.0,17151.540002144164,13951.738392571278,10535.60259586531,10470.057050493639,1200.0,10541.882117239218,1.1368683772161603e-13
2025-10-22,62771.42735891073,62771.42735891073,76853.40836465853,76853.40836465853,6452.560643744506,2.755181159113249,0.0,18947.546964153815,15281.210842657689,10470.057050493639,10543.726159723536,1200.0,10543.726159723536,1.1368683772161603e-13
2025-10-23,63362.83226193258,63362.83226193258,64476.07754378602,64476.07754378602,4237.356655411826,204.75774677775132,0.0,20241.68426507835,16225.750127845035,10543.726159723536,10732.630745132908,1200.0,10732.630745132908,1.1368683772161603e-13
2025-10-24,58356.51843930037,58356.51843930037,35210.16363092029,35210.16363092029,0.0,20360.083734292704,17297.998226358024,11672.38648738207,9394.000725399093,10732.630745132908,10800.0,4675.551962962963,10800.0,5.684341886080802e-14
2025-10-25,57201.55285777834,57201.55285777834,34484.91228696019,34484.91228696019,0.0,19430.623996291597,16175.87808749821,11561.147582395835,9364.529541740632,10800.0,10800.0,4686.9371851851865,10800.0,2.2737367544323206e-13
2025-10-26,60593.0102703089,60593.0102703089,80468.42913849802,80468.42913849802,6953.867773241758,0.0,0.0,17779.28048260992,14776.71445572593,10800.0,10382.780816875671,1200.0,10800.0,0.0
2025-10-27,62882.04420427404,62882.04420427404,70566.57914335058,70566.57914335058,5142.690802623819,487.0606245481239,0.0,20955.6638073722,16970.57109168913,10382.780816875671,10386.68814163384,1200.0,10444.493462256447,2.2737367544323206e-13
2025-10-28,61981.01100265118,61981.01100265118,84886.34560897987,84886.34560897987,7628.171733178815,0.0,0.0,18770.830245343044,15134.069209513043,10386.68814163384,10464.802907428093,1200.0,10464.802907428093,0.0
2025-10-29,61112.36660586398,61112.36660586398,106685.8486813617,106685.8486813617,11178.627161734366,0.0,0.0,16042.597177486648,13063.860209888302,10464.802907428093,10387.74013395685,1200.0,10464.802907428093,0.0
2025-10-30,69193.92939270915,69193.92939270915,48495.9460002271,48495.9460002271,928.8008885435837,262.8929780581593,618.7406842326608,22448.44837747956,17995.169408517642,10387.74013395685,10596.71099755774,1200.0,10800.0,9.947598300641403e-14
2025-10-31,64033.45051268278,64033.45051268278,38723.55955779476,38723.55955779476,0.0,23862.442616423916,13984.90223853187,11046.597309801586,8764.783718741255,10596.71099755774,10800.0,4771.47077777778,10800.0,2.2737367544323206e-13
2025-11-01,63631.40387902596,63631.40387902596,38455.705909313925,38455.705909313925,0.0,23796.387797436473,15295.199414171813,10504.095968864913,8508.31773478058,10800.0,10800.0,4969.6120925925925,10800.0,2.2737367544323206e-13
2025-11-02,68304.56976701414,68304.56976701414,67187.5773164159,67187.5773164159,4171.456999575197,33.42635520070576,0.0,20418.439466017437,16772.222987962145,10800.0,10540.79219945776,1200.0,10800.0,0.0
2025-11-03,69725.77787333008,69725.77787333008,65264.2782424974,65264.2782424974,3537.008081912921,34.33145337154576,0.0,20211.82682014025,16488.30260160212,10540.79219945776,10411.100113581624,1200.0,10540.79219945776,1.1368683772161603e-13
2025-11-04,70195.63453949071,70195.63453949071,55720.48000935312,55720.48000935312,2046.391832025182,337.37273389452355,0.0,22302.25113920401,17977.669534915964,10411.100113581624,10507.93776673638,1200.0,10507.93776673638,1.1368683772161603e-13
2025-11-05,69237.9248379049,69237.9248379049,68724.91069641428,68724.91069641428,4299.180770636359,0.06911106168831793,0.0,20763.956918951186,16904.940488138276,10507.93776673638,10412.23178474992,1200.0,10507.93776673638,0.0
2025-11-06,69569.53299507021,69569.53299507021,75880.4547401768,75880.4547401768,5715.543750720385,121.11971911815363,0.0,20039.604315199605,16245.23183852716,10412.23178474992,10397.618070066048,1200.0,10412.23178474992,0.0
2025-11-07,64842.39975154451,64842.39975154451,39090.08619926425,39090.08619926425,0.0,23991.04656162912,14933.350090778491,11775.776730857993,9176.235415054418,10397.618070066048,10800.0,4602.810986458917,10800.0,2.2737367544323206e-13
2025-11-08,63908.21485868112,63908.21485868112,38587.9293967733,38587.9293967733,0.0,23586.45345241802,14491.558299778231,10731.557928867795,8692.561922382918,10800.0,10800.0,4704.219308097683,10800.0,1.1368683772161603e-13
2025-11-09,68023.89918209844,68023.89918209844,82861.51546729638,82861.51546729638,6658.038577835266,30.25802810008895,0.0,19520.551646327825,16215.689097827537,10800.0,10351.064150775557,1200.0,10800.0,0.0
2025-11-10,69930.92449125127,69930.92449125127,90024.74688779078,90024.74688779078,7663.3880045763535,0.0,0.0,19583.050106608367,15847.180710780747,10351.064150775557,10367.830679188924,1200.0,10367.830679188924,0.0
2025-11-11,70144.8646968278,70144.8646968278,74939.81172906919,74939.81172906919,5292.995128349887,0.0,0.0,21142.00148600939,17263.16132749836,10367.830679188924,10214.34165271032,1200.0,10367.830679188924,0.0
2025-11-12,70563.27863335941,70563.27863335941,71335.16585586102,71335.16585586102,4716.809873483326,7.579391545469662,0.0,22113.362836397835,17796.841471100557,10214.34165271032,10342.099904245528,1200.0,10342.099904245528,0.0
2025-11-13,71023.54245518848,71023.54245518848,78752.40305451021,78752.40305451021,5479.691961414369,119.44384138153646,0.0,20699.71351737756,16711.794258822905,10342.099904245528,10403.181782304327,1200.0,10403.181782304327,0.0
2025-11-14,65970.29648179005,65970.29648179005,39833.72311967,39833.72311967,0.0,23944.152760855897,11943.450567367803,11195.270829685558,8711.0329761192,10403.181782304327,10800.0,4486.970068290409,10800.0,1.1368683772161603e-13
2025-11-15,65254.27446268522,65254.27446268522,39442.378854812385,39442.378854812385,0.0,23591.344971296094,11328.557077279534,11170.976302331173,9048.490804888252,10800.0,10800.0,4376.588693097941,10800.0,2.2737367544323206e-13
2025-11-16,70106.16923785413,70106.16923785413,88633.1491012034,88633.1491012034,7561.45612065611,0.0,0.0,20130.318449425784,16897.23747424888,10800.0,10142.578299762234,1200.0,10800.0,0.0
2025-11-17,71248.9243228157,71248.9243228157,77156.20493066964,77156.20493066964,5631.700154964283,0.0,0.0,21586.78919167335,17401.919047226696,10142.578299762234,10235.222964238585,1200.0,10235.222964238585,0.0
2025-11-18,77641.51479254232,77641.51479254232,61270.418309967805,61270.418309967805,1966.916274408136,107.78468504183161,0.0,22764.810656235924,18154.716107660635,10235.222964238585,10551.645768561328,1200.0,10562.649674226717,0.0
2025-11-19,77779.32731206209,77779.32731206209,60919.32974476459,60919.32974476459,2143.025503805277,177.24377880310965,0.0,23218.935461188474,18842.1380241242,10551.645768561328,10512.978767937406,1200.0,10551.645768561328,1.1368683772161603e-13
2025-11-20,78359.83121912854,78359.83121912854,58008.48088256249,58008.48088256249,1398.5509136044227,464.0225609493858,0.0,23154.155767810502,18652.872229360262,10512.978767937406,10626.305370788785,1200.0,10800.0,1.1368683772161603e-13
2025-11-21,73596.54037035,73596.54037035,45079.19610963309,45079.19610963309,0.0,29957.393796452852,12655.75737850381,10329.89453913991,8210.889410413234,10626.305370788785,10800.0,4912.8033703703695,10800.0,1.1368683772161603e-13
2025-11-22,72048.8701620254,72048.8701620254,44000.06621570502,44000.06621570502,0.0,28479.158297359794,11281.549500468074,10885.962530864195,8817.629649999999,10800.0,10800.0,4740.909222222222,10800.0,2.2737367544323206e-13
2025-11-23,77947.90539068053,77947.90539068053,58799.60040522581,58799.60040522581,1867.8442882363272,343.9581260253583,0.0,23412.33442310879,19172.639153550605,10800.0,10568.168587963912,1200.0,10800.0,1.1368683772161603e-13
2025-11-24,78631.00931391407,78631.00931391407,55963.05468936607,55963.05468936607,1059.1392327382937,1199.1683996933534,183.90513333333342,22646.82183634574,18501.69052272006,10568.168587963912,10392.874326541667,1200.0,10800.0,1.1368683772161603e-13
2025-11-25,79208.85746747356,79208.85746747356,59354.607625689794,59354.607625689794,1529.7191096406877,43.91581299420807,0.0,23309.30810582346,18783.30780837009,10392.874326541667,10500.909612482685,1200.0,10500.909612482685,2.2737367544323206e-13
2025-11-26,79551.7993566288,79551.7993566288,61375.797025911175,61375.797025911175,1743.9800405135484,91.95301373191899,0.0,23143.238905408172,18697.07940533106,10500.909612482685,10555.291954759978,1200.0,10730.383841367096,1.1368683772161603e-13
2025-11-27,79524.25849299568,79524.25849299568,60356.969140354646,60356.969140354646,1601.1843922718886,975.6628930535168,65.52607566434062,22493.86252733721,18190.501344120836,10555.291954759978,10588.1000692292,1200.0,10800.0,1.1368683772161603e-13
2025-11-28,74181.49949942963,74181.49949942963,45464.01173690401,45464.01173690401,0.0,30027.013749888858,10968.85667325103,10914.108361031693,8649.71783474195,10588.1000692292,10800.0,4591.673074074072,10800.0,1.1368683772161603e-13
2025-11-29,73787.59260746461,73787.59260746461,45229.52896762678,45229.52896762678,0.0,29602.046249504816,7267.596713991766,10465.787073515949,8477.287529547917,10800.0,10800.0,4735.510348277219,10800.0,2.2737367544323206e-13
2025-11-30,79202.23332227767,79202.23332227767,80451.37735992899,80451.37735992899,4756.187647610398,31.98679796319334,0.0,21386.303409246248,17704.69735398804,10800.0,10375.787119446028,1200.0,10800.0,0.0
2025-12-01,79615.71236890176,79615.71236890176,110619.77454426381,110619.77454426381,10630.087927539334,0.0,0.0,21655.788295637074,17708.91573252929,10375.787119446028,10189.423549375735,1200.0,10375.787119446028,0.0
2025-12-02,82080.26773668229,82080.26773668229,113819.42151928661,113819.42151928661,10912.871206627751,0.0,0.0,21695.765003440727,17340.43601013068,10189.423549375735,10448.46093010496,1200.0,10448.46093010496,2.2737367544323206e-13
2025-12-03,81611.5322141018,81611.5322141018,106421.57652376879,106421.57652376879,9449.258493402975,0.0,0.0,21307.659689651504,17409.61754881339,10448.46093010496,10281.335152109768,1200.0,10448.46093010496,0.0
2025-12-04,82438.61275243218,82438.61275243218,101565.743874729,101565.743874729,8858.107087343416,138.48426536461488,0.0,22746.07429291102,18359.04746850005,10281.335152109768,10353.860384062973,1200.0,10353.860384062973,2.2737367544323206e-13
2025-12-05,77679.3761416543,77679.3761416543,47945.75754044911,47945.75754044911,0.0,28525.911566744864,5225.538533333333,11656.698441576116,9040.400083333334,10353.860384062973,10800.0,4698.678992593413,10800.0,2.2737367544323206e-13
2025-12-06,77477.32131266396,77477.32131266396,47905.763695231995,47905.763695231995,0.0,27230.75544284013,4422.136133333333,11367.362735914901,9207.563816091066,10800.0,10800.0,4640.671010848815,10800.0,1.7053025658242404e-13
2025-12-07,82293.33243421461,82293.33243421461,104102.61855474339,104102.61855474339,8921.660656608768,0.0,0.0,21670.753274870058,18108.44143404667,10800.0,10183.187465108971,1200.0,10800.0,0.0
2025-12-08,85957.373967744,85957.373967744,92873.70270894561,92873.70270894561,6734.249067043553,9.040189881454694,0.0,23644.63393370594,18809.262205466497,10183.187465108971,10564.17777714821,1200.0,10564.17777714821,1.1368683772161603e-13
2025-12-09,89876.50104539841,89876.50104539841,72894.55921020391,72894.55921020391,2818.1685269085956,414.2656104807187,0.0,25184.161490979837,20292.211795820207,10564.17777714821,10683.021123674282,1200.0,10683.021123674282,2.2737367544323206e-13
2025-12-10,86789.13853868337,86789.13853868337,87632.94478385265,87632.94478385265,5714.350540501578,2.2611390468716763,0.0,23180.92984638612,19067.320372914703,10683.021123674282,10359.94645996101,1200.0,10683.021123674282,0.0
2025-12-11,88040.27729466578,88040.27729466578,72496.14979772789,72496.14979772789,3195.5198239402143,415.0339310296441,0.0,24691.873433081444,19832.364945505098,10359.94645996101,10546.671499173086,1200.0,10589.426282976252,1.1368683772161603e-13
2025-12-12,81405.23547808548,81405.23547808548,50522.9153313358,50522.9153313358,0.0,31872.94964711482,3436.7505,11332.243141542674,8951.12129390535,10546.671499173086,10800.0,4717.122203703706,10800.0,1.1368683772161603e-13
2025-12-13,82900.12102989995,82900.12102989995,51698.83427355608,51698.83427355608,0.0,33462.0889880339,3554.6652897119475,10972.807204319877,8887.973835499099,10800.0,10800.0,4765.618870370371,10800.0,1.1368683772161603e-13
2025-12-14,87949.35847614086,87949.35847614086,83844.9477108662,83844.9477108662,5019.063493107803,3.1480179415079874,0.0,23651.987791931817,19465.435640624673,10800.0,10458.527189822335,1200.0,10800.0,0.0
2025-12-15,89710.58986650329,89710.58986650329,81305.26675191105,81305.26675191105,4343.253775344029,0.0,0.0,23911.449896633778,19327.16422145313,10458.527189822335,10504.20518406703,1200.0,10504.20518406703,0.0
2025-12-16,90407.9294508502,90407.9294508502,78383.33685499229,78383.33685499229,3805.1346627108596,200.99502932074847,0.0,24358.573676348075,19764.595925441077,10504.20518406703,10466.259353401314,1200.0,10504.20518406703,2.2737367544323206e-13
2025-12-17,96453.02355668889,96453.02355668889,61638.371859901345,61638.371859901345,0.0,3328.9639861377964,0.0,24579.630516415615,19647.418012531183,10466.259353401314,10757.462359807387,1210.4369104140512,10800.0,2.2737367544323206e-13
2025-12-18,96676.41780218807,96676.41780218807,61915.112293758924,61915.112293758924,0.0,4582.006427943876,0.0,24955.235714827366,20227.091307249844,10757.462359807387,10742.628606207752,1214.3855148116402,10800.0,2.2737367544323206e-13
2025-12-19,89744.8900356837,89744.8900356837,56459.35400687509,56459.35400687509,0.0,40448.87175372898,4440.188720095217,9977.915828665784,8030.477566806267,10742.628606207752,10800.0,4590.6057407407425,10800.0,2.2737367544323206e-13
2025-12-20,89500.3936047403,89500.3936047403,56254.40828611881,56254.40828611881,0.0,39863.044819586066,4816.501801417246,10339.445967036876,8374.951233299871,10800.0,10800.0,4736.611222222224,10800.0,2.2737367544323206e-13
2025-12-21,94716.85099022194,94716.85099022194,63120.30571192157,63120.30571192157,382.22676703367927,1433.232659683732,0.0,24783.718435235332,20155.655204330105,10800.0,10710.174142456119,1200.0,10800.0,1.1368683772161603e-13
2025-12-22,95347.7464939063,95347.7464939063,64207.14873120132,64207.14873120132,509.66351784764225,2148.6183188294617,0.0,25101.258171724356,20329.8935621332,10710.174142456119,10712.535872415605,1200.0,10800.0,2.2737367544323206e-13
2025-12-23,95792.87640561195,95792.87640561195,64019.38502263963,64019.38502263963,410.8776761530545,4378.566900234492,0.0,24429.346310794055,19862.251662596864,10712.535872415605,10629.779038133742,1200.0,10800.0,2.2737367544323206e-13
2025-12-24,96021.51660468071,96021.51660468071,62418.87893858282,62418.87893858282,152.81007331881693,3572.541119514791,0.0,24846.276141837694,20099.049900019614,10629.779038133742,10659.149899099208,1200.0,10800.0,2.2737367544323206e-13
2025-12-25,96068.08394897447,96068.08394897447,63402.21762528874,63402.21762528874,282.3093488701122,3885.901172919845,0.0,24064.445230468104,19412.401638876698,10659.149899099208,10747.815452213054,1200.0,10800.0,2.2737367544323206e-13
2025-12-26,91343.38287514623,91343.38287514623,57675.71484861269,57675.71484861269,0.0,41945.64346818498,4451.47541078223,9956.186683354972,8017.545120509281,10747.815452213054,10800.0,4880.661092592595,10800.0,3.410605131648481e-13
2025-12-27,90892.94158393523,90892.94158393523,57295.203075386,57295.203075386,0.0,41481.55725859458,4226.200883333333,9717.759870213946,7871.385494873301,10800.0,10800.0,4713.429814814815,10800.0,2.2737367544323206e-13
2025-12-28,95998.59671956336,95998.59671956336,63952.046741860744,63952.046741860744,386.9583821630458,5116.043164338166,0.0,23627.218548696666,19166.961361308422,10800.0,10767.872959039867,1200.0,10800.0,2.2737367544323206e-13
2025-12-29,96242.19238057168,96242.19238057168,63481.35096065952,63481.35096065952,295.17326156181855,4706.531509997151,0.0,23329.07724129445,19022.009375824764,10767.872959039867,10628.476503066247,1200.0,10800.0,2.5579538487363607e-13
2025-12-30,100389.75822644928,100389.75822644928,65784.77931051693,65784.77931051693,195.37082927985546,9959.425724326764,0.0,22712.590486451296,18311.289755048914,10628.476503066247,10723.930435262508,1200.0,10800.0,2.2737367544323206e-13
2025-12-31,99163.90032959671,99163.90032959671,65669.59156400336,65669.59156400336,320.59361012600016,6449.461401179048,0.0,23638.699176509774,19250.08957129944,10723.930435262508,10609.771281566384,1200.0,10800.0,2.2737367544323206e-13
